id,source,name,brand,barcode,calories_per_100g,protein_per_100g,carbs_per_100g,fat_per_100g,fiber_per_100g,sugar_per_100g,sodium_mg_per_100g,serving_units_json,attribution
e355f9cc-2306-4d52-82c3-18fdd56ff4fc,ifct,"Amaranth seed, black (Ramdana, Keerai vidai, Thotakoora ginjalu.)",,,356,14.59,67,5.74,7.02,0.88,2.7,"[{""unit"":""serving"",""grams"":100,""description"":""100g""},{""unit"":""g"",""grams"":1}]","ICMR-NIN IFCT 2017"
de3d89e2-0f4b-444a-81f4-318c0c1a69ad,ifct,"Amaranth seed, pale brown (Ramdana, Keerai vidai, Thotakoora ginjalu.)",,,356,13.27,68.93,5.56,7.47,0.8,2.8,"[{""unit"":""serving"",""grams"":100,""description"":""100g""},{""unit"":""g"",""grams"":1}]","ICMR-NIN IFCT 2017"
e1e24b46-41c8-494b-8dac-efa87f2de4e1,ifct,"Bajra (Pearl millet, Kambu, Sajjalu)",,,348,10.96,73.27,5.43,11.49,0.81,4.1,"[{""unit"":""serving"",""grams"":100,""description"":""100g""},{""unit"":""g"",""grams"":1}]","ICMR-NIN IFCT 2017"
e0106bba-512f-41c2-94ae-c69c2b44e3a9,ifct,"Barley (Jau, Baarli Arisi, Sath)",,,316,10.94,76.93,1.3,15.64,0.06,7.6,"[{""unit"":""serving"",""grams"":100,""description"":""100g""},{""unit"":""g"",""grams"":1}]","ICMR-NIN IFCT 2017"
13c2771e-a511-4be4-9edf-8989872592d7,ifct,"Jowar (Sorghum, Cholam, Jonna)",,,334,9.97,77.9,1.73,10.22,1.27,5.4,"[{""unit"":""serving"",""grams"":100,""description"":""100g""},{""unit"":""g"",""grams"":1}]","ICMR-NIN IFCT 2017"
6ba9c528-98ff-493e-b279-206c738b4b41,ifct,"Maize, dry (Makka, Corn, Bhutta)",,,334,8.8,77.01,3.77,12.24,1.66,4.4,"[{""unit"":""serving"",""grams"":100,""description"":""100g""},{""unit"":""g"",""grams"":1}]","ICMR-NIN IFCT 2017"
a3d50b5a-c3ba-4f52-a180-62adb4f12f57,ifct,"Maize, tender, local (Makka, Corn, Bhutta)",,,120,3.57,26.36,1.4,3.67,1.47,2.2,"[{""unit"":""serving"",""grams"":100,""description"":""100g""},{""unit"":""g"",""grams"":1}]","ICMR-NIN IFCT 2017"
72aa6305-e3b4-468f-bfeb-1f78fbf71945,ifct,"Maize, tender, sweet (Makka, Corn, Bhutta)",,,97,4.16,19.72,1.35,3.3,4.67,2.2,"[{""unit"":""serving"",""grams"":100,""description"":""100g""},{""unit"":""g"",""grams"":1}]","ICMR-NIN IFCT 2017"
96e0771c-ff52-456c-92f9-f565d1237755,ifct,"Quinoa",,,328,13.11,68.31,5.5,14.66,1.41,4.5,"[{""unit"":""serving"",""grams"":100,""description"":""100g""},{""unit"":""g"",""grams"":1}]","ICMR-NIN IFCT 2017"
03f61343-507c-4bb1-8f9b-3b2081c6f48e,ifct,"Ragi (Finger millet, Kelvaragu, Bhakri)",,,321,7.16,78,1.92,11.18,0.34,4.8,"[{""unit"":""serving"",""grams"":100,""description"":""100g""},{""unit"":""g"",""grams"":1}]","ICMR-NIN IFCT 2017"
be785359-ef6f-4f24-8268-a798f24278dd,ifct,"Rice flakes (Poha, Flattened rice, Beaten rice)",,,354,7.44,80.21,1.14,3.46,0.34,2.6,"[{""unit"":""1 serving raw poha"",""grams"":40,""description"":""1 1 serving raw poha (~40g)""},{""unit"":""g"",""grams"":1}]","ICMR-NIN IFCT 2017"
0d7abcbc-f228-479e-a661-f00e5f6ab555,ifct,"Rice puffed (Muramure, Muri, Pori)",,,362,7.47,80.24,1.62,2.56,0.64,3.7,"[{""unit"":""serving"",""grams"":100,""description"":""100g""},{""unit"":""g"",""grams"":1}]","ICMR-NIN IFCT 2017"
5bb99a85-c0f6-497e-af42-d494b05d7d47,ifct,"Rice, raw, brown (Chawal, Whole grain rice, Arisi)",,,354,9.16,79.23,1.24,4.43,0.69,3.6,"[{""unit"":""serving"",""grams"":100,""description"":""100g""},{""unit"":""g"",""grams"":1}]","ICMR-NIN IFCT 2017"
4577adc6-0e5a-43a7-8b7b-954f0dd91ea0,ifct,"Rice, parboiled, milled (Usna chawal, Converted rice, Siddha chowl)",,,352,7.81,80.9,0.55,3.74,0.67,3.2,"[{""unit"":""serving"",""grams"":100,""description"":""100g""},{""unit"":""g"",""grams"":1}]","ICMR-NIN IFCT 2017"
8cfb438f-ccf3-4501-bf33-59eb9f252362,ifct,"Rice, raw, milled (Chawal, Chowl, Arisi)",,,356,7.94,81.05,0.52,2.81,0.69,2.3,"[{""unit"":""1/3 cup raw (about 1 serving cooked)"",""grams"":60,""description"":""1/3 cup raw (about 1 serving cooked)""},{""unit"":""g"",""grams"":1}]","ICMR-NIN IFCT 2017"
5ee6e2cc-acae-421d-ad7d-f3fd277ba038,ifct,"Samai (Shavan, Little millet, Sama.)",,,346,10.13,73.27,3.89,7.72,0.37,4.8,"[{""unit"":""serving"",""grams"":100,""description"":""100g""},{""unit"":""g"",""grams"":1}]","ICMR-NIN IFCT 2017"
fc3ff5e0-a076-43d6-a20b-b360b6cb1be1,ifct,"Varagu (Kodo millet, Syama dhan, Thinai)",,,332,8.92,72.58,2.55,6.39,1.29,3.4,"[{""unit"":""serving"",""grams"":100,""description"":""100g""},{""unit"":""g"",""grams"":1}]","ICMR-NIN IFCT 2017"
e70eaff2-8cb9-4de2-b796-aecd409c2cc2,ifct,"Wheat flour, refined (Maida, Maida mavu, Maida pindi)",,,352,10.36,77.03,0.76,2.76,1.79,1.5,"[{""unit"":""serving"",""grams"":100,""description"":""100g""},{""unit"":""g"",""grams"":1}]","ICMR-NIN IFCT 2017"
b0d5d265-39fe-40ce-b6bf-8a2af4f88357,ifct,"Wheat flour, atta (Ata, Mulu Godumai maavu, Sampurna godhuma pindi.)",,,320,10.57,75.53,1.53,11.36,1.8,2,"[{""unit"":""1 roti worth of atta"",""grams"":30,""description"":""1 1 roti worth of atta (~30g)""},{""unit"":""g"",""grams"":1}]","ICMR-NIN IFCT 2017"
24ceac56-d270-4641-ad8a-894440535388,ifct,"Wheat, whole (Gehun, Gom, Godumai)",,,322,10.59,75.95,1.47,11.23,1.77,2.5,"[{""unit"":""serving"",""grams"":100,""description"":""100g""},{""unit"":""g"",""grams"":1}]","ICMR-NIN IFCT 2017"
721b5ab7-526f-4b8a-86b5-bb0a445fd8d5,ifct,"Wheat, bulgur (Dalia, Burghul, Groats)",,,342,10.84,77.87,1.45,8.81,1.2,2.1,"[{""unit"":""serving"",""grams"":100,""description"":""100g""},{""unit"":""g"",""grams"":1}]","ICMR-NIN IFCT 2017"
63ee8a7f-cc04-4a88-a748-26aaaa6c43fa,ifct,"Wheat, semolina (Gehun suji, Durum wheat, Pasta wheat)",,,334,11.38,78.15,0.74,9.72,1.65,2.3,"[{""unit"":""serving"",""grams"":100,""description"":""100g""},{""unit"":""g"",""grams"":1}]","ICMR-NIN IFCT 2017"
0777ed54-0d87-4595-9996-7497db994928,ifct,"Wheat, vermicelli (Siwain, Very thin pasta, Semai)",,,333,9.7,79.67,0.45,9.28,1.68,2.7,"[{""unit"":""serving"",""grams"":100,""description"":""100g""},{""unit"":""g"",""grams"":1}]","ICMR-NIN IFCT 2017"
d610920e-c440-405e-a8b6-2b3ae9bc1bce,ifct,"Wheat, vermicelli, roasted (Siwain, Very thin pasta, Semai)",,,340,10.37,80.97,0.49,9.55,2.14,3.4,"[{""unit"":""serving"",""grams"":100,""description"":""100g""},{""unit"":""g"",""grams"":1}]","ICMR-NIN IFCT 2017"
01f615b0-8906-405e-98cf-29d607f41802,ifct,"Bengal gram, dal (Chan-ki-dal, Split Bengal gram, Chickpea)",,,329,21.55,61.87,5.31,15.15,1.03,20.8,"[{""unit"":""serving"",""grams"":100,""description"":""100g""},{""unit"":""g"",""grams"":1}]","ICMR-NIN IFCT 2017"
3faef2cf-6fe6-468a-ab9f-9e5ef2f97928,ifct,"Bengal gram, whole (Chana, Kala chana, Chickpea)",,,287,18.77,64.78,5.11,25.22,0.99,26.6,"[{""unit"":""serving"",""grams"":100,""description"":""100g""},{""unit"":""g"",""grams"":1}]","ICMR-NIN IFCT 2017"
b9cdadbe-4ed7-4530-bd29-2a6133c4ab3f,ifct,"Black gram, dal (Urad dal, Urad bean, Mungo bean)",,,324,23.06,62.93,1.69,11.93,0.84,18.9,"[{""unit"":""serving"",""grams"":100,""description"":""100g""},{""unit"":""g"",""grams"":1}]","ICMR-NIN IFCT 2017"
4e59352d-d3f6-432c-981c-d7777fa3921c,ifct,"Black gram, whole (Chhilke wali urad dal, Urad bean, Mungo bean)",,,291,21.97,64.4,1.58,20.41,0.45,26.8,"[{""unit"":""serving"",""grams"":100,""description"":""100g""},{""unit"":""g"",""grams"":1}]","ICMR-NIN IFCT 2017"
956f2016-b445-458b-8c85-3d722395f964,ifct,"Cowpea, brown (Lobia, Black eyed peas, Lobia peas)",,,320,20.36,66.16,1.15,11.54,1.6,13.7,"[{""unit"":""serving"",""grams"":100,""description"":""100g""},{""unit"":""g"",""grams"":1}]","ICMR-NIN IFCT 2017"
486c81c5-f380-4064-83f7-2653078a8428,ifct,"Cowpea, white (Lobia, Black eyed peas, Lobia peas)",,,320,21.25,65.47,1.14,11.7,1.18,12.5,"[{""unit"":""serving"",""grams"":100,""description"":""100g""},{""unit"":""g"",""grams"":1}]","ICMR-NIN IFCT 2017"
cbb2580c-0c79-4dc5-a019-3f551f13c65a,ifct,"Field bean, black (Sem, Common bean, Fieldbean)",,,276,19.93,66.86,0.92,23.4,1.15,1.4,"[{""unit"":""serving"",""grams"":100,""description"":""100g""},{""unit"":""g"",""grams"":1}]","ICMR-NIN IFCT 2017"
5a064019-eb0e-492b-80de-eaef7954e83b,ifct,"Field bean, brown (Sem, Common bean, Fieldbean)",,,283,19.9,67.64,0.98,22.4,1.17,1.4,"[{""unit"":""serving"",""grams"":100,""description"":""100g""},{""unit"":""g"",""grams"":1}]","ICMR-NIN IFCT 2017"
e378562a-34a6-4492-894d-ade2789666a7,ifct,"Field bean, white (Sem, Common bean, Fieldbean)",,,280,19.84,67.52,0.94,22.99,1.07,1.7,"[{""unit"":""serving"",""grams"":100,""description"":""100g""},{""unit"":""g"",""grams"":1}]","ICMR-NIN IFCT 2017"
30fc1ad2-74e0-4fca-818c-57e1a777dc48,ifct,"Green gram, dal (Mug dal, Mung bean, Maash)",,,326,23.88,61.96,1.35,9.37,0.95,10.1,"[{""unit"":""serving"",""grams"":100,""description"":""100g""},{""unit"":""g"",""grams"":1}]","ICMR-NIN IFCT 2017"
8009fe75-46eb-4dd9-912b-4b862727504d,ifct,"Green gram, whole (Mung, Mung bean, Maash)",,,294,22.53,63.17,1.14,17.04,0.54,12.5,"[{""unit"":""serving"",""grams"":100,""description"":""100g""},{""unit"":""g"",""grams"":1}]","ICMR-NIN IFCT 2017"
1523e150-b6c6-460d-8969-2024d5934c2c,ifct,"Horse gram, whole (Kulthi, Kulthi bean, Hurali)",,,330,21.73,65.12,0.62,7.88,0.35,12.1,"[{""unit"":""serving"",""grams"":100,""description"":""100g""},{""unit"":""g"",""grams"":1}]","ICMR-NIN IFCT 2017"
abd4fa2e-4ffa-4718-8d9a-e0f88f44cc1f,ifct,"Lentil dal (Masoor dal, Mosur dal, Khesari paruppu)",,,322,24.35,62.96,0.75,10.43,1.95,10.3,"[{""unit"":""serving"",""grams"":100,""description"":""100g""},{""unit"":""g"",""grams"":1}]","ICMR-NIN IFCT 2017"
a3712026-2070-4f87-a7da-ca43e07f5315,ifct,"Lentil whole, brown (Masur dal, Mosur, Mysore paruppu)",,,299,22.49,65.29,0.64,16.82,1.63,11.2,"[{""unit"":""serving"",""grams"":100,""description"":""100g""},{""unit"":""g"",""grams"":1}]","ICMR-NIN IFCT 2017"
a843bc04-3043-4e6c-a86f-eee72e254918,ifct,"Lentil whole, yellowish (Masur dal, Mosur, Mysore paruppu)",,,298,22.87,64.57,0.61,16.66,1.5,10.9,"[{""unit"":""serving"",""grams"":100,""description"":""100g""},{""unit"":""g"",""grams"":1}]","ICMR-NIN IFCT 2017"
e74cd4b1-78c4-457d-8c1d-3724298ed36b,ifct,"Moth bean (Motha, Mat bean, Turkish gram)",,,309,19.75,67.21,1.76,15.12,1.36,26.3,"[{""unit"":""serving"",""grams"":100,""description"":""100g""},{""unit"":""g"",""grams"":1}]","ICMR-NIN IFCT 2017"
1eeaa10c-8de7-4e62-b684-bf013606076d,ifct,"Peas, dry (Sukhi Matar, Matar, Pattani)",,,303,20.43,65.94,1.89,17.01,2.03,23.4,"[{""unit"":""serving"",""grams"":100,""description"":""100g""},{""unit"":""g"",""grams"":1}]","ICMR-NIN IFCT 2017"
a9fb4629-5301-4eb4-805d-8c93d74100ba,ifct,"Rajmah, black (Razma, Barbati beej, Karamani Payir)",,,298,19.01,67.33,1.62,17.74,2.02,9.4,"[{""unit"":""serving"",""grams"":100,""description"":""100g""},{""unit"":""g"",""grams"":1}]","ICMR-NIN IFCT 2017"
8f6d928d-abfd-4f55-b60f-fdfc3dfd3a19,ifct,"Rajmah, brown (Razma, Barbati beej, Karamani Payir)",,,298,19.5,65.78,1.68,16.95,2.27,10.5,"[{""unit"":""serving"",""grams"":100,""description"":""100g""},{""unit"":""g"",""grams"":1}]","ICMR-NIN IFCT 2017"
30316be1-dc5e-4923-8ff8-8c760a5ab013,ifct,"Rajmah, red (Razma, Barbati beej, Karamani Payir)",,,299,19.91,65.18,1.77,16.57,1.52,10.4,"[{""unit"":""serving"",""grams"":100,""description"":""100g""},{""unit"":""g"",""grams"":1}]","ICMR-NIN IFCT 2017"
2104acdd-1468-4820-8947-faf54c08658c,ifct,"Red gram, dal (Kash., H. Arhar dal, Pigeon pea)",,,331,21.7,64.29,1.56,9.06,2.08,18,"[{""unit"":""1 serving raw (makes 1 katori cooked)"",""grams"":40,""description"":""1 serving raw (makes 1 katori cooked)""},{""unit"":""g"",""grams"":1}]","ICMR-NIN IFCT 2017"
3681d108-cb34-4e0e-9d1c-781697133747,ifct,"Red gram, whole (Arhar sabud, Pigeon pea, Tuvarai)",,,274,20.47,65.32,1.38,22.84,1.3,19,"[{""unit"":""serving"",""grams"":100,""description"":""100g""},{""unit"":""g"",""grams"":1}]","ICMR-NIN IFCT 2017"
00587d5e-ba74-4d6e-8946-62304347daca,ifct,"Ricebean (Meth, Galmoong, Rymbai ja)",,,302,19.97,64.63,0.74,13.37,1.33,10.6,"[{""unit"":""serving"",""grams"":100,""description"":""100g""},{""unit"":""g"",""grams"":1}]","ICMR-NIN IFCT 2017"
aa47bfb9-1a84-43c2-ab63-7e4f2411e4b1,ifct,"Soya bean, brown (Bhatmas, Soybean, Garikalai)",,,381,35.58,34.34,19.82,21.55,2.51,2.1,"[{""unit"":""serving"",""grams"":100,""description"":""100g""},{""unit"":""g"",""grams"":1}]","ICMR-NIN IFCT 2017"
0851f0ab-10b1-4442-bcee-82877ab96145,ifct,"Soya bean, white (Bhatmas, Soybean, Garikalai)",,,377,37.8,32.79,19.42,22.63,2.2,2.8,"[{""unit"":""serving"",""grams"":100,""description"":""100g""},{""unit"":""g"",""grams"":1}]","ICMR-NIN IFCT 2017"
65f6f69a-2b02-40ce-90b6-dfb7e5c416c3,ifct,"Agathi leaves (Agasthi, August tree leaves, Humming bird tree leaves)",,,71,8.01,13.81,1.35,8.6,0.23,18.1,"[{""unit"":""serving"",""grams"":100,""description"":""100g""},{""unit"":""g"",""grams"":1}]","ICMR-NIN IFCT 2017"
560e52e6-078e-4399-9afc-e34bd3652dd2,ifct,"Amaranth leaves, green (Chaulai, Notya Shaakh, Thandu keerai)",,,31,3.29,6.69,0.65,4.41,0.32,16.1,"[{""unit"":""serving"",""grams"":100,""description"":""100g""},{""unit"":""g"",""grams"":1}]","ICMR-NIN IFCT 2017"
30fff0b0-9f0a-485a-bfc7-5d1efe50207c,ifct,"Amaranth leaves, red mix (Chaulai, Lal Shaakh, Thandu keerai)",,,33,3.93,7.28,0.63,4.91,0.28,14.6,"[{""unit"":""serving"",""grams"":100,""description"":""100g""},{""unit"":""g"",""grams"":1}]","ICMR-NIN IFCT 2017"
7bd7bf78-0faf-440b-9797-084bd6c0abb5,ifct,"Amaranth leaves, red and green mix (Chaulai, Notya Shaakh, Thandu keerai)",,,32,3.09,7.47,0.53,4.6,0.15,17.6,"[{""unit"":""serving"",""grams"":100,""description"":""100g""},{""unit"":""g"",""grams"":1}]","ICMR-NIN IFCT 2017"
1412b5b1-2df8-425f-99d0-f93a8e790f59,ifct,"Amaranth spinosus, leaves, green mix (Kantewali-notya, Kanta-notya, Mulaikeerai)",,,26,3.54,6.71,0.36,5.1,0.14,15.7,"[{""unit"":""serving"",""grams"":100,""description"":""100g""},{""unit"":""g"",""grams"":1}]","ICMR-NIN IFCT 2017"
f825841a-9980-43a1-919b-2bbe4d242a4c,ifct,"Amaranth spinosus, leaves, red and green mix (Kantewali-notya, Kanta-notya shaak, Mulakeerai)",,,24,2.8,7.02,0.34,5.57,0.13,16.3,"[{""unit"":""serving"",""grams"":100,""description"":""100g""},{""unit"":""g"",""grams"":1}]","ICMR-NIN IFCT 2017"
a48cd907-5352-4875-b0de-17fb9cd90fef,ifct,"Basella leaves (Palak, Malabar spinach, Pui shaak)",,,20,1.57,4.22,0.45,2.21,0.02,18.7,"[{""unit"":""serving"",""grams"":100,""description"":""100g""},{""unit"":""g"",""grams"":1}]","ICMR-NIN IFCT 2017"
96000bd2-5d78-47ab-b80d-5d9deb11da4c,ifct,"Bathua leaves (Bathua sagu, Beto sak, Paruppukkeerai.)",,,28,2.5,6.57,0.44,4.01,0.52,10.8,"[{""unit"":""serving"",""grams"":100,""description"":""100g""},{""unit"":""g"",""grams"":1}]","ICMR-NIN IFCT 2017"
fb83b729-ecab-4601-91ff-b58981da50fb,ifct,"Beet greens (Chukandhar sag, Beet root keerai, Beet root)",,,35,2.38,7.5,0.75,3.64,0.13,111,"[{""unit"":""serving"",""grams"":100,""description"":""100g""},{""unit"":""g"",""grams"":1}]","ICMR-NIN IFCT 2017"
2ab06bf6-975b-4e6b-b328-e7ef11c31e8c,ifct,"Betel leaves, big (kolkata) (Pan ka patha, Pan, Vetrilai)",,,48,2.51,9.49,0.75,2.12,0.37,16.8,"[{""unit"":""serving"",""grams"":100,""description"":""100g""},{""unit"":""g"",""grams"":1}]","ICMR-NIN IFCT 2017"
fc09c0be-7f86-4b90-a9ed-51352e5b3df7,ifct,"Betel leaves, small (Pan ka patha, Pan, Vetrilai)",,,44,2.62,8.13,0.75,1.97,0.4,14,"[{""unit"":""serving"",""grams"":100,""description"":""100g""},{""unit"":""g"",""grams"":1}]","ICMR-NIN IFCT 2017"
2c4cc798-22a7-45cb-b46c-a8ce019ae30a,ifct,"Brussels sprouts (Choote gobi, Biliti Bandhakopi, Kalaikose)",,,44,4.26,9.38,0.5,4.29,0.17,18.5,"[{""unit"":""serving"",""grams"":100,""description"":""100g""},{""unit"":""g"",""grams"":1}]","ICMR-NIN IFCT 2017"
e21157f2-82e8-4c81-91f3-1d1111990a60,ifct,"Cabbage, Chinese (Chinese kobi, China lai, Bandh)",,,18,1.58,4.37,0.13,2.01,0.42,20.3,"[{""unit"":""serving"",""grams"":100,""description"":""100g""},{""unit"":""g"",""grams"":1}]","ICMR-NIN IFCT 2017"
d9a2079f-5259-4cff-b931-6196307203dc,ifct,"Cabbage, collard greens (Seemai parattai keerai., Kobi na pan, Bandh)",,,30,3.63,5.77,0.27,2.98,0.76,23,"[{""unit"":""serving"",""grams"":100,""description"":""100g""},{""unit"":""g"",""grams"":1}]","ICMR-NIN IFCT 2017"
59dc6024-f2fb-49a4-a998-cc6ca1a6dd17,ifct,"Cabbage, green (Bandh gobi, Badha kopi, Muttaikose)",,,22,1.36,6.01,0.12,2.76,1,15,"[{""unit"":""serving"",""grams"":100,""description"":""100g""},{""unit"":""g"",""grams"":1}]","ICMR-NIN IFCT 2017"
9626a8d0-b1b3-4581-be82-e117ab1d75d2,ifct,"Cabbage, violet (Bandh gobi, Red cabbage, Purple cabbage)",,,23,1.39,5.75,0.21,2.21,0.8,24,"[{""unit"":""serving"",""grams"":100,""description"":""100g""},{""unit"":""g"",""grams"":1}]","ICMR-NIN IFCT 2017"
afdb09f1-9723-4a1e-88d4-e8ab28e2566d,ifct,"Cauliflower leaves (Phul gobi patta, Phul gopi pata, Pookosu keerai)",,,35,3.9,6.82,0.42,3.43,0.61,24.3,"[{""unit"":""serving"",""grams"":100,""description"":""100g""},{""unit"":""g"",""grams"":1}]","ICMR-NIN IFCT 2017"
50deebfc-1219-4956-adf9-905a568e072e,ifct,"Colocasia leaves, green (Arvi ka sag, Kochu pata, Seppam ilaigal)",,,43,3.42,9.29,1.38,5.6,0.63,12.1,"[{""unit"":""serving"",""grams"":100,""description"":""100g""},{""unit"":""g"",""grams"":1}]","ICMR-NIN IFCT 2017"
2643d636-bc9f-4eab-bbb7-bbb5e2f9bdd5,ifct,"Drumstick leaves (Saijan patta, Horseradish leaves, Benzoil leaves)",,,67,6.41,13.83,1.64,8.21,0.02,9.3,"[{""unit"":""serving"",""grams"":100,""description"":""100g""},{""unit"":""g"",""grams"":1}]","ICMR-NIN IFCT 2017"
bc8e7025-6961-408d-a9ff-7ea3975833b2,ifct,"Fenugreek leaves (Methi sag, Methi shak, Vendhaiya keerai)",,,34,3.68,7.07,0.83,4.9,0.88,47,"[{""unit"":""serving"",""grams"":100,""description"":""100g""},{""unit"":""g"",""grams"":1}]","ICMR-NIN IFCT 2017"
3bc715b4-6954-477f-9971-ec9290eca23d,ifct,"Garden cress (Halim ka patta, Halim sag, Alivirai keerai)",,,50,5.62,7.08,0.8,2.6,0.92,25.4,"[{""unit"":""serving"",""grams"":100,""description"":""100g""},{""unit"":""g"",""grams"":1}]","ICMR-NIN IFCT 2017"
3460c0fb-339d-4710-a3dc-7806fc7fc845,ifct,"Gogu leaves, green (Pitwa, Roselle Leaves, Mestapat)",,,36,1.86,8.65,1.09,4.59,0.01,12.3,"[{""unit"":""serving"",""grams"":100,""description"":""100g""},{""unit"":""g"",""grams"":1}]","ICMR-NIN IFCT 2017"
35123ef3-e0a6-40df-88a4-ef1ad60b849a,ifct,"Gogu leaves, red (Pitwa, Roselle Leaves, Mestapat)",,,37,1.85,8.13,1.07,3.89,0.01,14.1,"[{""unit"":""serving"",""grams"":100,""description"":""100g""},{""unit"":""g"",""grams"":1}]","ICMR-NIN IFCT 2017"
2a486604-179c-44e7-a7e6-f98c0cf64d92,ifct,"Knol-Khol, leaves (Ganth gobi ka sag, Knol Knol, Kohlrabi)",,,43,3.12,8.92,0.35,2.76,0.1,26.8,"[{""unit"":""serving"",""grams"":100,""description"":""100g""},{""unit"":""g"",""grams"":1}]","ICMR-NIN IFCT 2017"
1ee513e2-af96-4745-a3b1-9c0e7bfa2744,ifct,"Lettuce (Salad ka patta, Ilaikosu, Kavu akulu)",,,22,1.54,4.8,0.27,1.79,0.22,17.5,"[{""unit"":""serving"",""grams"":100,""description"":""100g""},{""unit"":""g"",""grams"":1}]","ICMR-NIN IFCT 2017"
d81b7ed8-e270-4db9-aa65-322a148c6fd6,ifct,"Mustard leaves (Sarson ka sag, Mustard greens, Sorisa sag)",,,30,3.52,6.33,0.51,3.92,0.04,19.1,"[{""unit"":""serving"",""grams"":100,""description"":""100g""},{""unit"":""g"",""grams"":1}]","ICMR-NIN IFCT 2017"
ed5de03e-f2be-49ce-a503-f7ebb06f799a,ifct,"Pak Choi leaves (Bok choy, Horse`s ear, Chinese celery cabbage)",,,16,1.41,3.69,0.25,1.91,0.52,33.7,"[{""unit"":""serving"",""grams"":100,""description"":""100g""},{""unit"":""g"",""grams"":1}]","ICMR-NIN IFCT 2017"
e7ee79de-ab92-48af-9dfc-0a2deb7fc637,ifct,"Parsley (Garden parsley, Verkosu, Kothimbir/dhane)",,,73,5.55,13.3,1.14,3.87,0.69,53.1,"[{""unit"":""serving"",""grams"":100,""description"":""100g""},{""unit"":""g"",""grams"":1}]","ICMR-NIN IFCT 2017"
9990ba65-a487-44c4-be6a-5d641de21803,ifct,"Ponnaganni (Saranthi sag, Khanchari, Ponnaganni keerai)",,,51,5.29,11.91,0.71,6.74,0.44,39.4,"[{""unit"":""serving"",""grams"":100,""description"":""100g""},{""unit"":""g"",""grams"":1}]","ICMR-NIN IFCT 2017"
ab41c7f9-d466-4542-b0cd-1a691a0a69da,ifct,"Pumpkin leaves, tender (Kumhra sag, Kumra shak, Parangi ilai)",,,44,4.21,7,0.74,2.25,0.1,12.2,"[{""unit"":""serving"",""grams"":100,""description"":""100g""},{""unit"":""g"",""grams"":1}]","ICMR-NIN IFCT 2017"
84557da2-8b99-49e5-98f6-acd6957e8ae4,ifct,"Radish leaves (Muli ka sag, Mulo shak, Mullangi ilai)",,,26,2.22,4.59,0.51,1.82,0.29,17.4,"[{""unit"":""serving"",""grams"":100,""description"":""100g""},{""unit"":""g"",""grams"":1}]","ICMR-NIN IFCT 2017"
123fe1ed-88c1-4777-b6bc-c18d0dd62e95,ifct,"Rumex leaves (Bun palung, Amlavetasa, Ambada (sorrel))",,,20,1.62,3.6,0.33,1.27,0.45,19.9,"[{""unit"":""serving"",""grams"":100,""description"":""100g""},{""unit"":""g"",""grams"":1}]","ICMR-NIN IFCT 2017"
888f11c8-c5aa-434f-9baf-bdad14d353dc,ifct,"Spinach (Palak, Palong shak, Pasalai keerai)",,,24,2.14,4.43,0.64,2.38,0.24,42.5,"[{""unit"":""serving"",""grams"":100,""description"":""100g""},{""unit"":""g"",""grams"":1}]","ICMR-NIN IFCT 2017"
871bdc9b-07d4-49cc-86e7-0a3a26c7d046,ifct,"Tamarind leaves, tender (P. Imli patte, Tetul pata, Tam. Puliam ilaigal)",,,71,5.84,20.74,0.49,10.7,0.17,13.4,"[{""unit"":""serving"",""grams"":100,""description"":""100g""},{""unit"":""g"",""grams"":1}]","ICMR-NIN IFCT 2017"
72bdb464-ddb5-43ec-b1c5-60ed7cd53a4f,ifct,"Ash gourd (Petha, Wax gourd, White gourd)",,,17,0.79,6.21,0.14,3.37,0.19,0.8,"[{""unit"":""serving"",""grams"":100,""description"":""100g""},{""unit"":""g"",""grams"":1}]","ICMR-NIN IFCT 2017"
64fe4295-dea3-48be-9a80-bc0856aa8f53,ifct,"Bamboo shoot, tender (Baans, Bamboo sprouts, Bansber ankur)",,,16,1.33,3.22,0.35,1.55,0.09,1.1,"[{""unit"":""serving"",""grams"":100,""description"":""100g""},{""unit"":""g"",""grams"":1}]","ICMR-NIN IFCT 2017"
cee8a5f4-0e78-4c97-ac93-daaf0e6f3c86,ifct,"Bean scarlet, tender (Sem, Runner bean, Scarlet runner bean)",,,43,2.86,9.66,0.99,4.5,1.03,1.5,"[{""unit"":""serving"",""grams"":100,""description"":""100g""},{""unit"":""g"",""grams"":1}]","ICMR-NIN IFCT 2017"
1993765e-c553-4f0d-a683-9e3186aab237,ifct,"Bitter gourd, jagged, teeth ridges, elongate (Karela, Bitter melon, Bitter squash)",,,21,1.44,6.6,0.24,3.78,0.04,13.1,"[{""unit"":""serving"",""grams"":100,""description"":""100g""},{""unit"":""g"",""grams"":1}]","ICMR-NIN IFCT 2017"
8f080815-3741-4932-bd6f-07080e934062,ifct,"Bitter gourd, jagged, teeth ridges, short (Karela, Bitter melon, Bitter squash)",,,19,1.34,6.02,0.24,3.49,0.06,12.6,"[{""unit"":""serving"",""grams"":100,""description"":""100g""},{""unit"":""g"",""grams"":1}]","ICMR-NIN IFCT 2017"
e76c37aa-60f6-4336-8385-cc12b1bcd83a,ifct,"Bitter gourd, jagged, smooth ridges, elongate (Karela, Bitter melon, Bitter squash)",,,19,1.61,6.01,0.26,3.72,0.08,11.2,"[{""unit"":""serving"",""grams"":100,""description"":""100g""},{""unit"":""g"",""grams"":1}]","ICMR-NIN IFCT 2017"
8b6a157b-833d-42e4-816e-cdcfe4e2784b,ifct,"Bottle gourd, elongate, pale green (Lowki, Calabash, White flowered gourd)",,,11,0.53,3.8,0.13,2.12,0.36,1.5,"[{""unit"":""serving"",""grams"":100,""description"":""100g""},{""unit"":""g"",""grams"":1}]","ICMR-NIN IFCT 2017"
b0414096-f38e-4332-bf89-89d806a7f348,ifct,"Bottle gourd, round, pale green (Lowki, Calabash, White flowered gourd)",,,14,0.42,4.63,0.12,2.1,0.34,1.5,"[{""unit"":""serving"",""grams"":100,""description"":""100g""},{""unit"":""g"",""grams"":1}]","ICMR-NIN IFCT 2017"
f4c420b0-014a-4875-8a4b-8ce8204830b3,ifct,"Bottle gourd, elongate, dark green (Lowki, Calabash, White flowered gourd)",,,13,0.49,4.36,0.13,2.11,0.39,1.4,"[{""unit"":""serving"",""grams"":100,""description"":""100g""},{""unit"":""g"",""grams"":1}]","ICMR-NIN IFCT 2017"
0b11b2eb-097f-4453-a360-338f1d124ce4,ifct,"Brinjal-1 (Baingan, Eggplant, Aubergine)",,,27,1.77,7.06,0.39,3.57,0.88,3.1,"[{""unit"":""serving"",""grams"":100,""description"":""100g""},{""unit"":""g"",""grams"":1}]","ICMR-NIN IFCT 2017"
67b6404c-5598-4698-82ac-7ff1bcaa7f42,ifct,"Brinjal-2 (Baingan, Eggplant, Aubergine)",,,24,1.82,6.72,0.34,4.01,0.98,3.9,"[{""unit"":""serving"",""grams"":100,""description"":""100g""},{""unit"":""g"",""grams"":1}]","ICMR-NIN IFCT 2017"
fda1c8bc-a6b3-4513-844f-690ac736e6d8,ifct,"Brinjal-3 (Baingan, Eggplant, Aubergine)",,,24,1.36,7.64,0.33,4.26,0.93,3.1,"[{""unit"":""serving"",""grams"":100,""description"":""100g""},{""unit"":""g"",""grams"":1}]","ICMR-NIN IFCT 2017"
761026f8-5e51-48c2-b2a5-77b5fca885d6,ifct,"Brinjal-4 (Baingan, Eggplant, Aubergine)",,,24,1.51,7.23,0.31,4.04,0.86,3.3,"[{""unit"":""serving"",""grams"":100,""description"":""100g""},{""unit"":""g"",""grams"":1}]","ICMR-NIN IFCT 2017"
6c4b0ad0-64be-4f95-a279-d0b3bf81f281,ifct,"Brinjal-5 (Baingan, Eggplant, Aubergine)",,,27,1.38,8.15,0.29,4.13,0.99,4,"[{""unit"":""serving"",""grams"":100,""description"":""100g""},{""unit"":""g"",""grams"":1}]","ICMR-NIN IFCT 2017"
6cea9fcb-03ba-4c51-b725-42946681ad17,ifct,"Brinjal-6 (Baingan, Eggplant, Aubergine)",,,23,1.46,6.97,0.29,3.68,1,3.8,"[{""unit"":""serving"",""grams"":100,""description"":""100g""},{""unit"":""g"",""grams"":1}]","ICMR-NIN IFCT 2017"
94aea489-5bbc-4f50-8934-31fbc60885b8,ifct,"Brinjal-7 (Baingan, Eggplant, Aubergine)",,,23,1.4,6.42,0.37,3.32,1.38,3.4,"[{""unit"":""serving"",""grams"":100,""description"":""100g""},{""unit"":""g"",""grams"":1}]","ICMR-NIN IFCT 2017"
76509920-8cfa-46a2-bd0a-d38eee194b4c,ifct,"Brinjal-8 (Baingan, Eggplant, Aubergine)",,,28,1.82,7.76,0.33,4.01,0.79,4.7,"[{""unit"":""serving"",""grams"":100,""description"":""100g""},{""unit"":""g"",""grams"":1}]","ICMR-NIN IFCT 2017"
42016e35-0aff-41da-af1e-54fdfa319e29,ifct,"Brinjal-9 (Baingan, Eggplant, Aubergine)",,,25,1.47,7.52,0.35,4,0.91,3.1,"[{""unit"":""serving"",""grams"":100,""description"":""100g""},{""unit"":""g"",""grams"":1}]","ICMR-NIN IFCT 2017"
fce74e6b-2d3d-4ccd-9d3d-9052889b80f0,ifct,"Brinjal-10 (Baingan, Eggplant, Aubergine)",,,28,1.68,7.98,0.25,3.9,0.86,4.3,"[{""unit"":""serving"",""grams"":100,""description"":""100g""},{""unit"":""g"",""grams"":1}]","ICMR-NIN IFCT 2017"
dba9cd73-4a61-40b6-8556-f7ac70fe71ed,ifct,"Brinjal-11 (Baingan, Eggplant, Aubergine)",,,25,1.43,7.65,0.31,4.12,1.05,3.5,"[{""unit"":""serving"",""grams"":100,""description"":""100g""},{""unit"":""g"",""grams"":1}]","ICMR-NIN IFCT 2017"
cc0c1a1b-89c4-4cb1-9d1c-a199f1dcb175,ifct,"Brinjal-12 (Baingan, Eggplant, Aubergine)",,,22,1.6,6.62,0.27,3.89,1.22,3.9,"[{""unit"":""serving"",""grams"":100,""description"":""100g""},{""unit"":""g"",""grams"":1}]","ICMR-NIN IFCT 2017"
6316546e-e21b-48b7-bc6c-13466e82aab5,ifct,"Brinjal-13 (Baingan, Eggplant, Aubergine)",,,30,1.49,8.43,0.31,3.92,1.15,3,"[{""unit"":""serving"",""grams"":100,""description"":""100g""},{""unit"":""g"",""grams"":1}]","ICMR-NIN IFCT 2017"
536435c4-81b4-49a1-ad65-6859ce00ff43,ifct,"Brinjal-14 (Baingan, Eggplant, Aubergine)",,,25,1.56,7.14,0.35,3.87,0.88,3.7,"[{""unit"":""serving"",""grams"":100,""description"":""100g""},{""unit"":""g"",""grams"":1}]","ICMR-NIN IFCT 2017"
45566152-d96e-45c6-9729-c728866c502d,ifct,"Brinjal-15 (Baingan, Eggplant, Aubergine)",,,27,1.58,7.95,0.29,3.99,0.82,3.3,"[{""unit"":""serving"",""grams"":100,""description"":""100g""},{""unit"":""g"",""grams"":1}]","ICMR-NIN IFCT 2017"
685136eb-32b7-4027-9cde-b372e12d6cae,ifct,"Brinjal-16 (Baingan, Eggplant, Aubergine)",,,25,1.26,7.2,0.34,3.74,0.99,3.2,"[{""unit"":""serving"",""grams"":100,""description"":""100g""},{""unit"":""g"",""grams"":1}]","ICMR-NIN IFCT 2017"
8ce95c49-1247-4e22-9176-f686374a6b2d,ifct,"Brinjal-17 (Baingan, Eggplant, Aubergine)",,,22,1.18,6.83,0.36,3.94,0.85,3.1,"[{""unit"":""serving"",""grams"":100,""description"":""100g""},{""unit"":""g"",""grams"":1}]","ICMR-NIN IFCT 2017"
832b6597-3290-48d7-9921-980cd55598e4,ifct,"Brinjal-18 (Baingan, Eggplant, Aubergine)",,,28,1.47,8.48,0.33,4.38,1.44,3.6,"[{""unit"":""serving"",""grams"":100,""description"":""100g""},{""unit"":""g"",""grams"":1}]","ICMR-NIN IFCT 2017"
d87503bc-5a66-4435-8065-24627aefba7f,ifct,"Brinjal-19 (Baingan, Eggplant, Aubergine)",,,24,1.26,7.36,0.31,3.97,0.96,3.1,"[{""unit"":""serving"",""grams"":100,""description"":""100g""},{""unit"":""g"",""grams"":1}]","ICMR-NIN IFCT 2017"
660af9e3-8d94-439f-94d8-46c76950f2e7,ifct,"Brinjal-20 (Baingan, Eggplant, Aubergine)",,,24,1.44,6.88,0.34,3.73,0.76,3.6,"[{""unit"":""serving"",""grams"":100,""description"":""100g""},{""unit"":""g"",""grams"":1}]","ICMR-NIN IFCT 2017"
99e9be54-0b33-42a1-8ce7-70032885356a,ifct,"Brinjal-21 (Baingan, Eggplant, Aubergine)",,,27,1.36,7.78,0.35,3.85,0.93,3.1,"[{""unit"":""serving"",""grams"":100,""description"":""100g""},{""unit"":""g"",""grams"":1}]","ICMR-NIN IFCT 2017"
2628526d-0697-457e-9d7e-115f84a9505d,ifct,"Brinjal - all varieties (Baingan, Eggplant, Aubergine)",,,25,1.48,7.5,0.32,3.98,0.97,3.6,"[{""unit"":""serving"",""grams"":100,""description"":""100g""},{""unit"":""g"",""grams"":1}]","ICMR-NIN IFCT 2017"
bc2b36c7-d503-41b2-8c68-e513ff5dcd6d,ifct,"Broad beans (Bakla, Fava bean, Faba bean)",,,29,3.85,10.74,0.15,8.63,1.22,20.7,"[{""unit"":""serving"",""grams"":100,""description"":""100g""},{""unit"":""g"",""grams"":1}]","ICMR-NIN IFCT 2017"
789e6273-a183-4a4e-9459-c53ad5101963,ifct,"Capsicum, green (Shimla mirch, Lanka (bilathi), Koda milagai)",,,16,1.11,3.9,0.34,2.06,0.86,1.8,"[{""unit"":""serving"",""grams"":100,""description"":""100g""},{""unit"":""g"",""grams"":1}]","ICMR-NIN IFCT 2017"
ec5bf280-dd8a-413b-afeb-aa7ab3b92732,ifct,"Capsicum, red (Shimla mirch, Lanka (bilathi), Koda milagai)",,,20,1.47,4.33,0.47,2.19,0.93,1.7,"[{""unit"":""serving"",""grams"":100,""description"":""100g""},{""unit"":""g"",""grams"":1}]","ICMR-NIN IFCT 2017"
1b9cc7fb-b379-4ada-a3a5-0e7cf9fb8d9d,ifct,"Capsicum, yellow (Shimla mirch, Lanka (bilathi), Koda milagai)",,,19,1.35,4.14,0.41,2.19,0.97,1.6,"[{""unit"":""serving"",""grams"":100,""description"":""100g""},{""unit"":""g"",""grams"":1}]","ICMR-NIN IFCT 2017"
b72c2a88-0d4f-4af9-8859-872acf9bfb69,ifct,"Cauliflower (Phul gobi, Phul kopi, Pookosu)",,,23,2.15,5.74,0.44,3.71,0.47,30.7,"[{""unit"":""serving"",""grams"":100,""description"":""100g""},{""unit"":""g"",""grams"":1}]","ICMR-NIN IFCT 2017"
897e405e-8422-44cc-9ff7-9efc0cc8b8ce,ifct,"Celery stalk (Ajmud, Randhuni, Sivarikkeerai.)",,,16,0.98,4.42,0.24,2.09,0.75,10.7,"[{""unit"":""serving"",""grams"":100,""description"":""100g""},{""unit"":""g"",""grams"":1}]","ICMR-NIN IFCT 2017"
e8203c8e-752a-49c2-bc75-3766349e642e,ifct,"Cho-cho-marrow (Cho cho marrow, Chayote, Chow-chow.)",,,19,0.66,5.02,0.15,1.55,0.76,1.3,"[{""unit"":""serving"",""grams"":100,""description"":""100g""},{""unit"":""g"",""grams"":1}]","ICMR-NIN IFCT 2017"
688ccafe-92a3-48cd-9930-a1125e4a1d0a,ifct,"Cluster beans (Gaur-ki-phalli, Guar, Jhar sim)",,,40,3.55,9.74,0.37,4.83,0.12,4,"[{""unit"":""serving"",""grams"":100,""description"":""100g""},{""unit"":""g"",""grams"":1}]","ICMR-NIN IFCT 2017"
bc2879ce-2f38-4611-a4ac-d1d37988720a,ifct,"Colocasia, stem, black (Arwi-ki-dandi, Kochur loti, Seppanthandu)",,,24,0.76,6.84,0.34,3.01,0.53,0.5,"[{""unit"":""serving"",""grams"":100,""description"":""100g""},{""unit"":""g"",""grams"":1}]","ICMR-NIN IFCT 2017"
cc110e43-190c-4276-893e-7bf3747b9a2f,ifct,"Colocasia, stem, green (Arwi-ki-dandi, Kochur loti, Seppanthandu)",,,19,0.91,5.19,0.22,2.33,0.25,0.6,"[{""unit"":""serving"",""grams"":100,""description"":""100g""},{""unit"":""g"",""grams"":1}]","ICMR-NIN IFCT 2017"
fdc7f385-81c5-409a-afd0-8a5d289caab9,ifct,"Corn, Baby (Makai, Riewhadem lung, Chujaak)",,,73,2.69,17.75,1.33,6.09,0.49,1.4,"[{""unit"":""serving"",""grams"":100,""description"":""100g""},{""unit"":""g"",""grams"":1}]","ICMR-NIN IFCT 2017"
dfb02fc0-7131-4741-81d9-2711a6989790,ifct,"Cucumber, green, elongate (Kheera, Kachumbar, Sosha)",,,20,0.71,5.62,0.16,2.14,0.27,6.3,"[{""unit"":""serving"",""grams"":100,""description"":""100g""},{""unit"":""g"",""grams"":1}]","ICMR-NIN IFCT 2017"
4faec891-07ab-4450-9c74-7dab9b3c126b,ifct,"Cucumber, green, short (Kheera, Kachumbar, Sosha)",,,17,0.83,4.95,0.18,2.13,0.21,6.1,"[{""unit"":""serving"",""grams"":100,""description"":""100g""},{""unit"":""g"",""grams"":1}]","ICMR-NIN IFCT 2017"
94132433-feca-4f55-bca6-74f7c9c0fd06,ifct,"Cucumber, orange, round (Kakadi, Sosha, Vellarikkai)",,,20,0.98,5.47,0.24,2.46,0.22,8.2,"[{""unit"":""serving"",""grams"":100,""description"":""100g""},{""unit"":""g"",""grams"":1}]","ICMR-NIN IFCT 2017"
54dcf7a3-807c-4d4c-ba22-b3a78209e0d8,ifct,"Drumstick (Saijan-ki-phalli, Horseradish, Benzoil)",,,29,2.62,10.59,0.12,6.83,1.47,22.4,"[{""unit"":""serving"",""grams"":100,""description"":""100g""},{""unit"":""g"",""grams"":1}]","ICMR-NIN IFCT 2017"
ae61d219-405e-4731-bd04-9e327c715a78,ifct,"Field beans, tender, broad (Sem, Common bean, Fieldbean)",,,31,3.06,8.39,0.64,5.64,0.95,14.1,"[{""unit"":""serving"",""grams"":100,""description"":""100g""},{""unit"":""g"",""grams"":1}]","ICMR-NIN IFCT 2017"
ed9476ef-406b-4dcc-86ab-10a476efd3cd,ifct,"Field beans, tender, lean (Sem, Common bean, Fieldbean)",,,33,3.71,9.04,0.6,6.19,0.76,12.8,"[{""unit"":""serving"",""grams"":100,""description"":""100g""},{""unit"":""g"",""grams"":1}]","ICMR-NIN IFCT 2017"
2613281a-cffd-4062-a175-bca548f2f35b,ifct,"French beans, country (Bakla, Green beans, Vidaiavarai)",,,24,2.49,7.06,0.26,4.38,1.06,8.8,"[{""unit"":""serving"",""grams"":100,""description"":""100g""},{""unit"":""g"",""grams"":1}]","ICMR-NIN IFCT 2017"
c8cfe656-9b60-4704-9506-7451d5513ec1,ifct,"French beans, hybrid (Bakla, Green beans, Vidaiavarai)",,,22,2.12,6.81,0.19,4.18,1,9.2,"[{""unit"":""serving"",""grams"":100,""description"":""100g""},{""unit"":""g"",""grams"":1}]","ICMR-NIN IFCT 2017"
87df4e76-82f1-4163-9f7a-0c34c69de79e,ifct,"Jack fruit, raw (Kathal, Jackfruit, Kanthal)",,,26,1.98,11.17,0.35,7.69,2.02,3.5,"[{""unit"":""serving"",""grams"":100,""description"":""100g""},{""unit"":""g"",""grams"":1}]","ICMR-NIN IFCT 2017"
353ac9e4-6a25-42b5-bfd3-fc32c1731fda,ifct,"Jack fruit, seed, mature (Kathal, Jackfruit, Kanthal)",,,77,5.79,20.44,0.44,8.63,2.23,4,"[{""unit"":""serving"",""grams"":100,""description"":""100g""},{""unit"":""g"",""grams"":1}]","ICMR-NIN IFCT 2017"
8655e6a0-fc1b-4d5a-9dbf-677fe5416012,ifct,"Knol - Khol (Kohl-rabi, Wild cabbage, Olkopi)",,,16,1.58,4.14,0.35,2.75,0.43,27.5,"[{""unit"":""serving"",""grams"":100,""description"":""100g""},{""unit"":""g"",""grams"":1}]","ICMR-NIN IFCT 2017"
a9ceac4d-c4b4-4f08-8c65-76457e0284da,ifct,"Kovai, big (Konduri, Kowai, Ivy gourd)",,,17,1.39,5.01,0.24,3,0.98,1.5,"[{""unit"":""serving"",""grams"":100,""description"":""100g""},{""unit"":""g"",""grams"":1}]","ICMR-NIN IFCT 2017"
588d8377-aa0e-434f-adb5-73115332ed5a,ifct,"Kovai, small (Konduri, Kowai, Ivy gourd)",,,19,1.22,5.66,0.24,3.25,1.07,2.2,"[{""unit"":""serving"",""grams"":100,""description"":""100g""},{""unit"":""g"",""grams"":1}]","ICMR-NIN IFCT 2017"
b5927ec3-3dfd-4d3f-8a46-0699b3297716,ifct,"Ladies finger (Bhindi, Okra, Okro)",,,27,2.08,7.7,0.22,4.08,0.48,7.4,"[{""unit"":""serving"",""grams"":100,""description"":""100g""},{""unit"":""g"",""grams"":1}]","ICMR-NIN IFCT 2017"
8d82b337-c99b-4a1b-a581-3ca7d01fd9c3,ifct,"Mango, green, raw (Katcha Aam, Aam (kancha), Mangai)",,,49,0.69,13.6,0.08,3.01,2.42,33.1,"[{""unit"":""serving"",""grams"":100,""description"":""100g""},{""unit"":""g"",""grams"":1}]","ICMR-NIN IFCT 2017"
2977fd9a-09ff-4bd7-b537-3d5bfbc34bb9,ifct,"Onion, stalk (Pyaz, Spring onion, Onion greens)",,,26,2.07,8.2,0.26,5.21,0.41,15.5,"[{""unit"":""serving"",""grams"":100,""description"":""100g""},{""unit"":""g"",""grams"":1}]","ICMR-NIN IFCT 2017"
01b21bd6-ae33-4e26-8da8-60e4209f8169,ifct,"Papaya, raw (Katcha pepita, Papaw, Pawpaw)",,,24,0.5,6.68,0.23,2.28,3.63,7.6,"[{""unit"":""serving"",""grams"":100,""description"":""100g""},{""unit"":""g"",""grams"":1}]","ICMR-NIN IFCT 2017"
ccfac844-87df-4faa-8b1b-6fec1a94f043,ifct,"Parwar (Parwal, Pointed gourd, Potol)",,,24,1.4,6.15,0.3,2.61,0.37,2.3,"[{""unit"":""serving"",""grams"":100,""description"":""100g""},{""unit"":""g"",""grams"":1}]","ICMR-NIN IFCT 2017"
48b9269e-3c68-48c5-a929-30e0f063f9e6,ifct,"Peas, fresh (Matar, Motor shuti, Tam. Paccha pattani.)",,,81,7.25,18.2,0.13,6.32,0.97,3.7,"[{""unit"":""serving"",""grams"":100,""description"":""100g""},{""unit"":""g"",""grams"":1}]","ICMR-NIN IFCT 2017"
5e07a0e5-a1c0-4d4a-8127-39305d118c0f,ifct,"Plantain, flower (Kele-ka phool, Banana flower, Mocha)",,,21,1.47,7.4,0.63,5.25,0.17,7.5,"[{""unit"":""serving"",""grams"":100,""description"":""100g""},{""unit"":""g"",""grams"":1}]","ICMR-NIN IFCT 2017"
f45d4fe2-1696-4075-abba-9edd72c2fd76,ifct,"Plantain, green (Kele (hara), Cooking banana, Kela (kanch))",,,80,1.18,21.18,0.23,3.6,0.86,18.6,"[{""unit"":""serving"",""grams"":100,""description"":""100g""},{""unit"":""g"",""grams"":1}]","ICMR-NIN IFCT 2017"
26a09216-8055-491e-b4c0-73b5823e4ea9,ifct,"Plantain, stem (Kele-ka-tana, Banana stem, Thor)",,,39,0.35,10.76,0.16,2.12,0.65,23.2,"[{""unit"":""serving"",""grams"":100,""description"":""100g""},{""unit"":""g"",""grams"":1}]","ICMR-NIN IFCT 2017"
05815002-52ae-42d8-bf1f-518b85f1f538,ifct,"Pumpkin, green, cylindrical (Kaddu, Kumro, Parangikkai)",,,25,0.87,6.75,0.18,2.53,2.9,5.2,"[{""unit"":""serving"",""grams"":100,""description"":""100g""},{""unit"":""g"",""grams"":1}]","ICMR-NIN IFCT 2017"
3967ea07-9754-4c03-be2c-5141aa049857,ifct,"Pumpkin, orange, round (Kaddu, Kumro, Parangikkai)",,,23,0.84,6.56,0.16,2.56,2.97,8.8,"[{""unit"":""serving"",""grams"":100,""description"":""100g""},{""unit"":""g"",""grams"":1}]","ICMR-NIN IFCT 2017"
340d9077-0703-41f6-b58f-2530ec77d37e,ifct,"Red gram, tender, fresh (Arhar ki fali, Pigeon pea, Thuvarai)",,,124,8.09,25.36,0.92,5.9,0.55,2.5,"[{""unit"":""serving"",""grams"":100,""description"":""100g""},{""unit"":""g"",""grams"":1}]","ICMR-NIN IFCT 2017"
31cf202a-cbdd-435a-bb01-54525566c5f4,ifct,"Ridge gourd (Torai, Luffa, Loofah)",,,13,0.91,3.53,0.14,1.81,0.62,4.7,"[{""unit"":""serving"",""grams"":100,""description"":""100g""},{""unit"":""g"",""grams"":1}]","ICMR-NIN IFCT 2017"
76069371-18b3-4524-ad81-9a5fc1b3b231,ifct,"Ridge gourd, smooth skin (Torai, Luffa, Loofah)",,,15,0.98,4.09,0.13,1.85,0.41,6.3,"[{""unit"":""serving"",""grams"":100,""description"":""100g""},{""unit"":""g"",""grams"":1}]","ICMR-NIN IFCT 2017"
6fc83a9a-47fd-479c-80fe-aa55a80c50b3,ifct,"Snake gourd, long, pale green (Chachinda, Chichinga, Pudalangai)",,,12,0.98,3.54,0.25,2.27,0.42,7.1,"[{""unit"":""serving"",""grams"":100,""description"":""100g""},{""unit"":""g"",""grams"":1}]","ICMR-NIN IFCT 2017"
adfecc0a-6a55-4e55-9a56-f528fd473d1e,ifct,"Snake gourd, long, dark green (Chachinda, Chichinga, Pudalangai)",,,12,0.89,3.5,0.25,2.27,0.45,5,"[{""unit"":""serving"",""grams"":100,""description"":""100g""},{""unit"":""g"",""grams"":1}]","ICMR-NIN IFCT 2017"
c4b0dad7-2644-4539-9d1e-f88436299759,ifct,"Snake gourd, short (Chachinda, Chichinga, Pudalangai)",,,15,0.54,4.44,0.26,2.29,0.46,2.5,"[{""unit"":""serving"",""grams"":100,""description"":""100g""},{""unit"":""g"",""grams"":1}]","ICMR-NIN IFCT 2017"
a52d575f-04e0-416d-8732-bb4e9e5c6435,ifct,"Tinda, tender (Indian squash, Round melon, Indian round gourd)",,,14,1.02,3.9,0.17,2,0.44,20.6,"[{""unit"":""serving"",""grams"":100,""description"":""100g""},{""unit"":""g"",""grams"":1}]","ICMR-NIN IFCT 2017"
18652198-b0cb-4daa-9f8d-e01d57e3137a,ifct,"Tomato, green (Tamator, Kacha Tomato, Thakkali kai)",,,21,1.12,4.8,0.27,1.62,0.83,13.1,"[{""unit"":""serving"",""grams"":100,""description"":""100g""},{""unit"":""g"",""grams"":1}]","ICMR-NIN IFCT 2017"
e3ff0776-1b6e-4ab5-abb8-86767f53c1ae,ifct,"Tomato, ripe, hybrid (Tamator, Takkali pazham, Ramamulagakaya)",,,19,0.76,4.78,0.25,1.58,1.82,11.9,"[{""unit"":""1 medium tomato"",""grams"":100,""description"":""1 1 medium tomato (~100g)""},{""unit"":""g"",""grams"":1}]","ICMR-NIN IFCT 2017"
cddabe0d-90c6-4e7d-88ba-ced4bad51e71,ifct,"Tomato, ripe, local (Tamator, Takkali pazham, Ramamulagakaya)",,,20,0.9,4.48,0.47,1.77,1.34,9.7,"[{""unit"":""serving"",""grams"":100,""description"":""100g""},{""unit"":""g"",""grams"":1}]","ICMR-NIN IFCT 2017"
8474d8b5-14e2-4aa4-a36d-fcbc224df5f5,ifct,"Zucchini, green (Sabed kaddu, Courgette, Summer squash)",,,20,1.1,4.63,0.51,2.3,0.14,0.4,"[{""unit"":""serving"",""grams"":100,""description"":""100g""},{""unit"":""g"",""grams"":1}]","ICMR-NIN IFCT 2017"
5ba67b0e-6927-4e13-997e-87eb79d84d2a,ifct,"Zucchini, yellow (Sabed kaddu, Courgette, Summer squash)",,,19,1.31,4.04,0.44,1.84,0.29,0.4,"[{""unit"":""serving"",""grams"":100,""description"":""100g""},{""unit"":""g"",""grams"":1}]","ICMR-NIN IFCT 2017"
4e651bf2-dd65-42f6-8548-510930d2db96,ifct,"Apple, big (Sev, Tam. Apple pazham, Sepu/Sema regu)",,,62,0.29,15.7,0.64,2.59,9.53,1.4,"[{""unit"":""1 medium apple"",""grams"":150,""description"":""1 1 medium apple (~150g)""},{""unit"":""g"",""grams"":1}]","ICMR-NIN IFCT 2017"
1ed3e582-7f6e-4a9d-93d2-d67744360506,ifct,"Apple, green (Sev, Apple pazham, Sepu/Sema regu)",,,51,0.46,13.19,0.5,2.54,8.39,1.5,"[{""unit"":""serving"",""grams"":100,""description"":""100g""},{""unit"":""g"",""grams"":1}]","ICMR-NIN IFCT 2017"
3b63d1da-bc1d-4338-8e5b-55412286e933,ifct,"Apple, small (Sev, Apple pazham, Sepu/Sema regu)",,,64,0.31,16.01,0.53,2.06,9.8,1.4,"[{""unit"":""serving"",""grams"":100,""description"":""100g""},{""unit"":""g"",""grams"":1}]","ICMR-NIN IFCT 2017"
2f9f89bf-7005-4fb1-9dc0-990f6ada3386,ifct,"Apple, small, Kashmir (Sev, Apple pazham, Sepu/Sema regu)",,,64,0.27,16.06,0.6,2.07,9.15,1.2,"[{""unit"":""serving"",""grams"":100,""description"":""100g""},{""unit"":""g"",""grams"":1}]","ICMR-NIN IFCT 2017"
881543e5-32d2-4166-a96d-6bedc54ef8be,ifct,"Apricot, dried (Khoomani, Suska khubani, Sakkarai badhami)",,,316,3.17,75.95,0.74,3.32,25.72,3.9,"[{""unit"":""serving"",""grams"":100,""description"":""100g""},{""unit"":""g"",""grams"":1}]","ICMR-NIN IFCT 2017"
4b7b18d0-cc2e-4dd8-9e9f-a3d25ba309f3,ifct,"Apricot, processed (Khoomani, Suska khubani, Sakkarai badhami)",,,56,1.47,11.52,0.64,0.59,4.36,1.6,"[{""unit"":""serving"",""grams"":100,""description"":""100g""},{""unit"":""g"",""grams"":1}]","ICMR-NIN IFCT 2017"
cb7f3541-779b-4d30-872e-03823d4b9847,ifct,"Avocado fruit (Makhanphal, Kulunashpati, Vennaipazham.)",,,144,2.95,8.44,13.86,6.69,1.65,2.8,"[{""unit"":""serving"",""grams"":100,""description"":""100g""},{""unit"":""g"",""grams"":1}]","ICMR-NIN IFCT 2017"
0923825c-98cb-4d3a-9110-2fc764718400,ifct,"Bael fruit (Bel, Indian bael, Bengal quince)",,,136,2.63,34.52,0.57,6.31,16.35,1.6,"[{""unit"":""serving"",""grams"":100,""description"":""100g""},{""unit"":""g"",""grams"":1}]","ICMR-NIN IFCT 2017"
fac9d16e-ec27-403c-8eab-42bec8180ae3,ifct,"Banana, ripe, montham (Kela, Kola(paka), Vazha pazham)",,,111,1.25,27.16,0.32,2.21,14.9,1.2,"[{""unit"":""serving"",""grams"":100,""description"":""100g""},{""unit"":""g"",""grams"":1}]","ICMR-NIN IFCT 2017"
27fe4a7a-334e-4fad-98fe-8bba232f8c0b,ifct,"Banana, ripe, poovam (Kela, Kola (paka), Vazha pazham)",,,106,1.49,25.74,0.35,2.33,12.54,1,"[{""unit"":""serving"",""grams"":100,""description"":""100g""},{""unit"":""g"",""grams"":1}]","ICMR-NIN IFCT 2017"
0c57b379-dfb1-4db9-9bae-a2464a220e83,ifct,"Banana, ripe, red (Kela, Kola (paka), Sevvazhaipazham)",,,112,1.29,27.19,0.29,1.98,14.57,1.1,"[{""unit"":""serving"",""grams"":100,""description"":""100g""},{""unit"":""g"",""grams"":1}]","ICMR-NIN IFCT 2017"
b7cc627a-0239-4cd0-b3ae-8e068a4a0e0f,ifct,"Banana, ripe, robusta (Kela, Kola (paka), Vazhaipazham)",,,105,1.23,25.57,0.33,1.94,13.65,0.8,"[{""unit"":""1 medium banana (peeled)"",""grams"":100,""description"":""1 medium banana (peeled)""},{""unit"":""g"",""grams"":1}]","ICMR-NIN IFCT 2017"
b051d6b2-396a-4ed0-a905-71294d204c9d,ifct,"Black berry (Kala Jamun, Blackberry, Kalojam)",,,54,0.92,14.99,0.63,4.35,7.61,1.2,"[{""unit"":""serving"",""grams"":100,""description"":""100g""},{""unit"":""g"",""grams"":1}]","ICMR-NIN IFCT 2017"
2f33dbde-a086-4c92-ba91-e89deaa02f8a,ifct,"Cherries, red (Gilas, Cherry pazham, Cherri pandu.)",,,60,1.49,13.99,0.46,2.12,10.72,1.6,"[{""unit"":""serving"",""grams"":100,""description"":""100g""},{""unit"":""g"",""grams"":1}]","ICMR-NIN IFCT 2017"
a243212c-3f61-43cf-9327-a119003079ed,ifct,"Currants, black (Munakka, Zante currants, Corinth raisins)",,,54,1.51,14,0.53,4.07,6.33,1.4,"[{""unit"":""serving"",""grams"":100,""description"":""100g""},{""unit"":""g"",""grams"":1}]","ICMR-NIN IFCT 2017"
7a604eab-dbd1-45f6-bf6a-64edaafdf2ca,ifct,"Custard apple (Sharifa, Sugar apple, Sweetsop)",,,99,1.62,25.48,0.67,5.1,13.35,3.1,"[{""unit"":""serving"",""grams"":100,""description"":""100g""},{""unit"":""g"",""grams"":1}]","ICMR-NIN IFCT 2017"
185e0b32-0e77-4963-ba2e-7ce44e1640d7,ifct,"Dates, dry, pale brown (Chuhara, Date palm, Kharjura)",,,320,2.45,83.86,0.35,8.95,66.63,3.3,"[{""unit"":""serving"",""grams"":100,""description"":""100g""},{""unit"":""g"",""grams"":1}]","ICMR-NIN IFCT 2017"
de53411e-1870-4bf8-a7c3-2676a830832e,ifct,"Dates, dry, dark brown (Khajur, Date palm, Kharjura)",,,311,2.38,81.77,0.35,9.1,68.84,3.1,"[{""unit"":""serving"",""grams"":100,""description"":""100g""},{""unit"":""g"",""grams"":1}]","ICMR-NIN IFCT 2017"
8909618e-d9a3-4757-8e9f-f75289847ccf,ifct,"Dates, processed (Khajur, Date palm, Kharjura)",,,286,1.18,74.47,0.41,6.52,56.96,1.6,"[{""unit"":""serving"",""grams"":100,""description"":""100g""},{""unit"":""g"",""grams"":1}]","ICMR-NIN IFCT 2017"
3c61dcad-576f-4c7f-96a3-a30f742bcea1,ifct,"Fig (Anjeer, Common fig, Dumura)",,,82,2.03,20.92,0.37,4.64,8.64,2.4,"[{""unit"":""serving"",""grams"":100,""description"":""100g""},{""unit"":""g"",""grams"":1}]","ICMR-NIN IFCT 2017"
495c0988-07fd-4476-80c5-74aa1b94b05f,ifct,"Goosberry (Amla, Indian Gooseberry, Nellikkai)",,,24,0.34,12.14,0.16,7.75,3.39,1.4,"[{""unit"":""serving"",""grams"":100,""description"":""100g""},{""unit"":""g"",""grams"":1}]","ICMR-NIN IFCT 2017"
006ba752-3f81-41e2-98f2-48321cf9d1af,ifct,"Grapes, seeded, round, black (Angoor, Panneer dratchai, Draksha padu.)",,,61,0.76,14.58,0.32,1.35,10.02,1.9,"[{""unit"":""serving"",""grams"":100,""description"":""100g""},{""unit"":""g"",""grams"":1}]","ICMR-NIN IFCT 2017"
9b72005e-3b48-4d4a-8775-2bda45da5b39,ifct,"Grapes, seeded, round, green (Angoor, Dratchai, Draksha padu.)",,,56,0.77,13.44,0.29,1.25,9.59,1.9,"[{""unit"":""serving"",""grams"":100,""description"":""100g""},{""unit"":""g"",""grams"":1}]","ICMR-NIN IFCT 2017"
ebc15a9b-f658-420e-b5d3-bf0c2c0a5e00,ifct,"Grapes, seeded, round, red (Angoor, Dratchai, Draksha padu.)",,,58,0.95,13.83,0.29,1.28,10.47,1.6,"[{""unit"":""serving"",""grams"":100,""description"":""100g""},{""unit"":""g"",""grams"":1}]","ICMR-NIN IFCT 2017"
62a6671d-04a2-4e2c-8fcb-7a08072a6997,ifct,"Grapes, seedless, oval, black (Angoor, Dratchai, Draksha padu.)",,,94,1.41,22.12,0.46,1.64,9.19,1.8,"[{""unit"":""serving"",""grams"":100,""description"":""100g""},{""unit"":""g"",""grams"":1}]","ICMR-NIN IFCT 2017"
1db81b75-4394-438f-995b-678dfa4a8534,ifct,"Grapes, seedless, round, green (Angoor, Dratchai, Draksha padu.)",,,54,0.62,13.09,0.26,1.28,9.6,1.8,"[{""unit"":""serving"",""grams"":100,""description"":""100g""},{""unit"":""g"",""grams"":1}]","ICMR-NIN IFCT 2017"
20369768-1881-47f1-a580-e81fa13d6336,ifct,"Grapes, seedless, round, black (Angoor, Dratchai, Draksha padu.)",,,89,1.24,21.01,0.35,1.15,10.88,1.9,"[{""unit"":""serving"",""grams"":100,""description"":""100g""},{""unit"":""g"",""grams"":1}]","ICMR-NIN IFCT 2017"
0149bce1-d135-4c04-bf10-ab345a3447e6,ifct,"Guava, white flesh (Amrud, Peyara, Koiyapazham)",,,32,1.44,13.72,0.32,8.59,4.1,2.9,"[{""unit"":""serving"",""grams"":100,""description"":""100g""},{""unit"":""g"",""grams"":1}]","ICMR-NIN IFCT 2017"
826b81fe-1217-4ddf-8a61-02e42485ca9a,ifct,"Guava, pink flesh (Amrud, Peyara, Koiyapazham)",,,47,1.19,16.53,0.25,7.39,7.79,1.9,"[{""unit"":""serving"",""grams"":100,""description"":""100g""},{""unit"":""g"",""grams"":1}]","ICMR-NIN IFCT 2017"
129c5f95-80d6-42ee-a3a5-47be669c37f3,ifct,"Jack fruit, ripe (Kathal, Jakfruit, Jak)",,,72,2.74,17.63,0.15,3.62,12.21,1.6,"[{""unit"":""serving"",""grams"":100,""description"":""100g""},{""unit"":""g"",""grams"":1}]","ICMR-NIN IFCT 2017"
26c66f7e-c1a1-445e-badb-d2da562c833b,ifct,"Jambu fruit, ripe (Jamun, Java apple, Semarang rose apple)",,,56,0.82,15.37,0.17,3.07,6.84,2.6,"[{""unit"":""serving"",""grams"":100,""description"":""100g""},{""unit"":""g"",""grams"":1}]","ICMR-NIN IFCT 2017"
8a64db0f-f856-4e91-80a3-24639951c242,ifct,"Karonda fruit (Balalak, dindimi, Koromcha)",,,34,1.15,10.12,1.67,7.25,1.75,2.6,"[{""unit"":""serving"",""grams"":100,""description"":""100g""},{""unit"":""g"",""grams"":1}]","ICMR-NIN IFCT 2017"
db926ba8-066d-4c53-baf3-41cedb4a86a7,ifct,"Lemon, juice (Nimbhu, Pati Lebu, Nimapandu)",,,37,0.41,0,0.75,0,2.59,1.2,"[{""unit"":""serving"",""grams"":100,""description"":""100g""},{""unit"":""g"",""grams"":1}]","ICMR-NIN IFCT 2017"
22e8f977-a958-4085-b10c-0a3fc441c892,ifct,"Lime, sweet, pulp (Mosambi, Mitha lebu, Kolinchi pazham)",,,27,0.76,7.25,0.2,2.07,3.42,1.2,"[{""unit"":""serving"",""grams"":100,""description"":""100g""},{""unit"":""g"",""grams"":1}]","ICMR-NIN IFCT 2017"
d8958830-8366-4010-aa54-13b76bb56f05,ifct,"Litchi (Lichi, Lychee, Lichu)",,,54,0.99,12.75,0.26,1.34,9.3,0.5,"[{""unit"":""serving"",""grams"":100,""description"":""100g""},{""unit"":""g"",""grams"":1}]","ICMR-NIN IFCT 2017"
5ffa9a6d-3a20-4df6-88c6-a5d0e72a2227,ifct,"Mango, ripe, banganapalli (Aam (paka), Aam(paka), Mampazham)",,,42,0.54,10.06,0.55,1.88,7.77,1.3,"[{""unit"":""serving"",""grams"":100,""description"":""100g""},{""unit"":""g"",""grams"":1}]","ICMR-NIN IFCT 2017"
1cb3950e-91d8-4d82-ad52-8a248bc043bc,ifct,"Mango, ripe, gulabkhas (Aam (paka), Mampazham, Mamidi pandu)",,,50,0.52,11.99,0.53,1.67,8.13,1.4,"[{""unit"":""serving"",""grams"":100,""description"":""100g""},{""unit"":""g"",""grams"":1}]","ICMR-NIN IFCT 2017"
d421692a-4884-430f-9061-54df7900bd9a,ifct,"Mango, ripe, himsagar (Aam (paka), Mampazham, Mamidi pandu)",,,45,0.46,10.58,0.54,1.55,8.06,1.3,"[{""unit"":""serving"",""grams"":100,""description"":""100g""},{""unit"":""g"",""grams"":1}]","ICMR-NIN IFCT 2017"
1cd2fc54-98e9-488a-8c45-427d428b8f4c,ifct,"Mango, ripe, kesar (Aam (paka), Mampazham, Mamidi pandu)",,,55,0.54,13.38,0.57,2.02,9,1.4,"[{""unit"":""1 cup slices"",""grams"":150,""description"":""1 1 cup slices (~150g)""},{""unit"":""g"",""grams"":1}]","ICMR-NIN IFCT 2017"
fb591b12-d084-4fc3-9743-b602c93d5453,ifct,"Mango, ripe, neelam (Aam (paka), Mampazham, Mamidi pandu)",,,43,0.68,9.98,0.55,1.77,7.94,1.2,"[{""unit"":""serving"",""grams"":100,""description"":""100g""},{""unit"":""g"",""grams"":1}]","ICMR-NIN IFCT 2017"
d2b0acf7-3c22-4b03-8156-67c0a20fac02,ifct,"Mango, ripe, paheri (Aam (paka), Mampazham, Mamidi pandu)",,,45,0.68,10.64,0.58,1.97,8.48,1.6,"[{""unit"":""serving"",""grams"":100,""description"":""100g""},{""unit"":""g"",""grams"":1}]","ICMR-NIN IFCT 2017"
0e28fcb9-9a47-4c3d-a244-1939b6a4c5de,ifct,"Mango, ripe, totapari (Aam (paka), Mampazham, Mamidi pandu)",,,59,0.41,14.48,0.49,1.73,9.24,1.3,"[{""unit"":""serving"",""grams"":100,""description"":""100g""},{""unit"":""g"",""grams"":1}]","ICMR-NIN IFCT 2017"
11b34919-c651-464a-b40e-1bc908c6ce4e,ifct,"Mangosteen (Mangustan, Purple mangosteen, Sulambali.)",,,52,0.63,13.28,0.24,1.87,8.91,3.8,"[{""unit"":""serving"",""grams"":100,""description"":""100g""},{""unit"":""g"",""grams"":1}]","ICMR-NIN IFCT 2017"
32bc2bc3-941a-4614-9bb0-c5c6f00506cb,ifct,"Manila tamarind (Ganga imli/ Jangal jalebi, Jilapi, Kodukkapuli)",,,82,3.56,17.94,1.14,4.4,12.13,1.4,"[{""unit"":""serving"",""grams"":100,""description"":""100g""},{""unit"":""g"",""grams"":1}]","ICMR-NIN IFCT 2017"
6c18f41d-2e1b-4b2d-a55d-3811163c2267,ifct,"Musk melon, orange flesh (Kharbooja, Muskmelon, Kharamuja)",,,23,0.42,5.75,0.35,1.51,2.99,14.9,"[{""unit"":""serving"",""grams"":100,""description"":""100g""},{""unit"":""g"",""grams"":1}]","ICMR-NIN IFCT 2017"
5c5e9c0a-b23c-4669-85ec-fb286c3cc9c9,ifct,"Musk melon, yellow flesh (Kharbooja, Muskmelon, Kharamuja)",,,28,0.53,6.89,0.26,1.49,2.36,15.8,"[{""unit"":""serving"",""grams"":100,""description"":""100g""},{""unit"":""g"",""grams"":1}]","ICMR-NIN IFCT 2017"
a889676d-98c0-4c22-84d2-76fe86d42633,ifct,"Orange, pulp (Santra, Kamala lebu, Saathukudi)",,,37,0.7,9.21,0.13,1.29,6.86,1.5,"[{""unit"":""1 medium orange (pulp)"",""grams"":130,""description"":""1 medium orange (pulp)""},{""unit"":""g"",""grams"":1}]","ICMR-NIN IFCT 2017"
c3faa49e-bb60-4ffe-8b95-2842002873dc,ifct,"Palm fruit, tender (Tar, Doub palm, Palmyra palm)",,,24,0.5,7.32,0.12,2.4,0.19,1.2,"[{""unit"":""serving"",""grams"":100,""description"":""100g""},{""unit"":""g"",""grams"":1}]","ICMR-NIN IFCT 2017"
c4e0487b-c913-4580-a955-523204f14fce,ifct,"Papaya, ripe (Papita, Papaw, Pawpaw)",,,24,0.42,7.44,0.16,2.83,4.09,6.7,"[{""unit"":""serving"",""grams"":100,""description"":""100g""},{""unit"":""g"",""grams"":1}]","ICMR-NIN IFCT 2017"
1cc15b0f-df66-4c83-b799-c4c288505d05,ifct,"Peach (Aroo, Nectarine, Ahom bogori)",,,40,0.86,9.95,0.37,2.13,6.95,1.1,"[{""unit"":""serving"",""grams"":100,""description"":""100g""},{""unit"":""g"",""grams"":1}]","ICMR-NIN IFCT 2017"
996532b9-09e6-43f8-b45a-5778c6e7bedd,ifct,"Pear (Nashpati, Berikkai, Berikaya)",,,38,0.36,12.57,0.27,4.48,7.39,1.6,"[{""unit"":""serving"",""grams"":100,""description"":""100g""},{""unit"":""g"",""grams"":1}]","ICMR-NIN IFCT 2017"
f69f4f31-12d9-42f2-995b-cc07af55526a,ifct,"Phalsa (Falsa, Palisa, Falsa pandu)",,,71,1.66,19.63,0.14,4.54,13,2,"[{""unit"":""serving"",""grams"":100,""description"":""100g""},{""unit"":""g"",""grams"":1}]","ICMR-NIN IFCT 2017"
35e458cf-9245-4e93-8383-3c563c0bee67,ifct,"Pineapple (Ananas, Anarasa, Annasi pazham)",,,43,0.52,12.88,0.16,3.46,8.56,1.4,"[{""unit"":""serving"",""grams"":100,""description"":""100g""},{""unit"":""g"",""grams"":1}]","ICMR-NIN IFCT 2017"
773c72e0-f7e6-435f-bf3a-0a308ea2c9a1,ifct,"Plum (Alubokhara, Alapagoda., Aaddu)",,,57,0.64,14.17,0.4,2.07,10.13,1.6,"[{""unit"":""serving"",""grams"":100,""description"":""100g""},{""unit"":""g"",""grams"":1}]","ICMR-NIN IFCT 2017"
ebab0f08-5110-45e3-aea3-ae5490d84580,ifct,"Pomegranate, maroon seeds (Anar, Bedana, Madhulam pazham)",,,55,1.33,14.41,0.15,2.83,10.87,2.1,"[{""unit"":""serving"",""grams"":100,""description"":""100g""},{""unit"":""g"",""grams"":1}]","ICMR-NIN IFCT 2017"
e6f047d5-da32-412a-ae6a-2aa4dbd8b8a5,ifct,"Pummelo (Chakotra, Pomelo, Batabilembu)",,,50,0.68,11.44,0.42,0.8,4.38,1.1,"[{""unit"":""serving"",""grams"":100,""description"":""100g""},{""unit"":""g"",""grams"":1}]","ICMR-NIN IFCT 2017"
3ef5d067-1c6d-4b43-a15b-6a6c4d960941,ifct,"Raisins, dried, black (Kishmish, Dried grape, Ular dhirachai)",,,306,2.57,75.21,0.34,3.92,61.51,11,"[{""unit"":""serving"",""grams"":100,""description"":""100g""},{""unit"":""g"",""grams"":1}]","ICMR-NIN IFCT 2017"
34374cce-c3d0-4554-9475-e3adf0b7d378,ifct,"Raisins, dried, golden (Kishmish, Dried grape, Ular dhirachai)",,,297,2.76,73.35,0.35,4.56,57.12,10.2,"[{""unit"":""serving"",""grams"":100,""description"":""100g""},{""unit"":""g"",""grams"":1}]","ICMR-NIN IFCT 2017"
ae47f1a7-fba6-428b-9df0-48525ec997c5,ifct,"Rambutan (Rambutan.)",,,73,0.68,17.86,0.16,1.02,15.8,1.8,"[{""unit"":""serving"",""grams"":100,""description"":""100g""},{""unit"":""g"",""grams"":1}]","ICMR-NIN IFCT 2017"
29fa2844-22d9-4543-a635-7357df738035,ifct,"Sapota (Chiku, Sapodilla, Sapota.)",,,73,0.92,23.5,1.26,9.6,12.3,4.6,"[{""unit"":""serving"",""grams"":100,""description"":""100g""},{""unit"":""g"",""grams"":1}]","ICMR-NIN IFCT 2017"
f892a38c-0fa5-4edc-8003-3ec301d74774,ifct,"Soursop (Shul-ram fal, Malai seethapalam/ Paanghi pazham, Lakshamana phalamu.)",,,62,0.74,16.89,0.94,4.95,9.83,6.8,"[{""unit"":""serving"",""grams"":100,""description"":""100g""},{""unit"":""g"",""grams"":1}]","ICMR-NIN IFCT 2017"
331787fc-3e8f-42d7-908a-e4dfffffb74f,ifct,"Star fruit (Kazmal/Kamrakh, Carambola, Starfruit)",,,26,0.79,7.32,0.39,2.81,3.95,1.6,"[{""unit"":""serving"",""grams"":100,""description"":""100g""},{""unit"":""g"",""grams"":1}]","ICMR-NIN IFCT 2017"
06f759d9-7ff9-4ad7-b717-d476b7fc72dc,ifct,"Strawberry (Strawberry., Nela milli hannu, Strawberry/ soh stap)",,,25,0.97,5.9,0.56,2.5,3.56,1.2,"[{""unit"":""serving"",""grams"":100,""description"":""100g""},{""unit"":""g"",""grams"":1}]","ICMR-NIN IFCT 2017"
332d0afb-50ef-40d1-aee5-ffbb4812d21c,ifct,"Tamarind, pulp (Imli, Tetul, Puli)",,,288,2.92,72.66,0.15,5.31,52.88,24.9,"[{""unit"":""serving"",""grams"":100,""description"":""100g""},{""unit"":""g"",""grams"":1}]","ICMR-NIN IFCT 2017"
2c7def30-ab03-4f5a-ad59-9c4eaa153d06,ifct,"Water melon, dark green (sugar baby) (Tarbuj, Watermelon, Tarmuj)",,,20,0.6,4.56,0.16,0.7,3.66,1.9,"[{""unit"":""serving"",""grams"":100,""description"":""100g""},{""unit"":""g"",""grams"":1}]","ICMR-NIN IFCT 2017"
4b2504fd-4ba9-4c1d-8cb3-c20fde3e90c4,ifct,"Water melon, pale green (Tarbuj, Watermelon, Tarmuj)",,,17,0.59,3.8,0.16,0.78,3,1.6,"[{""unit"":""serving"",""grams"":100,""description"":""100g""},{""unit"":""g"",""grams"":1}]","ICMR-NIN IFCT 2017"
d03588b1-a692-4274-8b90-fc4f32800bd9,ifct,"Wood Apple (Kaith, Elephant apple, Koyeth Bael)",,,78,3.14,12.73,3.62,5.21,3.81,1.5,"[{""unit"":""serving"",""grams"":100,""description"":""100g""},{""unit"":""g"",""grams"":1}]","ICMR-NIN IFCT 2017"
60e2477a-3106-4aaa-93e2-15ad5f8f6817,ifct,"Zizyphus (Ber, Jujube, Ziziphus)",,,49,1.34,13.13,0.35,3.73,8.29,1.5,"[{""unit"":""serving"",""grams"":100,""description"":""100g""},{""unit"":""g"",""grams"":1}]","ICMR-NIN IFCT 2017"
254cb241-f7a8-4678-8fa5-82b1f0866cfb,ifct,"Beet root (Chukandar, Beetroot, Table beet)",,,36,1.95,9.49,0.14,3.31,4.35,69.4,"[{""unit"":""serving"",""grams"":100,""description"":""100g""},{""unit"":""g"",""grams"":1}]","ICMR-NIN IFCT 2017"
c0f90f49-5734-435f-9ca4-61589056f2b7,ifct,"Carrot, orange (Gajar, Gajjara gadda, Gajor)",,,33,0.95,9.73,0.47,4.18,3.23,52.3,"[{""unit"":""serving"",""grams"":100,""description"":""100g""},{""unit"":""g"",""grams"":1}]","ICMR-NIN IFCT 2017"
bab0acaa-56c3-4a77-a15c-871057355b24,ifct,"Carrot, red (Gajar, Gajjara gadda, Gajor)",,,38,1.04,11.2,0.47,4.49,3.96,60.7,"[{""unit"":""serving"",""grams"":100,""description"":""100g""},{""unit"":""g"",""grams"":1}]","ICMR-NIN IFCT 2017"
40cc07e7-68f0-4ae3-9503-811596462535,ifct,"Colocasia (Arwi, Taro, Kochu)",,,89,3.31,21.07,0.17,3.22,0.9,4.5,"[{""unit"":""serving"",""grams"":100,""description"":""100g""},{""unit"":""g"",""grams"":1}]","ICMR-NIN IFCT 2017"
54da27ce-51bb-4006-92c5-06c8d6f1cad0,ifct,"Lotus root (Kamal gatta, Kamal kakdi, Thamaraithandu)",,,79,1.94,19.37,0.93,4.7,0.24,20.6,"[{""unit"":""serving"",""grams"":100,""description"":""100g""},{""unit"":""g"",""grams"":1}]","ICMR-NIN IFCT 2017"
9d2fb444-8af1-41da-8275-c255216c7bd4,ifct,"Potato, brown skin, big (Alu, Gal alu, Urulai kizhangu)",,,70,1.54,16.6,0.23,1.71,0.32,4.1,"[{""unit"":""1 medium potato"",""grams"":100,""description"":""1 1 medium potato (~100g)""},{""unit"":""g"",""grams"":1}]","ICMR-NIN IFCT 2017"
7598cd1b-b3b4-41cb-becd-0ac653d7b1ea,ifct,"Potato, brown skin, small (Alu, Gal alu, Urulaikizhangu)",,,61,1.35,14.59,0.22,1.69,0.44,4,"[{""unit"":""serving"",""grams"":100,""description"":""100g""},{""unit"":""g"",""grams"":1}]","ICMR-NIN IFCT 2017"
8f10a7b1-ac9d-46a9-a907-8fa14b7ce027,ifct,"Potato, red skin (Alu, Gal alu, Urulaikizhangu)",,,73,1.83,17.11,0.22,1.68,0.38,4.4,"[{""unit"":""serving"",""grams"":100,""description"":""100g""},{""unit"":""g"",""grams"":1}]","ICMR-NIN IFCT 2017"
00964c76-7a12-4aa1-85e7-42ff26f1ace2,ifct,"Radish, elongate, red skin (Muli, Mula, Mullangi)",,,32,0.67,9.17,0.13,2.46,1.15,24.7,"[{""unit"":""serving"",""grams"":100,""description"":""100g""},{""unit"":""g"",""grams"":1}]","ICMR-NIN IFCT 2017"
53aabffa-febc-4602-8b9b-335977e94fa0,ifct,"Radish, elongate, white skin (Muli, Mula, Mullangi)",,,32,0.77,9.21,0.15,2.65,0.95,28.2,"[{""unit"":""serving"",""grams"":100,""description"":""100g""},{""unit"":""g"",""grams"":1}]","ICMR-NIN IFCT 2017"
6083694c-ff39-4614-bf13-bbf3ee989efb,ifct,"Radish, round, red skin (Muli, Mula, Mullangi)",,,31,0.89,8.36,0.16,2.29,0.86,32.3,"[{""unit"":""serving"",""grams"":100,""description"":""100g""},{""unit"":""g"",""grams"":1}]","ICMR-NIN IFCT 2017"
e5c4e4d8-2a55-40ee-ba85-843a8a74a8c2,ifct,"Radish, round, white skin (Muli, Mula, Mullangi)",,,31,0.8,8.5,0.14,2.37,1.16,24.1,"[{""unit"":""serving"",""grams"":100,""description"":""100g""},{""unit"":""g"",""grams"":1}]","ICMR-NIN IFCT 2017"
6bdc8495-c966-4ce7-b164-1e10b4c8cd0e,ifct,"Sweet potato, brown skin (Shakarkand, Ranga alu, Sakkarvalli kizhangu)",,,109,1.33,28.24,0.26,3.99,3.63,29.6,"[{""unit"":""serving"",""grams"":100,""description"":""100g""},{""unit"":""g"",""grams"":1}]","ICMR-NIN IFCT 2017"
51063841-946d-47bd-bcef-a8eb6ef0af80,ifct,"Sweet potato, pink skin (Shakarkand, Ranga alu, Sakkarvalli kizhangu)",,,108,1.27,27.87,0.33,3.94,4.03,29,"[{""unit"":""serving"",""grams"":100,""description"":""100g""},{""unit"":""g"",""grams"":1}]","ICMR-NIN IFCT 2017"
9b90ed89-07f9-43ed-a69f-17893dc56dc7,ifct,"Tapioca (Simla alu, Maravalli kizhangu, Krrapendalamu)",,,80,1.03,22.42,0.2,4.61,2.14,10.9,"[{""unit"":""serving"",""grams"":100,""description"":""100g""},{""unit"":""g"",""grams"":1}]","ICMR-NIN IFCT 2017"
90d9f6fd-e5b2-4585-a2cf-be4f46458b72,ifct,"Water Chestnut (Mar. Shingara, Pani phal, Singhara)",,,96,0.86,24.48,0.37,3.02,1.95,13.1,"[{""unit"":""serving"",""grams"":100,""description"":""100g""},{""unit"":""g"",""grams"":1}]","ICMR-NIN IFCT 2017"
37c94cfa-31d4-4251-836f-59ef5e097f4d,ifct,"Yam, elephant (Zimikandha, Elephant foot yam, Whitespot giant arum)",,,84,2.56,21.63,0.14,4.17,1.58,14.3,"[{""unit"":""serving"",""grams"":100,""description"":""100g""},{""unit"":""g"",""grams"":1}]","ICMR-NIN IFCT 2017"
838b575b-64f1-4faf-9477-3cc9b6995d57,ifct,"Yam, ordinary (Sooran, White yam, Winged yam)",,,83,2.18,21.73,0.17,4.08,1.15,15.3,"[{""unit"":""serving"",""grams"":100,""description"":""100g""},{""unit"":""g"",""grams"":1}]","ICMR-NIN IFCT 2017"
e2a9c7a5-77c6-43f5-8aeb-2f4c148cc46e,ifct,"Yam, wild (Suaralu, Ranga alu, Kodi kizhangu)",,,103,3.07,25.52,0.3,4.57,1.54,12.8,"[{""unit"":""serving"",""grams"":100,""description"":""100g""},{""unit"":""g"",""grams"":1}]","ICMR-NIN IFCT 2017"
f5419492-7f46-4dcf-b266-40ddb870275d,ifct,"Chillies, green-1 (Hara Mirchi, Chili pepper, Pachhai milagai)",,,46,2.62,11.18,0.73,4.86,0.71,3.3,"[{""unit"":""serving"",""grams"":100,""description"":""100g""},{""unit"":""g"",""grams"":1}]","ICMR-NIN IFCT 2017"
a049518e-aff3-4073-a22b-43f0cb98c94d,ifct,"Chillies, green-2 (Hara Mirchi, Chili pepper, Pachhai milagai)",,,40,2.28,10.4,0.75,5.13,1.05,2.5,"[{""unit"":""serving"",""grams"":100,""description"":""100g""},{""unit"":""g"",""grams"":1}]","ICMR-NIN IFCT 2017"
ac0592a1-b99f-476a-b1db-bd7edd1a405c,ifct,"Chillies, green-3 (Hara Mirchi, Chili pepper, Pachhai milagai)",,,40,2.38,10.33,0.75,5.1,0.54,2.6,"[{""unit"":""serving"",""grams"":100,""description"":""100g""},{""unit"":""g"",""grams"":1}]","ICMR-NIN IFCT 2017"
3e5e4b55-e81d-4045-98b8-4fe4723bc585,ifct,"Chillies, green-4 (Hara Mirchi, Chili pepper, Pachhai milagai)",,,45,2.33,10.78,0.74,4.15,0.62,1.9,"[{""unit"":""serving"",""grams"":100,""description"":""100g""},{""unit"":""g"",""grams"":1}]","ICMR-NIN IFCT 2017"
43944739-8fb7-4476-9e91-6622a45a15a7,ifct,"Chillies, green-5 (Hara Mirchi, Chili pepper, Pachhai milagai)",,,43,2.01,10.59,0.65,3.95,0.46,2.2,"[{""unit"":""serving"",""grams"":100,""description"":""100g""},{""unit"":""g"",""grams"":1}]","ICMR-NIN IFCT 2017"
0aba2f31-8d28-4faf-b020-860a066ab976,ifct,"Chillies, green-6 (Hara Mirchi, Chili pepper, Pachhai milagai)",,,42,3.01,10.46,0.64,5.15,0.59,2.4,"[{""unit"":""serving"",""grams"":100,""description"":""100g""},{""unit"":""g"",""grams"":1}]","ICMR-NIN IFCT 2017"
d264a7d6-fb0c-46ba-b4c8-9de3d41dcc38,ifct,"Chillies, green-7 (Hara Mirchi, Chili pepper, Pachhai milagai)",,,39,2.12,10.56,0.6,4.95,0.73,2,"[{""unit"":""serving"",""grams"":100,""description"":""100g""},{""unit"":""g"",""grams"":1}]","ICMR-NIN IFCT 2017"
a3a18e0a-18ba-46a9-bde1-2d10000f2228,ifct,"Chillies, green - all varieties (Hara Mirchi, Chili pepper, Pachhai milagai)",,,42,2.36,10.63,0.72,4.77,0.67,2.5,"[{""unit"":""serving"",""grams"":100,""description"":""100g""},{""unit"":""g"",""grams"":1}]","ICMR-NIN IFCT 2017"
f80eda2a-af0c-4941-85f0-f59ab0b6751b,ifct,"Coriander leaves (Hara dhania, Cilantro, Chinese parsley)",,,31,3.52,6.59,0.7,4.66,0.17,37,"[{""unit"":""serving"",""grams"":100,""description"":""100g""},{""unit"":""g"",""grams"":1}]","ICMR-NIN IFCT 2017"
4f0e914e-c0f1-4fc7-90d5-e3de5f0775e3,ifct,"Curry leaves (Gandhela, Sweet Neem leaves, Karhi-pat)",,,64,7.41,21.34,1.06,16.83,0.6,18.7,"[{""unit"":""serving"",""grams"":100,""description"":""100g""},{""unit"":""g"",""grams"":1}]","ICMR-NIN IFCT 2017"
79ac9a57-5143-4441-ad8e-92fca911ea0d,ifct,"Garlic, big clove (Lehsan, Rashun, Poondu)",,,124,6.92,27.15,0.16,5.22,5.97,9.4,"[{""unit"":""serving"",""grams"":100,""description"":""100g""},{""unit"":""g"",""grams"":1}]","ICMR-NIN IFCT 2017"
d149cef2-4675-49f5-a6f2-1fe53c488e67,ifct,"Garlic, small clove (Lehsan, Rashun, Poondu)",,,123,6.75,27.31,0.14,5.47,4.84,10.6,"[{""unit"":""serving"",""grams"":100,""description"":""100g""},{""unit"":""g"",""grams"":1}]","ICMR-NIN IFCT 2017"
fb90a7d9-79a5-437c-90a5-7f46fd75c9f0,ifct,"Garlic, single clove, Kashmir (Lehsan, Ek koya Rashun, Ottrai poondu)",,,125,6.12,27.47,0.16,4.01,3.73,8.9,"[{""unit"":""serving"",""grams"":100,""description"":""100g""},{""unit"":""g"",""grams"":1}]","ICMR-NIN IFCT 2017"
af39d9a2-a657-430f-b44b-ae450c2c4f36,ifct,"Ginger, fresh (Adrak, Ada, Inji)",,,55,2.22,14.33,0.85,5.36,1.31,10,"[{""unit"":""serving"",""grams"":100,""description"":""100g""},{""unit"":""g"",""grams"":1}]","ICMR-NIN IFCT 2017"
cd53ff3e-7269-4e87-8ebe-4e1d59df6ab9,ifct,"Mango ginger (Aam adhrak, Amada, Mainji)",,,42,1.45,11.72,0.7,4.74,2.42,5.5,"[{""unit"":""serving"",""grams"":100,""description"":""100g""},{""unit"":""g"",""grams"":1}]","ICMR-NIN IFCT 2017"
8bf58f99-9821-4a31-84b9-d2424b77e0c2,ifct,"Mint leaves (Pudina, Mentha, Phudino)",,,37,4.66,8.28,0.65,5.89,0.08,16.9,"[{""unit"":""serving"",""grams"":100,""description"":""100g""},{""unit"":""g"",""grams"":1}]","ICMR-NIN IFCT 2017"
bf8a41c2-2ee8-44a6-89e9-99a8dc056195,ifct,"Onion, big (Pyaz, Bulb onion, Common onion)",,,48,1.5,12.01,0.24,2.45,5.88,5.5,"[{""unit"":""1 medium onion"",""grams"":100,""description"":""1 1 medium onion (~100g)""},{""unit"":""g"",""grams"":1}]","ICMR-NIN IFCT 2017"
047e2e18-9f6f-47c1-b28f-feabec67654f,ifct,"Onion, small (Pyaaz Kali, Bulb onion, Common onion)",,,57,1.82,12.74,0.16,1.16,5.62,4.1,"[{""unit"":""serving"",""grams"":100,""description"":""100g""},{""unit"":""g"",""grams"":1}]","ICMR-NIN IFCT 2017"
0608a68b-507a-44fd-af07-01274895286a,ifct,"Asafoetida (Hing, Food of the Gods, Jowani Badian)",,,332,6.34,77.08,1.26,5.13,0.93,16,"[{""unit"":""serving"",""grams"":100,""description"":""100g""},{""unit"":""g"",""grams"":1}]","ICMR-NIN IFCT 2017"
0eb86f14-a539-4210-9557-45ccf06d77a2,ifct,"Cardamom, green (Elaychi, True cardamom, Elach)",,,255,8.1,70.86,2.6,23.1,4.28,15.5,"[{""unit"":""serving"",""grams"":100,""description"":""100g""},{""unit"":""g"",""grams"":1}]","ICMR-NIN IFCT 2017"
2687ec8d-aa1e-44c9-b0a9-d4eb22b12f89,ifct,"Cardamom, black (Badi elaychi, Hill cardamom, Bengal cardamom)",,,271,6.69,75.99,2.8,23.46,2.3,16.2,"[{""unit"":""serving"",""grams"":100,""description"":""100g""},{""unit"":""g"",""grams"":1}]","ICMR-NIN IFCT 2017"
19396b17-edc2-42f5-a19d-9552f76ee13d,ifct,"Chillies, red (Mirchi, Red chilli pepper, Shuckhuo Lonka)",,,237,12.69,60.61,6.4,31.15,4.7,19.4,"[{""unit"":""serving"",""grams"":100,""description"":""100g""},{""unit"":""g"",""grams"":1}]","ICMR-NIN IFCT 2017"
04d39ee6-a67c-4f8c-83b6-93053dfe5d54,ifct,"Cloves (Lavang, Lobong, Krambu)",,,187,5.86,53.25,8.41,34.52,2.1,183,"[{""unit"":""serving"",""grams"":100,""description"":""100g""},{""unit"":""g"",""grams"":1}]","ICMR-NIN IFCT 2017"
57522397-11b0-4923-82ee-384ba9409248,ifct,"Coriander seeds (Dhania, Cilantro seeds, Chinese parsley seeds)",,,269,10.66,57.79,17.47,44.81,2.38,34.4,"[{""unit"":""serving"",""grams"":100,""description"":""100g""},{""unit"":""g"",""grams"":1}]","ICMR-NIN IFCT 2017"
ad93323b-6401-49ac-bc82-28ad31d9ca00,ifct,"Cumin seeds (Jira, Jire, Jeerakam)",,,304,13.91,52.97,16.64,30.35,1.38,125,"[{""unit"":""serving"",""grams"":100,""description"":""100g""},{""unit"":""g"",""grams"":1}]","ICMR-NIN IFCT 2017"
bd0700cc-0ea0-40da-87c9-548a45be47b9,ifct,"Fenugreek seeds (Methi, Venthayam, Menthulu)",,,235,25.41,58.12,5.72,47.55,0.55,40.2,"[{""unit"":""serving"",""grams"":100,""description"":""100g""},{""unit"":""g"",""grams"":1}]","ICMR-NIN IFCT 2017"
11b305a8-8eb3-42de-88b1-67a2ef856397,ifct,"Mace (Avithri, Nutmeg, Jayitri)",,,356,6.24,46.82,24.41,20.31,0.85,27.2,"[{""unit"":""serving"",""grams"":100,""description"":""100g""},{""unit"":""g"",""grams"":1}]","ICMR-NIN IFCT 2017"
1e7c64bc-f00b-4301-b4cd-f452b83609b9,ifct,"Nutmeg (Jaiphal, Fragrant nutmeg, True nutmeg)",,,464,6.3,39.63,36.52,11.99,1.08,14.3,"[{""unit"":""serving"",""grams"":100,""description"":""100g""},{""unit"":""g"",""grams"":1}]","ICMR-NIN IFCT 2017"
8837d95e-7618-40e1-a7ca-f5443baa3706,ifct,"Omum (Ajwan, Ajwain, Ajowan)",,,357,15.89,45.11,21.11,20.58,2.76,28.6,"[{""unit"":""serving"",""grams"":100,""description"":""100g""},{""unit"":""g"",""grams"":1}]","ICMR-NIN IFCT 2017"
557c9e91-fb5e-434c-8432-5e01fd8e47e2,ifct,"Pippali (Pipli, Long pepper, Indian long pepper)",,,217,10.53,69.84,2.27,34.14,2.75,16.3,"[{""unit"":""serving"",""grams"":100,""description"":""100g""},{""unit"":""g"",""grams"":1}]","ICMR-NIN IFCT 2017"
b9842371-c3b2-426b-879d-1f5ad8ddf738,ifct,"Pepper, black (Kalimirchi, Peppercorn, Golmarichi)",,,217,10.12,69.38,2.74,33.16,0.32,24.1,"[{""unit"":""serving"",""grams"":100,""description"":""100g""},{""unit"":""g"",""grams"":1}]","ICMR-NIN IFCT 2017"
b5b7a589-ad46-4e20-a5bf-4dd3829e2af0,ifct,"Poppy seeds (Postdana, Posta, Khasakhasa)",,,423,20.31,39.05,30.38,26.68,1.85,25.4,"[{""unit"":""serving"",""grams"":100,""description"":""100g""},{""unit"":""g"",""grams"":1}]","ICMR-NIN IFCT 2017"
b3c81084-1698-4e9f-b85c-5f83b193099e,ifct,"Turmeric powder (Haldi, Holud, Manjal)",,,281,7.66,70.6,5.03,21.38,1.23,24.4,"[{""unit"":""serving"",""grams"":100,""description"":""100g""},{""unit"":""g"",""grams"":1}]","ICMR-NIN IFCT 2017"
c2070b2f-6986-44f7-8974-8b858e8676da,ifct,"Almond (Badam, Badam paruppu, Badam Pappu)",,,609,18.41,16.1,58.49,13.06,2.23,1.5,"[{""unit"":""8 almonds"",""grams"":10,""description"":""1 8 almonds (~10g)""},{""unit"":""g"",""grams"":1}]","ICMR-NIN IFCT 2017"
5c6b77de-3eda-4e31-96a1-32fc3bd98ac5,ifct,"Arecanut, dried, brown (Supari, Areca nut, Betel nut)",,,351,5.78,81.86,4.35,11.44,1.76,12.1,"[{""unit"":""serving"",""grams"":100,""description"":""100g""},{""unit"":""g"",""grams"":1}]","ICMR-NIN IFCT 2017"
7e7df708-7eba-4892-8750-ef795a2cae16,ifct,"Arecanut, dried, red color (Supari, Areca nut, Betel nut)",,,353,6.46,81.38,4.46,11.11,1.79,17.1,"[{""unit"":""serving"",""grams"":100,""description"":""100g""},{""unit"":""g"",""grams"":1}]","ICMR-NIN IFCT 2017"
f490da75-da53-40c4-9511-44513c8eda92,ifct,"Arecanut, fresh (Supari, Areca nut, Betel nut)",,,245,2.73,52.63,5.51,7.63,4.72,5.5,"[{""unit"":""serving"",""grams"":100,""description"":""100g""},{""unit"":""g"",""grams"":1}]","ICMR-NIN IFCT 2017"
88c5a698-456d-48ab-91b5-d907b28649c1,ifct,"Cashew nut (Kaju, Hijli Badam, Mundiri paruppu)",,,583,18.78,29.32,45.2,3.86,3.11,9,"[{""unit"":""7 cashews"",""grams"":10,""description"":""1 7 cashews (~10g)""},{""unit"":""g"",""grams"":1}]","ICMR-NIN IFCT 2017"
d9348ed5-3194-426f-a274-80f39d64f52f,ifct,"Coconut, kernal, dry (Nariyal, Narkel, Kopparai)",,,624,7.27,23.89,63.26,15.88,6.93,16.7,"[{""unit"":""serving"",""grams"":100,""description"":""100g""},{""unit"":""g"",""grams"":1}]","ICMR-NIN IFCT 2017"
6ee63e63-422c-40fd-9770-ce7382c1b085,ifct,"Coconut, kernel, fresh (Nariyal, Narkel, Thenkai)",,,409,3.84,16.72,41.38,10.42,6.2,8.1,"[{""unit"":""serving"",""grams"":100,""description"":""100g""},{""unit"":""g"",""grams"":1}]","ICMR-NIN IFCT 2017"
604b6170-c0cd-413e-a78d-e3a12ed4b530,ifct,"Garden cress, seeds (Halim, Alivirai, Adityala.)",,,445,23.36,41.93,23.74,8.27,0.91,21.8,"[{""unit"":""serving"",""grams"":100,""description"":""100g""},{""unit"":""g"",""grams"":1}]","ICMR-NIN IFCT 2017"
2e6e60fc-03ac-4a77-bb34-b65e31adc720,ifct,"Gingelly seeds, black (Til, Sesame seeds, Ellu)",,,508,19.17,27.45,43.1,17.16,0.99,15.9,"[{""unit"":""serving"",""grams"":100,""description"":""100g""},{""unit"":""g"",""grams"":1}]","ICMR-NIN IFCT 2017"
28d294a8-0c8a-4020-8164-729667157398,ifct,"Gingelly seeds, brown (Til, Sesame seeds, Ellu)",,,516,21.61,26.97,43.22,17.21,1.39,11.9,"[{""unit"":""serving"",""grams"":100,""description"":""100g""},{""unit"":""g"",""grams"":1}]","ICMR-NIN IFCT 2017"
9c5f9a2b-1b98-4201-bd01-cc26cd46a22c,ifct,"Gingelly seeds, white (Til, Sesame seeds, Ellu)",,,520,21.7,27.82,43.05,16.99,0.67,15.4,"[{""unit"":""serving"",""grams"":100,""description"":""100g""},{""unit"":""g"",""grams"":1}]","ICMR-NIN IFCT 2017"
9be67801-069b-4711-b03d-9f802c7ae370,ifct,"Ground nut (Moog phali, Peanut, Groundnut)",,,520,23.65,27.65,39.63,10.38,4.42,12.2,"[{""unit"":""1 handful"",""grams"":30,""description"":""1 1 handful (~30g)""},{""unit"":""g"",""grams"":1}]","ICMR-NIN IFCT 2017"
adf2c405-3aed-4029-97d3-eb609631d71b,ifct,"Mustard seeds (Rai, Sorse, Kadugu)",,,510,19.51,30.9,40.19,14.1,5.07,4,"[{""unit"":""serving"",""grams"":100,""description"":""100g""},{""unit"":""g"",""grams"":1}]","ICMR-NIN IFCT 2017"
c8cd576c-656b-42d8-a788-f265e2ef1e09,ifct,"Linseeds (Alsi, Flax seeds, Common flax)",,,444,18.55,37.16,35.67,26.17,0.6,32.9,"[{""unit"":""serving"",""grams"":100,""description"":""100g""},{""unit"":""g"",""grams"":1}]","ICMR-NIN IFCT 2017"
db16a768-9e18-4c7e-bf14-f2848b0a4106,ifct,"Niger seeds, black (Kala til, Ram til, Kattelu)",,,512,18.92,33.91,38.61,10.93,1.75,10.7,"[{""unit"":""serving"",""grams"":100,""description"":""100g""},{""unit"":""g"",""grams"":1}]","ICMR-NIN IFCT 2017"
b7a73711-43ff-4a07-bd10-b100b98c6765,ifct,"Niger seeds, gray (Kala til, Ram til, Kattelu)",,,509,18.34,31.55,39.53,10.96,0.41,8.1,"[{""unit"":""serving"",""grams"":100,""description"":""100g""},{""unit"":""g"",""grams"":1}]","ICMR-NIN IFCT 2017"
3cc1044e-d095-4788-b786-a6c3f7e23375,ifct,"Pine seed (Chilgoza, Pine nut, Jhurane biya)",,,594,12.55,30.56,48.79,3.79,4.67,1.3,"[{""unit"":""serving"",""grams"":100,""description"":""100g""},{""unit"":""g"",""grams"":1}]","ICMR-NIN IFCT 2017"
af7e53bb-fd2b-4a05-b77c-b05243627c8f,ifct,"Pistachio nuts (Pesta, Pista.)",,,539,23.35,26.46,42.49,10.64,7.9,6.9,"[{""unit"":""serving"",""grams"":100,""description"":""100g""},{""unit"":""g"",""grams"":1}]","ICMR-NIN IFCT 2017"
3bbc08a8-90b5-44be-b9f9-bf597e1d9046,ifct,"Safflower seeds (Kardi, Kusum, Sendurkan vidhai)",,,473,17.66,43.67,30.87,13.49,2.67,3.1,"[{""unit"":""serving"",""grams"":100,""description"":""100g""},{""unit"":""g"",""grams"":1}]","ICMR-NIN IFCT 2017"
a4ea6e1f-7d9c-4cf2-a1c5-48056dcb210d,ifct,"Sunflower seeds (Surya mukhi, Suraj mukhi, Suryakanthi vidhai)",,,586,23.53,17.65,51.85,10.8,2.81,1.9,"[{""unit"":""serving"",""grams"":100,""description"":""100g""},{""unit"":""g"",""grams"":1}]","ICMR-NIN IFCT 2017"
bbd8a559-5902-4b1e-a0ee-3ecad43d08ad,ifct,"Walnut (Akhrot, Akrot kaya, Akhrod)",,,671,14.92,15.53,64.27,5.39,3.22,1.3,"[{""unit"":""3 walnut halves"",""grams"":15,""description"":""1 3 walnut halves (~15g)""},{""unit"":""g"",""grams"":1}]","ICMR-NIN IFCT 2017"
250e5618-60f1-49ff-ae78-c93cf9f22b84,ifct,"Jaggery, cane (Gud, Gurh, Mandavellam)",,,354,1.85,84.87,0.16,0,84.32,25.4,"[{""unit"":""1 tsp (small lump)"",""grams"":10,""description"":""1 tsp (small lump)""},{""unit"":""g"",""grams"":1}]","ICMR-NIN IFCT 2017"
0febf4e1-9d2f-4ad8-b020-16a3d40ba994,ifct,"Sugarcane, juice (Ganne-ka-ras, Akher rosh, Karumbu charu)",,,58,0.16,13.67,0.4,0.56,12.85,1.2,"[{""unit"":""serving"",""grams"":100,""description"":""100g""},{""unit"":""g"",""grams"":1}]","ICMR-NIN IFCT 2017"
ba903fc5-ee81-4363-8b97-817a7328c539,ifct,"Button mushroom, fresh (Common mushroom, Portobello mushroom, Banger chata)",,,27,3.68,5.09,0.42,3.11,0.1,7.7,"[{""unit"":""serving"",""grams"":100,""description"":""100g""},{""unit"":""g"",""grams"":1}]","ICMR-NIN IFCT 2017"
1d4633b6-f468-411d-a26e-621893efb97e,ifct,"Chicken mushroom, fresh (Banger chata, Kaalaan, Putta Godugu.)",,,21,1.84,4.75,0.25,1.99,0.1,10.2,"[{""unit"":""serving"",""grams"":100,""description"":""100g""},{""unit"":""g"",""grams"":1}]","ICMR-NIN IFCT 2017"
537d0429-7a4e-4a5d-8fce-cbdb1b4637ef,ifct,"Shiitake mushroom, fresh (Banger chata, Kaalaan, Putta Godugu.)",,,58,3.19,12,0.76,3.02,0.2,9.3,"[{""unit"":""serving"",""grams"":100,""description"":""100g""},{""unit"":""g"",""grams"":1}]","ICMR-NIN IFCT 2017"
d3ecc13a-f1ec-4bc6-9009-7c45142bb4bb,ifct,"Oyster mushroom, dried (Banger chata, Kaalaan, Putta Godugu.)",,,244,19.04,72.19,2.86,39.12,0.68,8.7,"[{""unit"":""serving"",""grams"":100,""description"":""100g""},{""unit"":""g"",""grams"":1}]","ICMR-NIN IFCT 2017"
b47bb2cf-1052-48c2-9421-ce4656288c69,ifct,"Toddy (Tarai, Palm wine, Tari)",,,24,0.18,5.72,0.03,0,5.73,1.6,"[{""unit"":""serving"",""grams"":100,""description"":""100g""},{""unit"":""g"",""grams"":1}]","ICMR-NIN IFCT 2017"
ecefd712-cdb4-489b-8945-2291df36693e,ifct,"Coconut Water (Nariyal ka pani, Daberjal, Ilaneer)",,,15,0.26,3.16,0.16,0,3.06,28.1,"[{""unit"":""serving"",""grams"":100,""description"":""100g""},{""unit"":""g"",""grams"":1}]","ICMR-NIN IFCT 2017"
9797f78f-2213-48d9-8fe5-ece37dee05b7,ifct,"Milk, whole, Buffalo (Bhains ka dhood, Dudha (Mosher), Erumaipal)",,,107,3.68,8.39,6.58,0,5.34,30.1,"[{""unit"":""1 glass (250 ml)"",""grams"":250,""description"":""1 glass (250 ml)""},{""unit"":""g"",""grams"":1}]","ICMR-NIN IFCT 2017"
c4079658-8694-49d8-b271-60de90a28932,ifct,"Milk, whole, Cow (Gai ka doodh, Doodh (garu), Pasumpaal)",,,73,3.26,4.94,4.48,0,4.89,25.5,"[{""unit"":""1 glass (250 ml)"",""grams"":250,""description"":""1 glass (250 ml)""},{""unit"":""g"",""grams"":1}]","ICMR-NIN IFCT 2017"
bcac1cf9-3895-4ac0-9dc0-4e2b34abc447,ifct,"Paneer (Chhena, Cottage Cheese, Chena)",,,258,18.86,12.41,14.78,0,11.57,18,"[{""unit"":""1 small piece/cube serving"",""grams"":50,""description"":""1 1 small piece/cube serving (~50g)""},{""unit"":""g"",""grams"":1}]","ICMR-NIN IFCT 2017"
cc2142a2-aad8-46b3-b66e-2b0de47eb9cf,ifct,"Khoa (H., Kan., Mal.)",,,316,16.34,16.53,20.62,0,16.14,48.1,"[{""unit"":""serving"",""grams"":100,""description"":""100g""},{""unit"":""g"",""grams"":1}]","ICMR-NIN IFCT 2017"
45e171cc-df73-401f-923d-048d90d34682,ifct,"Egg, poultry, whole, raw",,,135,13.28,0,9.15,0,0,123,"[{""unit"":""1 egg"",""grams"":50,""description"":""1 1 egg (~50g)""},{""unit"":""g"",""grams"":1}]","ICMR-NIN IFCT 2017"
ece73a0e-95fd-4800-8a8c-4c2ba5491e57,ifct,"Egg, poultry, white, raw",,,45,10.84,0,0.06,0,0,166,"[{""unit"":""serving"",""grams"":100,""description"":""100g""},{""unit"":""g"",""grams"":1}]","ICMR-NIN IFCT 2017"
49f5ab0c-28cb-42ff-8051-59a53061f81c,ifct,"Egg, poultry, yolk, raw",,,297,15.74,0,26.34,0,0,46.3,"[{""unit"":""serving"",""grams"":100,""description"":""100g""},{""unit"":""g"",""grams"":1}]","ICMR-NIN IFCT 2017"
0a317cf5-528b-4761-8923-1a209ff3812c,ifct,"Egg, poultry, whole, boiled",,,148,13.43,0,10.54,0,0,121,"[{""unit"":""1 egg, boiled"",""grams"":50,""description"":""1 1 egg, boiled (~50g)""},{""unit"":""g"",""grams"":1}]","ICMR-NIN IFCT 2017"
7b12e971-ddf6-4e05-b5f9-a2afd20e1184,ifct,"Egg, poultry, white, boiled",,,53,12.37,0,0.26,0,0,144,"[{""unit"":""serving"",""grams"":100,""description"":""100g""},{""unit"":""g"",""grams"":1}]","ICMR-NIN IFCT 2017"
e3b4ef7e-8404-4e47-935d-f193dc772cfb,ifct,"Egg, poultry, yolk, boiled",,,308,16.13,0,27.46,0,0,44.8,"[{""unit"":""serving"",""grams"":100,""description"":""100g""},{""unit"":""g"",""grams"":1}]","ICMR-NIN IFCT 2017"
5601004b-9aca-4612-bea1-0052f52a6ac1,ifct,"Egg, poultry, omlet",,,170,16.53,0,11.6,0,0,169,"[{""unit"":""1 omelette (1 egg)"",""grams"":60,""description"":""1 omelette (1 egg)""},{""unit"":""g"",""grams"":1}]","ICMR-NIN IFCT 2017"
718c326d-a9c2-4244-9d89-a6835348b673,ifct,"Egg, country hen, whole, raw",,,168,13.14,0,13,0,0,157,"[{""unit"":""serving"",""grams"":100,""description"":""100g""},{""unit"":""g"",""grams"":1}]","ICMR-NIN IFCT 2017"
cc8ea992-edea-4ecc-8749-f4aafaaf2eab,ifct,"Egg, country hen, whole, boiled",,,183,14.43,0,14.1,0,0,149,"[{""unit"":""serving"",""grams"":100,""description"":""100g""},{""unit"":""g"",""grams"":1}]","ICMR-NIN IFCT 2017"
c67f2dcd-2f91-4818-b380-62d79c99605e,ifct,"Egg, country hen, omlet",,,204,14.8,0,16.3,0,0,157,"[{""unit"":""serving"",""grams"":100,""description"":""100g""},{""unit"":""g"",""grams"":1}]","ICMR-NIN IFCT 2017"
c4132f15-c358-4154-afa6-d535297db53d,ifct,"Egg, duck, whole, boiled",,,176,13.8,0,13.61,0,0,110,"[{""unit"":""serving"",""grams"":100,""description"":""100g""},{""unit"":""g"",""grams"":1}]","ICMR-NIN IFCT 2017"
f8c9f8fa-62a7-49ba-a441-97c90cffc069,ifct,"Egg, duck, whole, raw",,,182,14.6,0,13.83,0,0,113,"[{""unit"":""serving"",""grams"":100,""description"":""100g""},{""unit"":""g"",""grams"":1}]","ICMR-NIN IFCT 2017"
590d5897-0b95-41a6-b900-82e4176dd886,ifct,"Egg, duck, whole, omlet",,,192,15.1,0,14.8,0,0,175,"[{""unit"":""serving"",""grams"":100,""description"":""100g""},{""unit"":""g"",""grams"":1}]","ICMR-NIN IFCT 2017"
e0ac7aad-77c2-4eb6-a7c2-898e74edc056,ifct,"Egg, quial, whole, raw",,,152,12.39,0,11.46,0,0,132,"[{""unit"":""serving"",""grams"":100,""description"":""100g""},{""unit"":""g"",""grams"":1}]","ICMR-NIN IFCT 2017"
60edeedb-8837-441c-a01b-ccf7acc134bd,ifct,"Egg, quial, whole, boiled",,,155,13.03,0,11.5,0,0,130,"[{""unit"":""serving"",""grams"":100,""description"":""100g""},{""unit"":""g"",""grams"":1}]","ICMR-NIN IFCT 2017"
259f763e-8e46-4611-a9b6-c289da1a7747,ifct,"Chicken, poultry, leg, skinless",,,192,19.44,0,12.64,0,0,65.1,"[{""unit"":""serving"",""grams"":100,""description"":""100g""},{""unit"":""g"",""grams"":1}]","ICMR-NIN IFCT 2017"
0d7f74bc-8739-4159-9ac4-3d3674124c42,ifct,"Chicken, poultry, thigh, skinless",,,200,18.18,0,14.23,0,0,64.6,"[{""unit"":""serving"",""grams"":100,""description"":""100g""},{""unit"":""g"",""grams"":1}]","ICMR-NIN IFCT 2017"
d365b358-d3db-4f0c-8544-bb446adbae83,ifct,"Chicken, poultry, breast, skinless",,,168,21.81,0,9,0,0,36.7,"[{""unit"":""1 serving (150 g raw)"",""grams"":150,""description"":""1 serving (150 g raw)""},{""unit"":""g"",""grams"":1}]","ICMR-NIN IFCT 2017"
9faab357-0842-4cff-bb2b-a86ead7c6b30,ifct,"Chicken, poultry, wing, skinless",,,193,17.42,0,13.81,0,0,72.8,"[{""unit"":""serving"",""grams"":100,""description"":""100g""},{""unit"":""g"",""grams"":1}]","ICMR-NIN IFCT 2017"
8cad7851-cb58-4ae5-84aa-b9146d338d56,ifct,"Poultry, chicken, liver",,,124,21.57,0,4.08,0,0,61.6,"[{""unit"":""serving"",""grams"":100,""description"":""100g""},{""unit"":""g"",""grams"":1}]","ICMR-NIN IFCT 2017"
2862c414-cd58-4ea5-a243-1b9c256a11bc,ifct,"Poultry, chicken, gizzard",,,92,18.22,0,2.07,0,0,50.6,"[{""unit"":""serving"",""grams"":100,""description"":""100g""},{""unit"":""g"",""grams"":1}]","ICMR-NIN IFCT 2017"
cded8912-57be-4972-bccc-70239f49b8c7,ifct,"Country hen, leg, with skin",,,173,17.01,0,11.73,0,0,50.5,"[{""unit"":""serving"",""grams"":100,""description"":""100g""},{""unit"":""g"",""grams"":1}]","ICMR-NIN IFCT 2017"
2931b0af-6529-4735-9d81-25d2e3cc67f4,ifct,"Country hen, thigh, with skin",,,188,18.29,0,12.82,0,0,51.1,"[{""unit"":""serving"",""grams"":100,""description"":""100g""},{""unit"":""g"",""grams"":1}]","ICMR-NIN IFCT 2017"
a204b776-64fb-4b34-abcb-3479fdd599d7,ifct,"Country hen, breast, with skin",,,180,22.08,0,10.2,0,0,23.1,"[{""unit"":""serving"",""grams"":100,""description"":""100g""},{""unit"":""g"",""grams"":1}]","ICMR-NIN IFCT 2017"
e35bdb20-98b2-4337-bb5a-1056e73592b8,ifct,"Country hen, wing, with skin",,,183,18.65,0,12.09,0,0,54.1,"[{""unit"":""serving"",""grams"":100,""description"":""100g""},{""unit"":""g"",""grams"":1}]","ICMR-NIN IFCT 2017"
aab23c0b-d377-43be-8b32-642169f93401,ifct,"Duck, meat, with skin",,,131,19.07,0,6.03,0,0,82.2,"[{""unit"":""serving"",""grams"":100,""description"":""100g""},{""unit"":""g"",""grams"":1}]","ICMR-NIN IFCT 2017"
5754cda3-6304-40df-8e71-f41a707236e5,ifct,"Emu, meat, skinless",,,133,22.65,0,4.62,0,0,48.5,"[{""unit"":""serving"",""grams"":100,""description"":""100g""},{""unit"":""g"",""grams"":1}]","ICMR-NIN IFCT 2017"
cde1b92a-380b-4f0d-a616-7509a21afa52,ifct,"Guinea fowl, meat, with skin",,,112,20.52,0,3.24,0,0,57.6,"[{""unit"":""serving"",""grams"":100,""description"":""100g""},{""unit"":""g"",""grams"":1}]","ICMR-NIN IFCT 2017"
35a6820a-9905-4282-8216-c5fc2b961055,ifct,"Pigeon, meat, with skin",,,126,17.94,0,6.03,0,0,56.1,"[{""unit"":""serving"",""grams"":100,""description"":""100g""},{""unit"":""g"",""grams"":1}]","ICMR-NIN IFCT 2017"
d09093a2-c6b2-4892-9f33-a932a4cf30d5,ifct,"Quail, meat, skinless",,,138,20.92,0,5.95,0,0,56.2,"[{""unit"":""serving"",""grams"":100,""description"":""100g""},{""unit"":""g"",""grams"":1}]","ICMR-NIN IFCT 2017"
ea92b8a1-570c-4127-806c-04a94e8ef510,ifct,"Turkey, leg, with skin",,,155,20.3,0,8.15,0,0,66.5,"[{""unit"":""serving"",""grams"":100,""description"":""100g""},{""unit"":""g"",""grams"":1}]","ICMR-NIN IFCT 2017"
e4418107-5930-4ba2-aae4-fcb494ce83e9,ifct,"Turkey, thigh, with skin",,,139,20.46,0,6.31,0,0,50,"[{""unit"":""serving"",""grams"":100,""description"":""100g""},{""unit"":""g"",""grams"":1}]","ICMR-NIN IFCT 2017"
49949e30-f53f-4479-8ef2-fb2047bd0e3d,ifct,"Turkey, breast, with skin",,,160,21.96,0,8.04,0,0,40.5,"[{""unit"":""serving"",""grams"":100,""description"":""100g""},{""unit"":""g"",""grams"":1}]","ICMR-NIN IFCT 2017"
5418b96a-fa74-4b89-b078-9d7121cfd189,ifct,"Turkey, wing, with skin",,,184,21.91,0,10.77,0,0,57,"[{""unit"":""serving"",""grams"":100,""description"":""100g""},{""unit"":""g"",""grams"":1}]","ICMR-NIN IFCT 2017"
e10255a1-07d6-4058-afa5-b6452a0f864a,ifct,"Goat, shoulder, meat",,,188,20.33,0,11.94,0,0,47.3,"[{""unit"":""serving"",""grams"":100,""description"":""100g""},{""unit"":""g"",""grams"":1}]","ICMR-NIN IFCT 2017"
45f6327a-9d2f-4dcf-a056-85f09fb0cf5d,ifct,"Goat, chops",,,136,20.39,0,5.98,0,0,45.7,"[{""unit"":""serving"",""grams"":100,""description"":""100g""},{""unit"":""g"",""grams"":1}]","ICMR-NIN IFCT 2017"
9c201af5-931d-4201-a428-582822cc691e,ifct,"Goat, legs",,,160,22.07,0,7.94,0,0,42.8,"[{""unit"":""1 serving (150 g raw)"",""grams"":150,""description"":""1 serving (150 g raw)""},{""unit"":""g"",""grams"":1}]","ICMR-NIN IFCT 2017"
7a7f50f5-923d-4d51-a689-962656af788c,ifct,"Goat, brain",,,127,13.82,0,8.06,0,0,132,"[{""unit"":""serving"",""grams"":100,""description"":""100g""},{""unit"":""g"",""grams"":1}]","ICMR-NIN IFCT 2017"
e90ddebe-582a-4a97-803d-28481a819c57,ifct,"Goat, tongue",,,189,16.63,0,13.68,0,0,118,"[{""unit"":""serving"",""grams"":100,""description"":""100g""},{""unit"":""g"",""grams"":1}]","ICMR-NIN IFCT 2017"
6bdccfee-3087-444a-89d2-a9cf8b0b2341,ifct,"Goat, lungs",,,96,16.86,0,3.09,0,0,85.7,"[{""unit"":""serving"",""grams"":100,""description"":""100g""},{""unit"":""g"",""grams"":1}]","ICMR-NIN IFCT 2017"
ce07b405-afe0-4fee-a2f7-033d317e7280,ifct,"Goat, heart",,,118,19.38,0,4.4,0,0,73.2,"[{""unit"":""serving"",""grams"":100,""description"":""100g""},{""unit"":""g"",""grams"":1}]","ICMR-NIN IFCT 2017"
dd6e8b0f-2956-4d11-bcf3-f4c94a4c42ad,ifct,"Goat, liver",,,126,20.32,0,4.88,0,0,55.4,"[{""unit"":""serving"",""grams"":100,""description"":""100g""},{""unit"":""g"",""grams"":1}]","ICMR-NIN IFCT 2017"
c55bc4c3-fa4e-4088-b5dd-ecd3d61b2fd0,ifct,"Goat, tripe",,,92,15.36,0,3.36,0,0,22.4,"[{""unit"":""serving"",""grams"":100,""description"":""100g""},{""unit"":""g"",""grams"":1}]","ICMR-NIN IFCT 2017"
a42b3967-c331-4e38-8fbb-6a52ac7f03ae,ifct,"Goat, spleen",,,96,18.45,0,2.37,0,0,52.4,"[{""unit"":""serving"",""grams"":100,""description"":""100g""},{""unit"":""g"",""grams"":1}]","ICMR-NIN IFCT 2017"
44b03b80-95df-444d-9b64-7666b97c5058,ifct,"Goat, kidneys",,,89,15.6,0,2.93,0,0,184,"[{""unit"":""serving"",""grams"":100,""description"":""100g""},{""unit"":""g"",""grams"":1}]","ICMR-NIN IFCT 2017"
ff57dd1e-4a8e-46bb-9efe-b06e37a7f54e,ifct,"Goat, tube (small intestine)",,,125,12.92,0,8.26,0,0,7.5,"[{""unit"":""serving"",""grams"":100,""description"":""100g""},{""unit"":""g"",""grams"":1}]","ICMR-NIN IFCT 2017"
3d706270-9fc5-4a85-a3cd-1b45663514cd,ifct,"Goat, testis",,,71,12.32,0,2.39,0,0,92.6,"[{""unit"":""serving"",""grams"":100,""description"":""100g""},{""unit"":""g"",""grams"":1}]","ICMR-NIN IFCT 2017"
622df8d2-a17a-43b5-a3c2-ff2554bca379,ifct,"Sheep, shoulder",,,201,18.24,0,14.31,0,0,45.7,"[{""unit"":""serving"",""grams"":100,""description"":""100g""},{""unit"":""g"",""grams"":1}]","ICMR-NIN IFCT 2017"
528712ac-2ce2-4d9e-b759-6eefb44398fd,ifct,"Sheep, chops",,,119,18,0,5.15,0,0,45.3,"[{""unit"":""serving"",""grams"":100,""description"":""100g""},{""unit"":""g"",""grams"":1}]","ICMR-NIN IFCT 2017"
d94d4f51-534d-42b8-aa3a-5c6e313185cf,ifct,"Sheep, leg",,,164,21.42,0,8.69,0,0,49.3,"[{""unit"":""serving"",""grams"":100,""description"":""100g""},{""unit"":""g"",""grams"":1}]","ICMR-NIN IFCT 2017"
597df371-2f9a-49fb-8eb0-98e501fc8fd0,ifct,"Sheep, brain",,,118,13.05,0,7.29,0,0,122,"[{""unit"":""serving"",""grams"":100,""description"":""100g""},{""unit"":""g"",""grams"":1}]","ICMR-NIN IFCT 2017"
43d76d87-a09f-4d55-bd9b-c295fce6ccb4,ifct,"Sheep, tongue",,,187,16.61,0,13.53,0,0,185,"[{""unit"":""serving"",""grams"":100,""description"":""100g""},{""unit"":""g"",""grams"":1}]","ICMR-NIN IFCT 2017"
a6dd65b3-b499-4d6e-af76-06583e1f6744,ifct,"Sheep, lungs",,,87,16.12,0,2.41,0,0,109,"[{""unit"":""serving"",""grams"":100,""description"":""100g""},{""unit"":""g"",""grams"":1}]","ICMR-NIN IFCT 2017"
7e4d744a-178a-49a2-b4cc-ba1119f070e0,ifct,"Sheep, heart",,,106,18.19,0,3.66,0,0,72.6,"[{""unit"":""serving"",""grams"":100,""description"":""100g""},{""unit"":""g"",""grams"":1}]","ICMR-NIN IFCT 2017"
7f45d742-367c-4dfb-a51e-f4f062dadf2f,ifct,"Sheep, liver",,,134,22.26,0,4.87,0,0,55.8,"[{""unit"":""serving"",""grams"":100,""description"":""100g""},{""unit"":""g"",""grams"":1}]","ICMR-NIN IFCT 2017"
6696f564-89f0-446c-861f-f014de31445d,ifct,"Sheep, tripe",,,104,16.76,0,4.05,0,0,18.4,"[{""unit"":""serving"",""grams"":100,""description"":""100g""},{""unit"":""g"",""grams"":1}]","ICMR-NIN IFCT 2017"
d72e4158-5740-4ef3-aba6-cde886ca6e9c,ifct,"Sheep, spleen",,,92,16.02,0,3.02,0,0,50.6,"[{""unit"":""serving"",""grams"":100,""description"":""100g""},{""unit"":""g"",""grams"":1}]","ICMR-NIN IFCT 2017"
c32167ba-067e-4a71-ac23-163f2ede9cf2,ifct,"Sheep, kidneys",,,92,16.22,0,2.92,0,0,163,"[{""unit"":""serving"",""grams"":100,""description"":""100g""},{""unit"":""g"",""grams"":1}]","ICMR-NIN IFCT 2017"
a80c3669-ec80-470e-803e-a85d28e09cdb,ifct,"Beef, shoulder",,,212,20.56,0,14.59,0,0,45.6,"[{""unit"":""serving"",""grams"":100,""description"":""100g""},{""unit"":""g"",""grams"":1}]","ICMR-NIN IFCT 2017"
b9e1870b-3d74-4206-810b-a74db0c54b84,ifct,"Beef, chops",,,140,19.82,0,6.71,0,0,32.5,"[{""unit"":""serving"",""grams"":100,""description"":""100g""},{""unit"":""g"",""grams"":1}]","ICMR-NIN IFCT 2017"
80ad6319-7faa-4a14-af29-a123897e5253,ifct,"Beef, round (leg)",,,157,22.64,0,7.38,0,0,39,"[{""unit"":""serving"",""grams"":100,""description"":""100g""},{""unit"":""g"",""grams"":1}]","ICMR-NIN IFCT 2017"
67eb0832-17a5-417f-9173-00beca86912e,ifct,"Beef, brain",,,125,10.55,0,9.28,0,0,127,"[{""unit"":""serving"",""grams"":100,""description"":""100g""},{""unit"":""g"",""grams"":1}]","ICMR-NIN IFCT 2017"
34fc315c-876e-41bb-80b6-8071a1e48cec,ifct,"Beef, tongue",,,175,15.63,0,12.57,0,0,89.9,"[{""unit"":""serving"",""grams"":100,""description"":""100g""},{""unit"":""g"",""grams"":1}]","ICMR-NIN IFCT 2017"
8c369d46-06d0-4e9b-a5e3-1ae07ddd2f09,ifct,"Beef, lungs",,,84,15.66,0,2.28,0,0,109,"[{""unit"":""serving"",""grams"":100,""description"":""100g""},{""unit"":""g"",""grams"":1}]","ICMR-NIN IFCT 2017"
90b385ae-90e5-4688-aa30-31fdbd0cb3ce,ifct,"Beef, heart",,,103,17.68,0,3.57,0,0,70.5,"[{""unit"":""serving"",""grams"":100,""description"":""100g""},{""unit"":""g"",""grams"":1}]","ICMR-NIN IFCT 2017"
c8f3c375-be42-4292-8a3e-41169e1456bc,ifct,"Beef, liver",,,119,20.73,0,3.96,0,0,50.1,"[{""unit"":""serving"",""grams"":100,""description"":""100g""},{""unit"":""g"",""grams"":1}]","ICMR-NIN IFCT 2017"
d1260526-e9d0-4253-9023-7849f718fad9,ifct,"Beef, tripe",,,76,13.1,0,2.51,0,0,41,"[{""unit"":""serving"",""grams"":100,""description"":""100g""},{""unit"":""g"",""grams"":1}]","ICMR-NIN IFCT 2017"
5d609c51-0ce4-4a85-bd0c-3f2708cb30a1,ifct,"Beef, spleen",,,90,17.42,0,2.22,0,0,58.9,"[{""unit"":""serving"",""grams"":100,""description"":""100g""},{""unit"":""g"",""grams"":1}]","ICMR-NIN IFCT 2017"
94d1b9c5-de99-4518-9368-c864fa680618,ifct,"Beef, kidneys",,,105,17.09,0,4.01,0,0,160,"[{""unit"":""serving"",""grams"":100,""description"":""100g""},{""unit"":""g"",""grams"":1}]","ICMR-NIN IFCT 2017"
1c65b439-da9e-4627-acf3-a0bd20d557c2,ifct,"Calf, shoulder",,,151,20.98,0,7.47,0,0,77,"[{""unit"":""serving"",""grams"":100,""description"":""100g""},{""unit"":""g"",""grams"":1}]","ICMR-NIN IFCT 2017"
7904e244-e196-4ab7-abd1-93be92869850,ifct,"Calf, chops",,,125,22.47,0,3.85,0,0,64.9,"[{""unit"":""serving"",""grams"":100,""description"":""100g""},{""unit"":""g"",""grams"":1}]","ICMR-NIN IFCT 2017"
7deb1e24-8235-40f5-a69d-666297de785a,ifct,"Calf, round (leg)",,,147,21.1,0,6.92,0,0,67,"[{""unit"":""serving"",""grams"":100,""description"":""100g""},{""unit"":""g"",""grams"":1}]","ICMR-NIN IFCT 2017"
ba823658-a2e9-4473-ae72-39c03beca17f,ifct,"Calf, brain",,,107,9.84,0,7.6,0,0,115,"[{""unit"":""serving"",""grams"":100,""description"":""100g""},{""unit"":""g"",""grams"":1}]","ICMR-NIN IFCT 2017"
27505583-70e1-4992-8184-1c2543637545,ifct,"Calf, tongue",,,176,17.78,0,11.76,0,0,91.6,"[{""unit"":""serving"",""grams"":100,""description"":""100g""},{""unit"":""g"",""grams"":1}]","ICMR-NIN IFCT 2017"
95940aae-7c90-47c6-9bff-63ea0c7923b0,ifct,"Calf, heart",,,110,18.84,0,3.75,0,0,58,"[{""unit"":""serving"",""grams"":100,""description"":""100g""},{""unit"":""g"",""grams"":1}]","ICMR-NIN IFCT 2017"
3b7d6383-c646-47b0-92cc-4132b95202df,ifct,"Calf, liver",,,120,21.02,0,3.95,0,0,55,"[{""unit"":""serving"",""grams"":100,""description"":""100g""},{""unit"":""g"",""grams"":1}]","ICMR-NIN IFCT 2017"
294b3f8c-467c-4387-b428-6e1037182017,ifct,"Calf, spleen",,,91,17.71,0,2.12,0,0,67.9,"[{""unit"":""serving"",""grams"":100,""description"":""100g""},{""unit"":""g"",""grams"":1}]","ICMR-NIN IFCT 2017"
509cd67a-6db3-43a8-9c31-63ce0fc1ddf3,ifct,"Calf, kidneys",,,92,15.16,0,3.5,0,0,174,"[{""unit"":""serving"",""grams"":100,""description"":""100g""},{""unit"":""g"",""grams"":1}]","ICMR-NIN IFCT 2017"
54e36d05-3010-473b-9371-2fdcb52cc168,ifct,"Mithun, shoulder",,,176,19.05,0,11.14,0,0,32.9,"[{""unit"":""serving"",""grams"":100,""description"":""100g""},{""unit"":""g"",""grams"":1}]","ICMR-NIN IFCT 2017"
93680510-8117-4163-90e8-f7f7acdc6016,ifct,"Mithun, chops",,,128,18.19,0,6.12,0,0,42.2,"[{""unit"":""serving"",""grams"":100,""description"":""100g""},{""unit"":""g"",""grams"":1}]","ICMR-NIN IFCT 2017"
b1d1debf-3aba-4371-b57c-4aa4f805e57e,ifct,"Mithun, round (leg)",,,116,19.61,0,4.1,0,0,28.4,"[{""unit"":""serving"",""grams"":100,""description"":""100g""},{""unit"":""g"",""grams"":1}]","ICMR-NIN IFCT 2017"
d5a9576c-3f7d-4295-a181-a5c9e03bc821,ifct,"Pork, shoulder",,,237,17.41,0,18.83,0,0,54.5,"[{""unit"":""serving"",""grams"":100,""description"":""100g""},{""unit"":""g"",""grams"":1}]","ICMR-NIN IFCT 2017"
389b53fe-dbe2-4d84-8591-da3b0126b618,ifct,"Pork, chops",,,179,19.41,0,11.3,0,0,43.7,"[{""unit"":""serving"",""grams"":100,""description"":""100g""},{""unit"":""g"",""grams"":1}]","ICMR-NIN IFCT 2017"
16bb9d00-7b2e-49c7-ac8d-b57b9ab5acb3,ifct,"Pork, ham",,,240,18.83,0,18.55,0,0,40.4,"[{""unit"":""serving"",""grams"":100,""description"":""100g""},{""unit"":""g"",""grams"":1}]","ICMR-NIN IFCT 2017"
639654a6-cc1d-496b-b3b7-23a54c0f3b9b,ifct,"Pork, lungs",,,86,15.13,0,2.74,0,0,61.4,"[{""unit"":""serving"",""grams"":100,""description"":""100g""},{""unit"":""g"",""grams"":1}]","ICMR-NIN IFCT 2017"
e1bc3afc-3e40-4ea4-bfbb-84436954fa10,ifct,"Pork, heart",,,109,16.31,0,4.87,0,0,70.5,"[{""unit"":""serving"",""grams"":100,""description"":""100g""},{""unit"":""g"",""grams"":1}]","ICMR-NIN IFCT 2017"
5f1bec91-d314-4d83-91c1-b507afd07d28,ifct,"Pork, liver",,,116,19.89,0,3.94,0,0,64.9,"[{""unit"":""serving"",""grams"":100,""description"":""100g""},{""unit"":""g"",""grams"":1}]","ICMR-NIN IFCT 2017"
ea971620-2aae-49d9-a44d-7bf85ba4c57c,ifct,"Pork, stomach",,,131,15.36,0,7.81,0,0,109,"[{""unit"":""serving"",""grams"":100,""description"":""100g""},{""unit"":""g"",""grams"":1}]","ICMR-NIN IFCT 2017"
3aabfc99-2a96-4932-81a8-396f978537c4,ifct,"Pork, spleen",,,85,15.13,0,2.71,0,0,49.1,"[{""unit"":""serving"",""grams"":100,""description"":""100g""},{""unit"":""g"",""grams"":1}]","ICMR-NIN IFCT 2017"
f64514a4-4166-4e89-9cab-5205e4c45ae7,ifct,"Pork, kidneys",,,91,14.35,0,3.65,0,0,138,"[{""unit"":""serving"",""grams"":100,""description"":""100g""},{""unit"":""g"",""grams"":1}]","ICMR-NIN IFCT 2017"
1d9088b5-3dac-4c35-8e6e-5cb2fee57de3,ifct,"Pork, tube (small intestine)",,,140,14.96,0,8.98,0,0,60.2,"[{""unit"":""serving"",""grams"":100,""description"":""100g""},{""unit"":""g"",""grams"":1}]","ICMR-NIN IFCT 2017"
ef02f646-1fd3-4bfc-b373-af65e0aaf05e,ifct,"Hare, shoulder",,,144,21.13,0,6.58,0,0,55,"[{""unit"":""serving"",""grams"":100,""description"":""100g""},{""unit"":""g"",""grams"":1}]","ICMR-NIN IFCT 2017"
ac693b3b-3f44-470c-ab94-565006332b24,ifct,"Hare, chops",,,106,20.62,0,2.55,0,0,48.6,"[{""unit"":""serving"",""grams"":100,""description"":""100g""},{""unit"":""g"",""grams"":1}]","ICMR-NIN IFCT 2017"
cfee35b4-5754-4b4c-9185-ebf7d338c142,ifct,"Hare, leg",,,120,20.52,0,4.16,0,0,42.5,"[{""unit"":""serving"",""grams"":100,""description"":""100g""},{""unit"":""g"",""grams"":1}]","ICMR-NIN IFCT 2017"
88b0f7ae-2d5c-4ad3-95fa-02e44c9bce27,ifct,"Rabbit, shoulder",,,152,20.01,0,7.96,0,0,61.4,"[{""unit"":""serving"",""grams"":100,""description"":""100g""},{""unit"":""g"",""grams"":1}]","ICMR-NIN IFCT 2017"
36cd6397-4f7a-43c3-9fa6-6c881a923962,ifct,"Rabbit, chops",,,135,22.61,0,4.88,0,0,47.8,"[{""unit"":""serving"",""grams"":100,""description"":""100g""},{""unit"":""g"",""grams"":1}]","ICMR-NIN IFCT 2017"
5cdef149-fd15-4f0f-aa2d-9acb69544969,ifct,"Rabbit, leg",,,140,21.31,0,5.99,0,0,46,"[{""unit"":""serving"",""grams"":100,""description"":""100g""},{""unit"":""g"",""grams"":1}]","ICMR-NIN IFCT 2017"
18fa0403-336c-478e-8833-8c6bb8faeb8a,ifct,"Allathi (Tenpounder, Ladyfish, Indo pacific Tarpon)",,,97,21.77,0,0.98,0,0,32.7,"[{""unit"":""serving"",""grams"":100,""description"":""100g""},{""unit"":""g"",""grams"":1}]","ICMR-NIN IFCT 2017"
a1f2d196-c452-4621-a2d1-130bf3c71301,ifct,"Aluva (Black pomfret, Brown Pomfret, Pomfret)",,,104,21.63,0,1.8,0,0,44.9,"[{""unit"":""serving"",""grams"":100,""description"":""100g""},{""unit"":""g"",""grams"":1}]","ICMR-NIN IFCT 2017"
1ab60a4e-d9c5-4cd5-832a-9ac6e098b63a,ifct,"Anchovy (Indian anchovy, Hardenberg`s anchovy, Tamil Nethilli)",,,88,19.88,0,0.78,0,0,212,"[{""unit"":""serving"",""grams"":100,""description"":""100g""},{""unit"":""g"",""grams"":1}]","ICMR-NIN IFCT 2017"
ec93abe5-ef6d-4adc-b823-9c36d7b70b61,ifct,"Ari fish (Green jobfish, [Place of collection: Kochi])",,,99,22.01,0,1.11,0,0,37.4,"[{""unit"":""serving"",""grams"":100,""description"":""100g""},{""unit"":""g"",""grams"":1}]","ICMR-NIN IFCT 2017"
a9757bd7-112f-433b-b53d-770bd4fd99b1,ifct,"Betki (Barramundi, Asian sea bass, Cockup)",,,68,15.28,0,0.29,0,0,63.7,"[{""unit"":""serving"",""grams"":100,""description"":""100g""},{""unit"":""g"",""grams"":1}]","ICMR-NIN IFCT 2017"
959b6068-4278-490a-970f-ae3529f5bc95,ifct,"Black snapper ([Place of collection: Kolkata])",,,90,19.5,0,1.24,0,0,41.2,"[{""unit"":""serving"",""grams"":100,""description"":""100g""},{""unit"":""g"",""grams"":1}]","ICMR-NIN IFCT 2017"
76c472ef-7455-4f51-90ff-97d640b72330,ifct,"Bombay duck (Bummalo, Nehare, Lutia)",,,69,13.53,0,1.03,0,0,223,"[{""unit"":""serving"",""grams"":100,""description"":""100g""},{""unit"":""g"",""grams"":1}]","ICMR-NIN IFCT 2017"
e98da67d-b776-4b63-b066-0244dc4747a0,ifct,"Bommuralu (Daggertooth pike conger, Dagger tooth pike conger, Eel)",,,116,22.3,0,2.87,0,0,61.9,"[{""unit"":""serving"",""grams"":100,""description"":""100g""},{""unit"":""g"",""grams"":1}]","ICMR-NIN IFCT 2017"
fdaf1568-6b9b-48ef-b9cf-8d5920d1d96a,ifct,"Cat fish ([Place of collection: Chennai])",,,109,22.18,0,2.13,0,0,35.8,"[{""unit"":""serving"",""grams"":100,""description"":""100g""},{""unit"":""g"",""grams"":1}]","ICMR-NIN IFCT 2017"
b525f007-7a40-45d9-8897-9f88776f1ed5,ifct,"Chakla (Cobia, Black kingfish, Black King Fish)",,,97,20.21,0,1.68,0,0,51.4,"[{""unit"":""serving"",""grams"":100,""description"":""100g""},{""unit"":""g"",""grams"":1}]","ICMR-NIN IFCT 2017"
5cac916a-a445-4a48-8b48-b275f3f76c94,ifct,"Chappal (Unicorn leatherjacket, Filefish, [Place of collection: Goa])",,,76,17.17,0,0.67,0,0,38.1,"[{""unit"":""serving"",""grams"":100,""description"":""100g""},{""unit"":""g"",""grams"":1}]","ICMR-NIN IFCT 2017"
c33e59d8-794f-47cd-8f42-09595ad4e86a,ifct,"Chelu (Rainbow runner, Rainbow yellowtail, Spanish jack)",,,87,20.02,0,0.7,0,0,37.6,"[{""unit"":""serving"",""grams"":100,""description"":""100g""},{""unit"":""g"",""grams"":1}]","ICMR-NIN IFCT 2017"
482514ee-a276-4ac9-bb13-113c64271fb3,ifct,"Chembali (Five lined snapper, Blue striped snapper, Fivelines Seaperch)",,,97,20.06,0,1.77,0,0,39,"[{""unit"":""serving"",""grams"":100,""description"":""100g""},{""unit"":""g"",""grams"":1}]","ICMR-NIN IFCT 2017"
24a6cb1e-2ddc-4ffa-8f22-52c3bad70a72,ifct,"Eri meen (Crimson jobfish, Crimson snapper, Opakapaka)",,,109,22.3,0,2.02,0,0,41.2,"[{""unit"":""serving"",""grams"":100,""description"":""100g""},{""unit"":""g"",""grams"":1}]","ICMR-NIN IFCT 2017"
71276c41-0a08-45de-8bf7-cb33622fa718,ifct,"Gobro (Coral Cod, Six barred Reef Cod, Thornycheek Grouper)",,,87,19.37,0,0.88,0,0,52.7,"[{""unit"":""serving"",""grams"":100,""description"":""100g""},{""unit"":""g"",""grams"":1}]","ICMR-NIN IFCT 2017"
7f4b715e-39f6-405f-94b9-52a3e7a8205d,ifct,"Guitar fish ([Place of collection: Chennai])",,,96,22.56,0,0.44,0,0,70.8,"[{""unit"":""serving"",""grams"":100,""description"":""100g""},{""unit"":""g"",""grams"":1}]","ICMR-NIN IFCT 2017"
7ca61204-31cf-433d-beb4-ed0cc0160686,ifct,"Hilsa (Ilish, River Shad, Indian Shad)",,,259,21.8,0,18.49,0,0,80.9,"[{""unit"":""serving"",""grams"":100,""description"":""100g""},{""unit"":""g"",""grams"":1}]","ICMR-NIN IFCT 2017"
fa20686f-6500-4f22-b39b-d0805a43aebe,ifct,"Jallal (Arius, Catfish, [Place of collection: Vizag])",,,100,21.55,0,1.46,0,0,74.3,"[{""unit"":""serving"",""grams"":100,""description"":""100g""},{""unit"":""g"",""grams"":1}]","ICMR-NIN IFCT 2017"
c158b272-a9f2-44fd-8b89-a0f90cc109e0,ifct,"Jathi vela meen (Pig face Bream, Silver Spotted Sea Bream, Bridled Pigface bream)",,,108,22.45,0,1.92,0,0,30.5,"[{""unit"":""serving"",""grams"":100,""description"":""100g""},{""unit"":""g"",""grams"":1}]","ICMR-NIN IFCT 2017"
97c54471-e045-462c-9296-7e86785ff13e,ifct,"Kadal bral (Indian lizardfish, Lizardfish, [Place of collection: Kochi])",,,88,18.72,0,1.34,0,0,53.7,"[{""unit"":""serving"",""grams"":100,""description"":""100g""},{""unit"":""g"",""grams"":1}]","ICMR-NIN IFCT 2017"
17fd1188-4fb6-495a-b6fe-c977d39b8a63,ifct,"Kadali (Redfilament Threadfin bream, [Place of collection: Chennai])",,,127,22.07,0,4.2,0,0,36.1,"[{""unit"":""serving"",""grams"":100,""description"":""100g""},{""unit"":""g"",""grams"":1}]","ICMR-NIN IFCT 2017"
08da7581-33e0-47a3-9343-bf1d55965f23,ifct,"Kalamaara (Indian threadfin, Monk Fish, Thread Fin)",,,125,20.89,0,4.54,0,0,29.3,"[{""unit"":""serving"",""grams"":100,""description"":""100g""},{""unit"":""g"",""grams"":1}]","ICMR-NIN IFCT 2017"
60604b2e-8de0-462f-9b38-5830cfe6ee97,ifct,"Kalava (Orange spotted grouper, Estuary cod, [Place of collection: Mandapam])",,,89,19.38,0,1.2,0,0,40.1,"[{""unit"":""serving"",""grams"":100,""description"":""100g""},{""unit"":""g"",""grams"":1}]","ICMR-NIN IFCT 2017"
180a4603-4fa0-45c3-af38-bbc25cea993b,ifct,"Kanamayya (Blubberlip snapper, Maori Snapper, Multi coloured Snapper)",,,88,20.19,0,0.65,0,0,50.5,"[{""unit"":""serving"",""grams"":100,""description"":""100g""},{""unit"":""g"",""grams"":1}]","ICMR-NIN IFCT 2017"
57f137b3-efe8-498d-bd43-a011dd6acc3e,ifct,"Kannadi paarai (Diamond trevally, Indian threadfish, Indian threadfin)",,,101,22.09,0,1.27,0,0,59.6,"[{""unit"":""serving"",""grams"":100,""description"":""100g""},{""unit"":""g"",""grams"":1}]","ICMR-NIN IFCT 2017"
c27d5773-ff2e-4cd9-b8e3-14cc3cc0dbc2,ifct,"Karimeen (Green chromide, Pearlspot cichlid, Banded pearlspot)",,,92,19.68,0,1.38,0,0,23.7,"[{""unit"":""serving"",""grams"":100,""description"":""100g""},{""unit"":""g"",""grams"":1}]","ICMR-NIN IFCT 2017"
57c249e1-2413-448c-8b07-afdbdf9b49e4,ifct,"Karnagawala (Broad striped anchovy, [Place of collection: Vizag])",,,87,19.52,0,0.84,0,0,63.3,"[{""unit"":""serving"",""grams"":100,""description"":""100g""},{""unit"":""g"",""grams"":1}]","ICMR-NIN IFCT 2017"
dbb7bb68-4671-4ed0-9ad0-9f0d5421cf13,ifct,"Kayrai (Yellowfin tuna, Yellow Fin Tuna, Soccer)",,,109,20.15,0,3,0,0,25.1,"[{""unit"":""serving"",""grams"":100,""description"":""100g""},{""unit"":""g"",""grams"":1}]","ICMR-NIN IFCT 2017"
50ab4d0c-3ec8-419f-948e-304ad551f573,ifct,"Kiriyan (Yellowtail scad, Northern yellowtail scad, One finlet scad)",,,133,22.49,0,4.7,0,0,35.9,"[{""unit"":""serving"",""grams"":100,""description"":""100g""},{""unit"":""g"",""grams"":1}]","ICMR-NIN IFCT 2017"
7cfcc375-5c98-4c8b-a760-dcc734cdd6ff,ifct,"Kite fish (Shortfin devil ray, Ray, [Place of collection: Kochi])",,,99,23.07,0,0.56,0,0,59,"[{""unit"":""serving"",""grams"":100,""description"":""100g""},{""unit"":""g"",""grams"":1}]","ICMR-NIN IFCT 2017"
9ee8490c-84ff-4b45-abcd-636a0ee4b329,ifct,"Korka (Crescent grunter, Target Fish, Crescent Bass)",,,126,23.72,0,3.36,0,0,43.3,"[{""unit"":""serving"",""grams"":100,""description"":""100g""},{""unit"":""g"",""grams"":1}]","ICMR-NIN IFCT 2017"
bc76ac07-4f9f-4e55-a2c8-b0c09f90157a,ifct,"Kulam paarai (Yellowspotted trevally, Yellowspotted kingfish, Goldspotted trevally)",,,120,21.62,0,3.6,0,0,49.2,"[{""unit"":""serving"",""grams"":100,""description"":""100g""},{""unit"":""g"",""grams"":1}]","ICMR-NIN IFCT 2017"
83c5f994-72c1-4b8d-85e4-89fd505fb427,ifct,"Maagaa (Striped threadfin, Marine fish, [Place of collection: Vizag])",,,87,20.11,0,0.67,0,0,52.3,"[{""unit"":""serving"",""grams"":100,""description"":""100g""},{""unit"":""g"",""grams"":1}]","ICMR-NIN IFCT 2017"
e41a0745-4af8-4d8c-8763-97b03a94e6db,ifct,"Mackerel (Indian mackerel, Rake Gillat Mackerel, Kanangeluthi)",,,101,21.51,0,1.53,0,0,83,"[{""unit"":""serving"",""grams"":100,""description"":""100g""},{""unit"":""g"",""grams"":1}]","ICMR-NIN IFCT 2017"
8de17c3d-8206-42fa-aeec-8eef197a2345,ifct,"Manda clathi (Reticulated unicornfish, [Place of collection: Mandapam])",,,95,21.27,0,1,0,0,58.5,"[{""unit"":""serving"",""grams"":100,""description"":""100g""},{""unit"":""g"",""grams"":1}]","ICMR-NIN IFCT 2017"
fddeb9bb-074a-4629-983a-a4e6c182189a,ifct,"Matha (Elongate surgeonfish, Blue lined surgeonfish, Pala)",,,93,21.17,0,0.79,0,0,62.6,"[{""unit"":""serving"",""grams"":100,""description"":""100g""},{""unit"":""g"",""grams"":1}]","ICMR-NIN IFCT 2017"
4f6c430e-f264-40ee-8dde-542bbf2e0725,ifct,"Milk fish (Milkfish, White Mullet, Pal kendai)",,,106,23.66,0,1.09,0,0,43,"[{""unit"":""serving"",""grams"":100,""description"":""100g""},{""unit"":""g"",""grams"":1}]","ICMR-NIN IFCT 2017"
919e11f6-6d47-47f9-95b8-3f0f0c13cacb,ifct,"Moon fish (Moonfish, Ambutan parah, Amattikatti)",,,126,20.74,0,4.69,0,0,65.2,"[{""unit"":""serving"",""grams"":100,""description"":""100g""},{""unit"":""g"",""grams"":1}]","ICMR-NIN IFCT 2017"
7af3fa5d-4d9a-4937-838d-f7a161d624a9,ifct,"Mullet (Flathead grey mullet, Flathead Greymullet, Ain)",,,94,20.23,0,1.32,0,0,66.1,"[{""unit"":""serving"",""grams"":100,""description"":""100g""},{""unit"":""g"",""grams"":1}]","ICMR-NIN IFCT 2017"
34c7ca87-2b58-41dc-aa2d-e851d106d437,ifct,"Mural (Houndfish, Crocodile needlefish, Giant Longtom)",,,82,19.04,0,0.58,0,0,110,"[{""unit"":""serving"",""grams"":100,""description"":""100g""},{""unit"":""g"",""grams"":1}]","ICMR-NIN IFCT 2017"
1c0d1f8c-f32c-41a0-b980-83f214d67a41,ifct,"Myil meen (Indo Pacific sailfish, Peacock Fish, Sail Fish)",,,98,22.89,0,0.56,0,0,62,"[{""unit"":""serving"",""grams"":100,""description"":""100g""},{""unit"":""g"",""grams"":1}]","ICMR-NIN IFCT 2017"
362c7b90-939b-425c-9260-b8aaee3e5f08,ifct,"Nalla bontha (Giant Rock Cod, Malabar Rockcod, Brown-spotted Grouper)",,,87,19.82,0,0.72,0,0,57.9,"[{""unit"":""serving"",""grams"":100,""description"":""100g""},{""unit"":""g"",""grams"":1}]","ICMR-NIN IFCT 2017"
76226492-3b76-4d88-bb7d-1f6233ebaf04,ifct,"Narba (Bigeye trevally, Bigeye jack, Great trevally)",,,103,21.95,0,1.6,0,0,49.5,"[{""unit"":""serving"",""grams"":100,""description"":""100g""},{""unit"":""g"",""grams"":1}]","ICMR-NIN IFCT 2017"
8964e6f8-c9f6-40c8-951c-8e4126b2a5f4,ifct,"Paarai (Blacktip trevally, Blacktip kingfish, Yellowtail kingfish)",,,104,21.58,0,1.84,0,0,45.2,"[{""unit"":""serving"",""grams"":100,""description"":""100g""},{""unit"":""g"",""grams"":1}]","ICMR-NIN IFCT 2017"
f865d14f-fd76-4e51-9dcd-c447390cf7dd,ifct,"Padayappa (Rough triggerfish, Spotted oceanic triggerfish, Triggerfish)",,,86,19.7,0,0.69,0,0,33.9,"[{""unit"":""serving"",""grams"":100,""description"":""100g""},{""unit"":""g"",""grams"":1}]","ICMR-NIN IFCT 2017"
345b035a-9337-4d41-b849-0a0563736002,ifct,"Pali kora (Panna croaker, [Place of collection: Kochi])",,,94,19.25,0,1.81,0,0,54.9,"[{""unit"":""serving"",""grams"":100,""description"":""100g""},{""unit"":""g"",""grams"":1}]","ICMR-NIN IFCT 2017"
37e6b3af-41ba-4bb6-a189-e9ae25ad866f,ifct,"Pambada (Savalai hairtail, Small head hairtail, Small Headed Hairtail)",,,128,21.95,0,4.44,0,0,82.7,"[{""unit"":""serving"",""grams"":100,""description"":""100g""},{""unit"":""g"",""grams"":1}]","ICMR-NIN IFCT 2017"
48b2bc34-7e56-42ab-a184-658873878ddb,ifct,"Pandukopa (Larimichthys polyactis, Redlip croaker, Small yellow croaker)",,,86,19.73,0,0.65,0,0,49.1,"[{""unit"":""serving"",""grams"":100,""description"":""100g""},{""unit"":""g"",""grams"":1}]","ICMR-NIN IFCT 2017"
1e83f07b-f484-4ca2-80ae-5bd8bdfba170,ifct,"Parava (False trevally, Big jawed jumper, Big jawed jumber)",,,112,21.5,0,2.74,0,0,84.1,"[{""unit"":""serving"",""grams"":100,""description"":""100g""},{""unit"":""g"",""grams"":1}]","ICMR-NIN IFCT 2017"
ce2f28b1-61d2-4cec-a571-11302e3d1754,ifct,"Parcus (Indian halibut, Indian Turbot, Erumei nakku)",,,86,19.87,0,0.62,0,0,64.4,"[{""unit"":""serving"",""grams"":100,""description"":""100g""},{""unit"":""g"",""grams"":1}]","ICMR-NIN IFCT 2017"
d41209b6-9b58-4430-acb4-6dacfd9829d4,ifct,"Parrot fish (Blue barred parrotfish, Blue trim parrotfish, Cream parrotfish)",,,90,20.82,0,0.57,0,0,51.8,"[{""unit"":""serving"",""grams"":100,""description"":""100g""},{""unit"":""g"",""grams"":1}]","ICMR-NIN IFCT 2017"
2f3b31e6-0722-4203-82fa-e5dbfb01d807,ifct,"Perinkilichai (Pinjalo Snapper, Mette mirrei, Polei oolavai)",,,92,20.89,0,0.87,0,0,34.2,"[{""unit"":""serving"",""grams"":100,""description"":""100g""},{""unit"":""g"",""grams"":1}]","ICMR-NIN IFCT 2017"
6c895d6d-6ffa-440d-a42a-dde132833f35,ifct,"Phopat (Mahi mahi, Common dolphinfish, Common Dolphin Fish)",,,101,22.05,0,1.33,0,0,36.2,"[{""unit"":""serving"",""grams"":100,""description"":""100g""},{""unit"":""g"",""grams"":1}]","ICMR-NIN IFCT 2017"
026a25d0-7ae4-4a9d-a940-194f03444101,ifct,"Piranha ([Place of collection: Kochi])",,,131,20.46,0,5.43,0,0,39,"[{""unit"":""serving"",""grams"":100,""description"":""100g""},{""unit"":""g"",""grams"":1}]","ICMR-NIN IFCT 2017"
f3731a89-0339-4c98-a8b9-a5e8861750e7,ifct,"Pomfret, black (Black pomfret, Brown Pomfret, Vellaivaval)",,,123,18.91,0,4.83,0,0,69.1,"[{""unit"":""serving"",""grams"":100,""description"":""100g""},{""unit"":""g"",""grams"":1}]","ICMR-NIN IFCT 2017"
def2f857-58e9-48ec-8f3f-10bdbd7b676a,ifct,"Pomfret, snub nose (Snubnose Pampano, Kootili, Ladagoo)",,,90,21.05,0,0.46,0,0,36.1,"[{""unit"":""serving"",""grams"":100,""description"":""100g""},{""unit"":""g"",""grams"":1}]","ICMR-NIN IFCT 2017"
62ba788b-087f-4cce-b84e-1691a8147bc9,ifct,"Pomfret, white (Silver pomfret, White pomfret, Chandi)",,,123,19.02,0,5.12,0,0,46.1,"[{""unit"":""serving"",""grams"":100,""description"":""100g""},{""unit"":""g"",""grams"":1}]","ICMR-NIN IFCT 2017"
db40b14c-27c9-4785-b1b6-7cf6f50a2163,ifct,"Pranel (Whipfin silver biddy, Deepbody mojarra, Oodan)",,,97,19.69,0,1.89,0,0,52.4,"[{""unit"":""serving"",""grams"":100,""description"":""100g""},{""unit"":""g"",""grams"":1}]","ICMR-NIN IFCT 2017"
cb11cb23-58c6-4244-96ef-7a3c803440de,ifct,"Pulli paarai (Golden trevally, Golden kingfish, Banded trevally)",,,95,20.06,0,1.55,0,0,58.6,"[{""unit"":""serving"",""grams"":100,""description"":""100g""},{""unit"":""g"",""grams"":1}]","ICMR-NIN IFCT 2017"
c1ed9af8-8470-4573-8f5f-4d0f73f15895,ifct,"Queen fish (Doubledotted Queenfish, Talang Queenfish, Toal parah)",,,96,20.97,0,1.17,0,0,48.9,"[{""unit"":""serving"",""grams"":100,""description"":""100g""},{""unit"":""g"",""grams"":1}]","ICMR-NIN IFCT 2017"
770aa638-e5ef-4004-aa76-a996f48c2c8c,ifct,"Raai fish (Atlantic tripletail, Brown Tripletail, Tripple Tail)",,,103,21.61,0,1.69,0,0,47.6,"[{""unit"":""serving"",""grams"":100,""description"":""100g""},{""unit"":""g"",""grams"":1}]","ICMR-NIN IFCT 2017"
d9fe550e-336c-42ad-9ccb-393759a7dea6,ifct,"Raai vanthu (Brown spotted reef cod, Souman, Brownspotted grouper)",,,98,19.39,0,2.17,0,0,50.8,"[{""unit"":""serving"",""grams"":100,""description"":""100g""},{""unit"":""g"",""grams"":1}]","ICMR-NIN IFCT 2017"
1e2d9cfd-235d-4d54-b87d-224e0dc125be,ifct,"Rani (Freshwater gamefish, [Place of collection: Goa, Kochi)",,,90,18.83,0,1.49,0,0,63.2,"[{""unit"":""serving"",""grams"":100,""description"":""100g""},{""unit"":""g"",""grams"":1}]","ICMR-NIN IFCT 2017"
8e6706f2-f7bd-41dd-93f0-db98b77ce622,ifct,"Ray fish, bow head, spotted (Bowmouth guitarfish, Shark ray, Mud skate)",,,83,19.03,0,0.7,0,0,105,"[{""unit"":""serving"",""grams"":100,""description"":""100g""},{""unit"":""g"",""grams"":1}]","ICMR-NIN IFCT 2017"
c73969a0-4eed-4437-b15a-3fb3b17642cf,ifct,"Red snapper (Mangrove red snapper, Mangrove jack, Creek red bream)",,,104,22.79,0,1.34,0,0,59.9,"[{""unit"":""serving"",""grams"":100,""description"":""100g""},{""unit"":""g"",""grams"":1}]","ICMR-NIN IFCT 2017"
ae31ccda-f57f-4cb1-8e4b-ee1cae08dee8,ifct,"Red snapper, small (Lunar-tailed bigeye, Goggle eye, Moontail bullseye)",,,108,21.5,0,2.3,0,0,39,"[{""unit"":""serving"",""grams"":100,""description"":""100g""},{""unit"":""g"",""grams"":1}]","ICMR-NIN IFCT 2017"
723f936e-eeb9-421d-ae7d-d0574c44c502,ifct,"Sadaya (Orbicular batfish, Circular batfish, Orbiculate batfish)",,,110,20.68,0,2.97,0,0,49.4,"[{""unit"":""serving"",""grams"":100,""description"":""100g""},{""unit"":""g"",""grams"":1}]","ICMR-NIN IFCT 2017"
26a32034-e92c-472f-bb0c-54b55a97bdd7,ifct,"Salmon (Atlantic salmon, Ray-finned fish, [Place of collection: Goa])",,,172,20.97,0,9.86,0,0,20.2,"[{""unit"":""serving"",""grams"":100,""description"":""100g""},{""unit"":""g"",""grams"":1}]","ICMR-NIN IFCT 2017"
d62a3cec-1a88-45fa-8009-06aa35073087,ifct,"Sangada (Japanese threadfin bream, Marine fish, [Place of collection: Chennai])",,,106,20.26,0,2.67,0,0,77.8,"[{""unit"":""serving"",""grams"":100,""description"":""100g""},{""unit"":""g"",""grams"":1}]","ICMR-NIN IFCT 2017"
990f03e8-0b53-4cab-a08f-8c07efd8bb47,ifct,"Sankata paarai (Giant trevally, Lowly trevally, Barrier trevally)",,,104,21.87,0,1.68,0,0,22.3,"[{""unit"":""serving"",""grams"":100,""description"":""100g""},{""unit"":""g"",""grams"":1}]","ICMR-NIN IFCT 2017"
fe42d65a-3f54-4b5c-b387-c360b6e79885,ifct,"Sardine (Indian oil sardine, Malabar Sardine, Nonalai)",,,152,17.91,0,8.99,0,0,38.5,"[{""unit"":""serving"",""grams"":100,""description"":""100g""},{""unit"":""g"",""grams"":1}]","ICMR-NIN IFCT 2017"
d6788068-d383-482b-860f-dee4a8c3e5cb,ifct,"Shark (Spot-tail shark, Sorrah shark, Katta-sorrah)",,,95,21.6,0,0.83,0,0,63.6,"[{""unit"":""serving"",""grams"":100,""description"":""100g""},{""unit"":""g"",""grams"":1}]","ICMR-NIN IFCT 2017"
f216af0a-7758-477b-be9c-47c8653a1ca7,ifct,"Shark, hammer head (Great hammerhead, Hammerhead shark, [Place of collection: Kolkata])",,,103,23.4,0,0.8,0,0,53.5,"[{""unit"":""serving"",""grams"":100,""description"":""100g""},{""unit"":""g"",""grams"":1}]","ICMR-NIN IFCT 2017"
9d2c6169-22cf-4f6c-ae53-34c73abd80f2,ifct,"Shark, spotted (Zebra shark, Komarasi-sorrah, Coruhgun-sorrah)",,,92,20.95,0,0.75,0,0,131,"[{""unit"":""serving"",""grams"":100,""description"":""100g""},{""unit"":""g"",""grams"":1}]","ICMR-NIN IFCT 2017"
91ce3677-914f-4d49-8111-238653ed791c,ifct,"Shelavu (Pickhandle barracuda, Banded Barracuda, Sea Pike)",,,107,22.46,0,1.74,0,0,38.7,"[{""unit"":""serving"",""grams"":100,""description"":""100g""},{""unit"":""g"",""grams"":1}]","ICMR-NIN IFCT 2017"
2d0ab43b-1b75-4874-90c0-a67aa5a50e9c,ifct,"Silan (Silond catfish, Silondia Vacha, Silong Catfish)",,,151,22.72,0,6.68,0,0,29.4,"[{""unit"":""serving"",""grams"":100,""description"":""100g""},{""unit"":""g"",""grams"":1}]","ICMR-NIN IFCT 2017"
bd973c05-aeb4-44b2-b387-3f24c04cedfd,ifct,"Silk fish (Alfonsino, Alfonsin, Longfinned beryx)",,,98,20.65,0,1.53,0,0,41.6,"[{""unit"":""serving"",""grams"":100,""description"":""100g""},{""unit"":""g"",""grams"":1}]","ICMR-NIN IFCT 2017"
30725de6-877c-47d5-a621-49ff9fec364a,ifct,"Silver carp (Belli-gende, Freshwater cyprinid fish, Asian carp)",,,133,21.71,0,5.17,0,0,19.6,"[{""unit"":""serving"",""grams"":100,""description"":""100g""},{""unit"":""g"",""grams"":1}]","ICMR-NIN IFCT 2017"
0ad5fc7b-7000-42ae-bfd7-07934bf4a24b,ifct,"Sole fish (Largescale tongue-sole, Lep, Tonguefish)",,,88,19.05,0,1.18,0,0,74.6,"[{""unit"":""serving"",""grams"":100,""description"":""100g""},{""unit"":""g"",""grams"":1}]","ICMR-NIN IFCT 2017"
b51fef55-4a3b-46d3-a020-4d6aaee48edb,ifct,"Stingray (Common stingray, Blue Stingray, Thirukay)",,,98,23.98,0,0.68,0,0,64.1,"[{""unit"":""serving"",""grams"":100,""description"":""100g""},{""unit"":""g"",""grams"":1}]","ICMR-NIN IFCT 2017"
2008e14c-f416-4a32-a0a8-432a5f655ef8,ifct,"Tarlava (Spotted sicklefish, Moon-fish, Spotted Bat-fish)",,,99,21.72,0,1.2,0,0,67.4,"[{""unit"":""serving"",""grams"":100,""description"":""100g""},{""unit"":""g"",""grams"":1}]","ICMR-NIN IFCT 2017"
97880545-bbf7-4db2-96b9-dba85e474843,ifct,"Tholam (Minstrel sweetlips, Grey Sweetlip, Harvil)",,,103,20.78,0,2.13,0,0,28,"[{""unit"":""serving"",""grams"":100,""description"":""100g""},{""unit"":""g"",""grams"":1}]","ICMR-NIN IFCT 2017"
f24e065b-99d6-43d3-812e-2509ca56dfa0,ifct,"Tilapia (Nile tilapia, Elapi, Japani kawoi)",,,83,18.48,0,1.08,0,0,52.5,"[{""unit"":""serving"",""grams"":100,""description"":""100g""},{""unit"":""g"",""grams"":1}]","ICMR-NIN IFCT 2017"
6f7a3645-5275-4b90-b1ac-068b445f3d06,ifct,"Tuna (Mackerel tuna, Kawakawa, Little Tuna)",,,112,24.5,0,1.44,0,0,52.9,"[{""unit"":""serving"",""grams"":100,""description"":""100g""},{""unit"":""g"",""grams"":1}]","ICMR-NIN IFCT 2017"
0e31ae11-dbd4-47ff-8b26-43e5cc93ca32,ifct,"Tuna, striped (Skipjack tuna, Aku, Arctic bonito)",,,96,21.28,0,1.12,0,0,22.6,"[{""unit"":""serving"",""grams"":100,""description"":""100g""},{""unit"":""g"",""grams"":1}]","ICMR-NIN IFCT 2017"
4d716048-b447-4d79-8898-79e78e4e1192,ifct,"Valava (Whitefin wolf-herring, Tenpounder, Kiru-wahlah)",,,98,21.8,0,1.06,0,0,91.9,"[{""unit"":""serving"",""grams"":100,""description"":""100g""},{""unit"":""g"",""grams"":1}]","ICMR-NIN IFCT 2017"
d8fcf391-1b6f-4fd3-b14b-5335f2b28a13,ifct,"Vanjaram (Narrow-barred Spanish mackerel, Barred Seer Fish, King Seer)",,,136,22.28,0,5.18,0,0,34.9,"[{""unit"":""serving"",""grams"":100,""description"":""100g""},{""unit"":""g"",""grams"":1}]","ICMR-NIN IFCT 2017"
61ec3a3a-f08f-4ee9-a6ac-cfb9c4b2fa0a,ifct,"Vela meen (Green jobfish, Snapper, [Place of collection: Mandapam])",,,128,22.16,0,4.34,0,0,38.2,"[{""unit"":""serving"",""grams"":100,""description"":""100g""},{""unit"":""g"",""grams"":1}]","ICMR-NIN IFCT 2017"
1c636bf0-9581-4595-a963-42085c3a9813,ifct,"Vora (Streaked spinefoot, Ottah, Warahwah)",,,101,20.14,0,2.14,0,0,43.7,"[{""unit"":""serving"",""grams"":100,""description"":""100g""},{""unit"":""g"",""grams"":1}]","ICMR-NIN IFCT 2017"
4a7b3bc5-8434-41e9-a106-3e88da6a53ad,ifct,"Whale shark (Tiger shark, Wulluven Sorrah, Kettalam Sorrah)",,,96,21.83,0,0.82,0,0,116,"[{""unit"":""serving"",""grams"":100,""description"":""100g""},{""unit"":""g"",""grams"":1}]","ICMR-NIN IFCT 2017"
c60c90d7-b5c4-4dfd-8d19-8e7392ee7514,ifct,"Xiphinis (Swordfish, Broadbills, Sword Fish)",,,88,19.82,0,0.88,0,0,66.2,"[{""unit"":""serving"",""grams"":100,""description"":""100g""},{""unit"":""g"",""grams"":1}]","ICMR-NIN IFCT 2017"
b051b783-728f-4ce2-a643-abe5e6e14142,ifct,"Eggs, Cat fish (Butter catfish, Sheatfish, [Place of collection: Kolkata])",,,143,24.68,0,5.28,0,0,54.8,"[{""unit"":""serving"",""grams"":100,""description"":""100g""},{""unit"":""g"",""grams"":1}]","ICMR-NIN IFCT 2017"
52cd2abe-c8bd-485e-8f3f-33e76a008d50,ifct,"Crab (Florida stone crab, [Place of collection: Kolkata])",,,82,10.23,0,1.41,0,0,244,"[{""unit"":""serving"",""grams"":100,""description"":""100g""},{""unit"":""g"",""grams"":1}]","ICMR-NIN IFCT 2017"
1fce8509-a69f-4658-9d13-624deb6d1185,ifct,"Crab, sea (Three-spot swimming crab, Blood-spotted swimming crab, Red-spotted swimming crab)",,,68,15.36,0,0.6,0,0,313,"[{""unit"":""serving"",""grams"":100,""description"":""100g""},{""unit"":""g"",""grams"":1}]","ICMR-NIN IFCT 2017"
469e5ef8-aea7-408a-a4a0-17ea3d7d5a58,ifct,"Lobster, brown (Flathead lobster, Bay lobster, Moreton Bay bug)",,,70,15.96,0,0.56,0,0,140,"[{""unit"":""serving"",""grams"":100,""description"":""100g""},{""unit"":""g"",""grams"":1}]","ICMR-NIN IFCT 2017"
bec3530d-3b4d-4ac8-b056-e30770aa73b8,ifct,"Lobster, king size (Flathead lobster, Bay lobster, Moreton Bay bug)",,,90,18.54,0,0.78,0,0,191,"[{""unit"":""serving"",""grams"":100,""description"":""100g""},{""unit"":""g"",""grams"":1}]","ICMR-NIN IFCT 2017"
83c6bbd4-fff0-4999-ba9c-153a66296536,ifct,"Mud crab (Mangrove crab, [Place of collection: Goa])",,,45,10,0,0.55,0,0,305,"[{""unit"":""serving"",""grams"":100,""description"":""100g""},{""unit"":""g"",""grams"":1}]","ICMR-NIN IFCT 2017"
4b8f77aa-d603-46d6-afa1-996b7bd847b1,ifct,"Oyster (Indian backwater oyster, Kalungu, Ali)",,,60,9.51,0,2.44,0,0,41,"[{""unit"":""serving"",""grams"":100,""description"":""100g""},{""unit"":""g"",""grams"":1}]","ICMR-NIN IFCT 2017"
551b6cbf-a5e2-40bf-83e5-a706f7a0a544,ifct,"Tiger prawns, brown (Marine crustacean, [Place of collection: Chennai])",,,65,14.85,0,0.56,0,0,188,"[{""unit"":""serving"",""grams"":100,""description"":""100g""},{""unit"":""g"",""grams"":1}]","ICMR-NIN IFCT 2017"
28ba68ff-9868-4384-b9e1-d2849c268295,ifct,"Tiger Prawns, orange (Giant tiger prawn, Asian tiger shrimp, Marine crustacean)",,,65,14.25,0,0.74,0,0,61,"[{""unit"":""serving"",""grams"":100,""description"":""100g""},{""unit"":""g"",""grams"":1}]","ICMR-NIN IFCT 2017"
f340e40c-bac9-496e-b420-02142b0d9f7c,ifct,"Clam, green shell (Asian green mussel, Green-lipped mussel, Kallumalkai)",,,58,12.14,0,0.98,0,0,322,"[{""unit"":""serving"",""grams"":100,""description"":""100g""},{""unit"":""g"",""grams"":1}]","ICMR-NIN IFCT 2017"
10de9cf9-e6c5-4362-a448-f32044d57fa0,ifct,"Clam, white shell, ribbed (Asiatic Hard Clam, [Place of collection: Goa])",,,60,11.82,0,1.34,0,0,404,"[{""unit"":""serving"",""grams"":100,""description"":""100g""},{""unit"":""g"",""grams"":1}]","ICMR-NIN IFCT 2017"
9ebd1b47-d64f-4ea2-b22c-87affd4154e3,ifct,"Octopus (Common octopus, [Place of collection: Mumbai])",,,80,14.71,0,1.12,0,0,230,"[{""unit"":""serving"",""grams"":100,""description"":""100g""},{""unit"":""g"",""grams"":1}]","ICMR-NIN IFCT 2017"
55a721a9-8511-4dad-ba2a-7120da1061b1,ifct,"Squid, black ([Place of collection: Kolkata])",,,80,16.1,0,1.07,0,0,179,"[{""unit"":""serving"",""grams"":100,""description"":""100g""},{""unit"":""g"",""grams"":1}]","ICMR-NIN IFCT 2017"
1d7163da-043d-4799-9316-05b026153d23,ifct,"Squid, hard shell (Pharaoh cuttlefish, Large cuttlefish, [Place of collection: Goa])",,,76,16.82,0,0.93,0,0,99.1,"[{""unit"":""serving"",""grams"":100,""description"":""100g""},{""unit"":""g"",""grams"":1}]","ICMR-NIN IFCT 2017"
b9e98125-9b6b-4935-b1f9-69fea6d7d335,ifct,"Squid, red ([Place of collection: Chennai and Goa])",,,79,16.25,0,1.44,0,0,121,"[{""unit"":""serving"",""grams"":100,""description"":""100g""},{""unit"":""g"",""grams"":1}]","ICMR-NIN IFCT 2017"
d4a90e43-bdbf-4cc7-8a20-6cb8a7dcf528,ifct,"Squid, white, small (Indian Ocean Squid, Indian Squid, [Place of collection: Mumbai])",,,84,17.41,0,1.15,0,0,154,"[{""unit"":""serving"",""grams"":100,""description"":""100g""},{""unit"":""g"",""grams"":1}]","ICMR-NIN IFCT 2017"
e9336185-1720-4f84-96ad-12f50e6768c5,ifct,"Cat fish (Eel-tailed catfish, Dewfish, Freshwater catfish)",,,124,15.86,0,6.24,0,0,28.3,"[{""unit"":""serving"",""grams"":100,""description"":""100g""},{""unit"":""g"",""grams"":1}]","ICMR-NIN IFCT 2017"
0a5ead70-b275-4a3e-8c29-2759416b3ff8,ifct,"Catla (Bhakur, Boassa, Katla)",,,94,17.94,0,2.15,0,0,36.6,"[{""unit"":""serving"",""grams"":100,""description"":""100g""},{""unit"":""g"",""grams"":1}]","ICMR-NIN IFCT 2017"
a178ce51-baf1-42d3-b4ff-05e425f5663d,ifct,"Freshwater Eel (European eel, Catadromous fish, [Place of collection: Kolkata])",,,108,20.41,0,2.63,0,0,88.7,"[{""unit"":""serving"",""grams"":100,""description"":""100g""},{""unit"":""g"",""grams"":1}]","ICMR-NIN IFCT 2017"
3866f497-7d81-45b4-8d9f-b60722de53f5,ifct,"Gold fish (Goldfish, Freshwater fish, Aquarium fish)",,,95,16.91,0,2.94,0,0,27.5,"[{""unit"":""serving"",""grams"":100,""description"":""100g""},{""unit"":""g"",""grams"":1}]","ICMR-NIN IFCT 2017"
c7c771a6-b83d-408c-b6e1-c89b20f3dead,ifct,"Pangas (Iridescent shark, Shark catfish, [Place of collection: Kolkata])",,,204,17.12,0,16.77,0,0,37.4,"[{""unit"":""serving"",""grams"":100,""description"":""100g""},{""unit"":""g"",""grams"":1}]","ICMR-NIN IFCT 2017"
e03ce68c-6b66-47a4-a431-1d9af0bfbaa5,ifct,"Rohu (Bhobhari, Rui, Roho labeo)",,,102,19.71,0,2.39,0,0,35.6,"[{""unit"":""1 serving (150 g raw)"",""grams"":150,""description"":""1 serving (150 g raw)""},{""unit"":""g"",""grams"":1}]","ICMR-NIN IFCT 2017"
d6ea7660-1742-4e6d-88d5-5039f398cacd,ifct,"Crab (Small shore crab, [Place of collection: Kolkata])",,,78,13.23,0,0.89,0,0,280,"[{""unit"":""serving"",""grams"":100,""description"":""100g""},{""unit"":""g"",""grams"":1}]","ICMR-NIN IFCT 2017"
a1e3caa3-57a9-4aaa-840a-fb1594a06903,ifct,"Prawns, big (Giant freshwater prawn, Giant river prawn, Palaemonid freshwater prawn)",,,91,19.24,0,0.52,0,0,849,"[{""unit"":""serving"",""grams"":100,""description"":""100g""},{""unit"":""g"",""grams"":1}]","ICMR-NIN IFCT 2017"
eb754a28-ec7f-4261-bad0-b906a42f65b1,ifct,"Prawns, small (Shrimp, [Place of collection: Mumbai])",,,71,13.07,0,0.78,0,0,77.7,"[{""unit"":""serving"",""grams"":100,""description"":""100g""},{""unit"":""g"",""grams"":1}]","ICMR-NIN IFCT 2017"
1315d2d3-d1b3-4146-9f21-ffa329db14d9,ifct,"Tiger prawns (Shrimp, [Place of collection: Kolkata])",,,68,14.24,0,0.66,0,0,80.8,"[{""unit"":""serving"",""grams"":100,""description"":""100g""},{""unit"":""g"",""grams"":1}]","ICMR-NIN IFCT 2017"
5238f803-f7e8-4b7b-842f-a4dbf9ec5a44,ifct,"Coconut oil",,,900,0,0,100,0,0,0,"[{""unit"":""serving"",""grams"":100,""description"":""100g""},{""unit"":""g"",""grams"":1}]","ICMR-NIN IFCT 2017"
2fa6fa49-83a0-4961-bf2d-ef85be675af7,ifct,"Corn oil",,,900,0,0,100.01,0,0,0,"[{""unit"":""serving"",""grams"":100,""description"":""100g""},{""unit"":""g"",""grams"":1}]","ICMR-NIN IFCT 2017"
aa3267e1-3bc0-4b8f-967b-68a1a9938f35,ifct,"Cotton seed oil",,,900,0,0,99.99,0,0,0,"[{""unit"":""serving"",""grams"":100,""description"":""100g""},{""unit"":""g"",""grams"":1}]","ICMR-NIN IFCT 2017"
4a43f667-767c-43fe-97b1-72d85b00c172,ifct,"Gingelly oil",,,900,0,0,100,0,0,0,"[{""unit"":""serving"",""grams"":100,""description"":""100g""},{""unit"":""g"",""grams"":1}]","ICMR-NIN IFCT 2017"
7ffc6224-1bcf-43ee-83f5-8b8d7b22c4e2,ifct,"Groundnut oil",,,900,0,0,100,0,0,0,"[{""unit"":""serving"",""grams"":100,""description"":""100g""},{""unit"":""g"",""grams"":1}]","ICMR-NIN IFCT 2017"
3ce99ddb-f2e3-45b5-a420-5986f273993e,ifct,"Mustard oil",,,900,0,0,100,0,0,0,"[{""unit"":""serving"",""grams"":100,""description"":""100g""},{""unit"":""g"",""grams"":1}]","ICMR-NIN IFCT 2017"
763d7ff3-8b78-4ae4-a329-c9d405d6521f,ifct,"Palm oil",,,900,0,0,100,0,0,0,"[{""unit"":""serving"",""grams"":100,""description"":""100g""},{""unit"":""g"",""grams"":1}]","ICMR-NIN IFCT 2017"
68529023-fbbd-45d1-8d21-58031709a86e,ifct,"Rice bran oil",,,900,0,0,100,0,0,0,"[{""unit"":""serving"",""grams"":100,""description"":""100g""},{""unit"":""g"",""grams"":1}]","ICMR-NIN IFCT 2017"
d0202d83-1c59-4ed0-9860-d56bd83b6ce9,ifct,"Safflower oil",,,900,0,0,100.01,0,0,0,"[{""unit"":""serving"",""grams"":100,""description"":""100g""},{""unit"":""g"",""grams"":1}]","ICMR-NIN IFCT 2017"
86a24e47-b1f8-4cdf-bc94-4fccd045e970,ifct,"Safflower oil (blended)",,,900,0,0,100,0,0,0,"[{""unit"":""serving"",""grams"":100,""description"":""100g""},{""unit"":""g"",""grams"":1}]","ICMR-NIN IFCT 2017"
7cdb55d8-4c08-4268-9725-a7bc880e0b8e,ifct,"Soyabean oil",,,900,0,0,100,0,0,0,"[{""unit"":""serving"",""grams"":100,""description"":""100g""},{""unit"":""g"",""grams"":1}]","ICMR-NIN IFCT 2017"
d72ab980-135b-49c9-aca4-d05981058143,ifct,"Sunflower oil",,,900,0,0,100,0,0,0,"[{""unit"":""1 tsp"",""grams"":5,""description"":""1 1 tsp (~5g)""},{""unit"":""g"",""grams"":1}]","ICMR-NIN IFCT 2017"
2b5b2e72-53e3-4589-8bfc-c5e08965151c,ifct,"Ghee",,,900,0,0,100,0,0,0,"[{""unit"":""1 tsp"",""grams"":5,""description"":""1 1 tsp (~5g)""},{""unit"":""g"",""grams"":1}]","ICMR-NIN IFCT 2017"
9ccd9c15-8115-469f-8f4a-dbc1b5cc67cf,ifct,"Vanaspati",,,900,0,0,100,0,0,0,"[{""unit"":""serving"",""grams"":100,""description"":""100g""},{""unit"":""g"",""grams"":1}]","ICMR-NIN IFCT 2017"
e63cf25a-bdf5-431d-b019-dac5ae65e073,ifct,"Curd / yogurt, plain, whole milk (dahi, yoghurt)",,,61,3.47,4.66,3.25,0,0,0,"[{""unit"":""1 katori (100 g)"",""grams"":100,""description"":""1 katori (100 g)""},{""unit"":""g"",""grams"":1}]","ICMR-NIN IFCT 2017"
cb2a243f-30f8-4834-b0bf-c41ca4b06804,ifct,"Yogurt, plain, low fat (low fat dahi, low fat curd)",,,63,5.25,7.04,1.55,0,0,0,"[{""unit"":""1 katori (100 g)"",""grams"":100,""description"":""1 katori (100 g)""},{""unit"":""g"",""grams"":1}]","ICMR-NIN IFCT 2017"
e1d19cdf-4d18-4305-83da-4d4974ba6071,ifct,"Butter, salted (makhan)",,,717,0.85,0.06,81.11,0,0,0,"[{""unit"":""1 tsp (5 g) to 1 tbsp (14 g)"",""grams"":10,""description"":""1 tsp (5 g) to 1 tbsp (14 g)""},{""unit"":""g"",""grams"":1}]","ICMR-NIN IFCT 2017"
7875d6eb-a84e-4192-a398-d57ed6624927,ifct,"Cheese, cheddar",,,403,24.9,1.28,33.1,0,0,0,"[{""unit"":""1 slice"",""grams"":20,""description"":""1 1 slice (~20g)""},{""unit"":""g"",""grams"":1}]","ICMR-NIN IFCT 2017"
199656ec-04bf-43ac-b59c-db5f8071fe21,ifct,"Oats, rolled, dry (oatmeal, jai)",,,379,13.15,67.7,6.52,10.1,0,0,"[{""unit"":""1/2 cup dry"",""grams"":40,""description"":""1 1/2 cup dry (~40g)""},{""unit"":""g"",""grams"":1}]","ICMR-NIN IFCT 2017"
5c811019-8af5-4741-85ed-99191a03d480,ifct,"Bread, white (white bread, slice)",,,266,8.85,49.2,3.33,2.7,0,0,"[{""unit"":""1 slice"",""grams"":30,""description"":""1 1 slice (~30g)""},{""unit"":""g"",""grams"":1}]","ICMR-NIN IFCT 2017"
ede952a5-e57b-4a27-b22e-b70a14d7a356,ifct,"Bread, whole wheat (brown bread, wheat bread)",,,252,12.45,42.71,3.5,6,0,0,"[{""unit"":""1 slice"",""grams"":30,""description"":""1 1 slice (~30g)""},{""unit"":""g"",""grams"":1}]","ICMR-NIN IFCT 2017"
fa21411e-9193-49e6-a1e2-47a2a73da1c8,ifct,"Pasta, dry (macaroni, spaghetti, penne)",,,371,13.04,74.67,1.51,3.2,0,0,"[{""unit"":""1 serving dry"",""grams"":80,""description"":""1 1 serving dry (~80g)""},{""unit"":""g"",""grams"":1}]","ICMR-NIN IFCT 2017"
a45bcbf2-d8c0-4493-8cb3-264e9ac3d023,ifct,"Gram flour (besan) (chickpea flour)",,,387,22.39,57.82,6.69,10.8,0,0,"[{""unit"":""1/4 cup"",""grams"":30,""description"":""1 1/4 cup (~30g)""},{""unit"":""g"",""grams"":1}]","ICMR-NIN IFCT 2017"
7a8204f9-432e-4969-9b2c-5f258fc32b79,ifct,"Soya chunks, dry (nutrela, soy chunks, meal maker)",,,345,52,33,0.5,13,0,0,"[{""unit"":""1 serving dry (about 1 cup cooked)"",""grams"":30,""description"":""1 serving dry (about 1 cup cooked)""},{""unit"":""g"",""grams"":1}]","ICMR-NIN IFCT 2017"
d9fca463-8017-4b43-a541-32397327a072,ifct,"Tofu, firm (soya paneer, bean curd)",,,144,17.3,2.78,8.72,2.3,0,0,"[{""unit"":""100 g"",""grams"":100,""description"":""1 100 g (~100g)""},{""unit"":""g"",""grams"":1}]","ICMR-NIN IFCT 2017"
0ac9f1ef-ff21-4f97-bc2d-aaf04b8c0470,ifct,"Sugar, white (cheeni, shakkar)",,,387,0,99.98,0,0,0,0,"[{""unit"":""1 tsp"",""grams"":5,""description"":""1 1 tsp (~5g)""},{""unit"":""g"",""grams"":1}]","ICMR-NIN IFCT 2017"
9d32345a-a1b9-4577-a8d3-49767473ad56,ifct,"Honey (shahad, madhu)",,,304,0.3,82.4,0,0.2,0,0,"[{""unit"":""1 tsp"",""grams"":7,""description"":""1 1 tsp (~7g)""},{""unit"":""g"",""grams"":1}]","ICMR-NIN IFCT 2017"
4f54f9b9-4526-4c28-8bea-f6f73d8f926d,ifct,"Olive oil",,,900,0,0,100,0,0,0,"[{""unit"":""1 tsp"",""grams"":5,""description"":""1 1 tsp (~5g)""},{""unit"":""g"",""grams"":1}]","ICMR-NIN IFCT 2017"
ec1c0ad6-e3a1-4c58-a39f-2d2d013a3cc1,ifct,"Coconut milk, canned (nariyal doodh)",,,197,2.02,2.81,21.33,0,0,0,"[{""unit"":""1/4 cup"",""grams"":60,""description"":""1 1/4 cup (~60g)""},{""unit"":""g"",""grams"":1}]","ICMR-NIN IFCT 2017"
ae39a2fe-9ca1-4cf7-b41e-ae210ae331ff,ifct,"Chicken breast, raw, skinless (lean)",,,120,22.5,0,2.62,0,0,0,"[{""unit"":""1 serving (150 g raw)"",""grams"":150,""description"":""1 serving (150 g raw)""},{""unit"":""g"",""grams"":1}]","ICMR-NIN IFCT 2017"
a722f132-36ac-40a9-b825-be0bdf9ee08a,ifct,"Chicken breast, roasted, skinless (grilled chicken breast)",,,165,31.02,0,3.57,0,0,0,"[{""unit"":""100 g cooked"",""grams"":100,""description"":""1 100 g cooked (~100g)""},{""unit"":""g"",""grams"":1}]","ICMR-NIN IFCT 2017"
af4a147a-028a-4a4c-8859-06d809f73193,ifct,"Whey protein powder (typical)",,,400,80,8,6,0,0,0,"[{""unit"":""1 scoop (30 g)"",""grams"":30,""description"":""1 scoop (30 g)""},{""unit"":""g"",""grams"":1}]","ICMR-NIN IFCT 2017"
83e93b70-899d-4ffa-a422-3d26e3ecfdf7,ifct,"Salt, table (namak)",,,0,0,0,0,0,0,38758,"[{""unit"":""1 pinch (1 g)"",""grams"":1,""description"":""1 pinch (1 g)""},{""unit"":""g"",""grams"":1}]","ICMR-NIN IFCT 2017"
1a394c0e-fe65-4400-9083-40f2552ba965,ifct,"Water (paani)",,,0,0,0,0,0,0,0,"[{""unit"":""1 glass"",""grams"":250,""description"":""1 1 glass (~250g)""},{""unit"":""g"",""grams"":1}]","ICMR-NIN IFCT 2017"
57ffb5bb-a70a-41b4-b7c2-0057d10b11c4,ifct,"Rice, white, cooked (boiled) (cooked rice, chawal, annam)",,,132,2.94,30.02,0.19,1.04,0,0,"[{""unit"":""1 katori (150 g)"",""grams"":150,""description"":""1 katori (150 g)""},{""unit"":""g"",""grams"":1}]","ICMR-NIN IFCT 2017"
2f394cde-7774-47b4-bed9-d133880fb39f,ifct,"Rice, parboiled, cooked (cooked parboiled rice, sela rice)",,,130,2.89,29.96,0.2,1.39,0,0,"[{""unit"":""1 katori (150 g)"",""grams"":150,""description"":""1 katori (150 g)""},{""unit"":""g"",""grams"":1}]","ICMR-NIN IFCT 2017"
f1f78e95-1bf9-4c5f-8010-150963d3ca53,ifct,"Rice, brown, cooked (cooked brown rice)",,,131,3.39,29.34,0.46,1.64,0,0,"[{""unit"":""1 katori (150 g)"",""grams"":150,""description"":""1 katori (150 g)""},{""unit"":""g"",""grams"":1}]","ICMR-NIN IFCT 2017"
264b6a8c-d978-41b5-9b92-35689947d349,ifct,"Quinoa, cooked (cooked quinoa)",,,109,4.37,22.77,1.83,4.89,0,0,"[{""unit"":""1 katori"",""grams"":150,""description"":""1 1 katori (~150g)""},{""unit"":""g"",""grams"":1}]","ICMR-NIN IFCT 2017"
b70707a9-ab6f-463c-920a-bd852dfd3a09,ifct,"Roti / chapati, plain (no ghee) (phulka, rotli)",,,221,7.29,52.09,1.06,7.83,0,0,"[{""unit"":""1 medium roti (40 g)"",""grams"":40,""description"":""1 medium roti (40 g)""},{""unit"":""g"",""grams"":1}]","ICMR-NIN IFCT 2017"
fc553123-fbae-49af-9b33-388ee806b50e,ifct,"Toor dal, cooked (thick, no tadka) (arhar dal, pappu, tuvar dal)",,,110,7.23,21.43,0.52,3.02,0,0,"[{""unit"":""1 katori (150 g)"",""grams"":150,""description"":""1 katori (150 g)""},{""unit"":""g"",""grams"":1}]","ICMR-NIN IFCT 2017"
6c7969f7-c302-480b-a291-433a7219c7c8,ifct,"Moong dal, cooked (thick, no tadka) (yellow moong dal, pesara pappu)",,,109,7.96,20.65,0.45,3.12,0,0,"[{""unit"":""1 katori (150 g)"",""grams"":150,""description"":""1 katori (150 g)""},{""unit"":""g"",""grams"":1}]","ICMR-NIN IFCT 2017"
b87195eb-2061-44bb-a872-dc9a38f3d600,ifct,"Masoor dal, cooked (thick, no tadka) (red lentils)",,,107,8.12,20.99,0.25,3.48,0,0,"[{""unit"":""1 katori (150 g)"",""grams"":150,""description"":""1 katori (150 g)""},{""unit"":""g"",""grams"":1}]","ICMR-NIN IFCT 2017"
5d61408b-61fd-4568-a809-8876b9c66cf1,ifct,"Urad dal, cooked (thick, no tadka) (black gram dal)",,,108,7.69,20.98,0.56,3.98,0,0,"[{""unit"":""1 katori (150 g)"",""grams"":150,""description"":""1 katori (150 g)""},{""unit"":""g"",""grams"":1}]","ICMR-NIN IFCT 2017"
9e026fd9-b8c3-4ca0-9739-34de3d49e5b5,ifct,"Chana dal, cooked (thick, no tadka) (bengal gram dal)",,,110,7.18,20.62,1.77,5.05,0,0,"[{""unit"":""1 katori (150 g)"",""grams"":150,""description"":""1 katori (150 g)""},{""unit"":""g"",""grams"":1}]","ICMR-NIN IFCT 2017"
31e0823e-87e8-4569-b962-2bde415419af,ifct,"Rajma, boiled (kidney beans boiled)",,,124,8.12,27.41,0.7,7.06,0,0,"[{""unit"":""1 katori (150 g)"",""grams"":150,""description"":""1 katori (150 g)""},{""unit"":""g"",""grams"":1}]","ICMR-NIN IFCT 2017"
89691ab4-0bb6-4615-b9ff-3f9d22273553,ifct,"Kala chana, boiled (black chickpeas boiled, chole (plain))",,,125,8.16,28.17,2.22,10.97,0,0,"[{""unit"":""1/2 katori (100 g)"",""grams"":100,""description"":""1/2 katori (100 g)""},{""unit"":""g"",""grams"":1}]","ICMR-NIN IFCT 2017"
67d69cd8-ea70-4ed8-ae81-022fc55a9c7a,ifct,"Moong (whole), boiled (green gram boiled, sprouts boiled)",,,118,9.01,25.27,0.46,6.82,0,0,"[{""unit"":""1/2 katori (100 g)"",""grams"":100,""description"":""1/2 katori (100 g)""},{""unit"":""g"",""grams"":1}]","ICMR-NIN IFCT 2017"
882cd162-2145-4122-8853-7ce0d1eabb93,ifct,"Idli (3 idlis) (idly)",,,115,3.9,25.5,0.3,2.3,0,0,"[{""unit"":""serving"",""grams"":120,""description"":""1 serving (~120g)""},{""unit"":""g"",""grams"":1}]","CaliPartner Indian Recipes"
0d823dda-994c-425e-80c1-bea0dd026805,ifct,"Plain dosa (2 dosas)",,,162,4.8,31.8,2.4,2.9,0,0,"[{""unit"":""serving"",""grams"":120,""description"":""1 serving (~120g)""},{""unit"":""g"",""grams"":1}]","CaliPartner Indian Recipes"
7c9ef5c4-d4c0-4350-b173-d3b850818f44,ifct,"Masala dosa (1 dosa) (masala dosai)",,,120,3.1,21.9,2.9,5.2,0,0,"[{""unit"":""serving"",""grams"":250,""description"":""1 serving (~250g)""},{""unit"":""g"",""grams"":1}]","CaliPartner Indian Recipes"
6832f42d-9f1f-4ba6-a1ef-a6dc4404a5c8,ifct,"Uttapam (1 piece) (uthappam)",,,157,4.2,27.5,4.2,3.7,0,0,"[{""unit"":""serving"",""grams"":130,""description"":""1 serving (~130g)""},{""unit"":""g"",""grams"":1}]","CaliPartner Indian Recipes"
3af55fea-5ffa-4307-b480-b9cc9247c508,ifct,"Pesarattu (2 pieces) (moong dosa)",,,176,8.9,28.1,4.7,6.3,0,0,"[{""unit"":""serving"",""grams"":150,""description"":""1 serving (~150g)""},{""unit"":""g"",""grams"":1}]","CaliPartner Indian Recipes"
a6b1a6e5-ed86-46bc-a6a8-9b1e5569e96b,ifct,"Ragi dosa (2 dosas) (ragi dosai)",,,171,3.2,33.8,4,5,0,0,"[{""unit"":""serving"",""grams"":120,""description"":""1 serving (~120g)""},{""unit"":""g"",""grams"":1}]","CaliPartner Indian Recipes"
50bf39c6-a1cf-4a51-be41-e8bc4172a8da,ifct,"Rava upma",,,112,3.4,19.7,3.4,8,0,0,"[{""unit"":""serving"",""grams"":250,""description"":""1 serving (~250g)""},{""unit"":""g"",""grams"":1}]","CaliPartner Indian Recipes"
c980b020-0a2b-444b-bfae-e72fda8ff682,ifct,"Poha (aval)",,,142,3.1,22.2,5.1,4.2,0,0,"[{""unit"":""serving"",""grams"":200,""description"":""1 serving (~200g)""},{""unit"":""g"",""grams"":1}]","CaliPartner Indian Recipes"
3e0ef3f8-4c03-41d7-af50-8eb4b6864c29,ifct,"Ven pongal (khara pongal)",,,94,2.6,13.4,3.7,3.4,0,0,"[{""unit"":""serving"",""grams"":300,""description"":""1 serving (~300g)""},{""unit"":""g"",""grams"":1}]","CaliPartner Indian Recipes"
9ed7c466-26d4-4b53-8740-21dc43ab5b94,ifct,"Besan chilla (2 pieces) (besan cheela)",,,171,7.9,22.1,5.7,6.7,0,0,"[{""unit"":""serving"",""grams"":150,""description"":""1 serving (~150g)""},{""unit"":""g"",""grams"":1}]","CaliPartner Indian Recipes"
f1e63ed9-61cc-4c6f-a5a8-0f5111f90592,ifct,"Oats porridge with milk (oatmeal)",,,99,3.9,12.3,3.9,4,0,0,"[{""unit"":""serving"",""grams"":300,""description"":""1 serving (~300g)""},{""unit"":""g"",""grams"":1}]","CaliPartner Indian Recipes"
f1a0c645-1026-4a92-a25d-13e93de0eaae,ifct,"Overnight oats with banana",,,137,4.6,21.5,3.9,6,0,0,"[{""unit"":""serving"",""grams"":300,""description"":""1 serving (~300g)""},{""unit"":""g"",""grams"":1}]","CaliPartner Indian Recipes"
025ff1db-40d4-4199-8b0c-5cf02c8477b2,ifct,"Egg bhurji (2 eggs) (anda bhurji)",,,138,8.8,3.5,10.2,1.5,0,0,"[{""unit"":""serving"",""grams"":160,""description"":""1 serving (~160g)""},{""unit"":""g"",""grams"":1}]","CaliPartner Indian Recipes"
404648ae-bcde-4713-8632-ab1764c21c59,ifct,"Masala omelette (2 eggs)",,,143,9.8,2,10.9,0.7,0,0,"[{""unit"":""serving"",""grams"":140,""description"":""1 serving (~140g)""},{""unit"":""g"",""grams"":1}]","CaliPartner Indian Recipes"
8513267e-47f2-47df-89b4-0f023863cfab,ifct,"Egg white omelette (4 whites)",,,65,7.9,1.7,3,0.7,0,0,"[{""unit"":""serving"",""grams"":170,""description"":""1 serving (~170g)""},{""unit"":""g"",""grams"":1}]","CaliPartner Indian Recipes"
adc134a1-0adc-4596-9953-721b258828cd,ifct,"Plain paratha (1)",,,329,8.2,58.7,10.1,8,0,0,"[{""unit"":""serving"",""grams"":90,""description"":""1 serving (~90g)""},{""unit"":""g"",""grams"":1}]","CaliPartner Indian Recipes"
ee614d04-7aed-4aa9-8e3f-9a7655654069,ifct,"Aloo paratha (1) (potato paratha)",,,269,6.4,48.5,8.1,9.8,0,0,"[{""unit"":""serving"",""grams"":140,""description"":""1 serving (~140g)""},{""unit"":""g"",""grams"":1}]","CaliPartner Indian Recipes"
93b4a4a1-a3f7-4b90-972a-764fa95ef8cc,ifct,"Paneer paratha (1) (paneer stuffed paratha)",,,332,12.7,44.8,13.7,8.3,0,0,"[{""unit"":""serving"",""grams"":135,""description"":""1 serving (~135g)""},{""unit"":""g"",""grams"":1}]","CaliPartner Indian Recipes"
c9c6ba90-5189-4843-a725-a17921e1345c,ifct,"Methi thepla (1)",,,307,10.2,51.8,9.8,5.4,0,0,"[{""unit"":""serving"",""grams"":55,""description"":""1 serving (~55g)""},{""unit"":""g"",""grams"":1}]","CaliPartner Indian Recipes"
a2c9c87a-3cd0-421f-897e-8326dc61c0ad,ifct,"Medu vada (2 vadas)",,,277,12.2,35.5,12.1,6.7,0,0,"[{""unit"":""serving"",""grams"":90,""description"":""1 serving (~90g)""},{""unit"":""g"",""grams"":1}]","CaliPartner Indian Recipes"
e3dcad5e-0bac-4fcd-83cf-5b2a9d29d1ad,ifct,"Veg sandwich (2 slices) (vegetable sandwich)",,,189,5.3,29.8,5.6,2.6,0,0,"[{""unit"":""serving"",""grams"":110,""description"":""1 serving (~110g)""},{""unit"":""g"",""grams"":1}]","CaliPartner Indian Recipes"
255086fd-ee9c-4818-b165-7f921c880f0e,ifct,"Egg sandwich",,,239,10.9,26.8,9.7,1.6,0,0,"[{""unit"":""serving"",""grams"":110,""description"":""1 serving (~110g)""},{""unit"":""g"",""grams"":1}]","CaliPartner Indian Recipes"
afc1a5a1-abf2-4fce-ada2-e213a677fef4,ifct,"Toor dal tadka",,,67,3,10,2.3,4.5,0,0,"[{""unit"":""serving"",""grams"":250,""description"":""1 serving (~250g)""},{""unit"":""g"",""grams"":1}]","CaliPartner Indian Recipes"
f8537d89-7482-40f2-aea4-832c3308790a,ifct,"Moong dal tadka (yellow dal)",,,65,3.2,9.2,2.3,4.1,0,0,"[{""unit"":""serving"",""grams"":250,""description"":""1 serving (~250g)""},{""unit"":""g"",""grams"":1}]","CaliPartner Indian Recipes"
bea97068-947f-4167-a487-179951f56661,ifct,"Tomato pappu (andhra dal)",,,65,3.1,10.5,1.9,5,0,0,"[{""unit"":""serving"",""grams"":250,""description"":""1 serving (~250g)""},{""unit"":""g"",""grams"":1}]","CaliPartner Indian Recipes"
3e1f9051-b694-4a80-b51a-68e9931d235b,ifct,"Dal makhani",,,79,3.2,10.4,3.9,7.6,0,0,"[{""unit"":""serving"",""grams"":250,""description"":""1 serving (~250g)""},{""unit"":""g"",""grams"":1}]","CaliPartner Indian Recipes"
78c5ab5d-682c-4d44-a867-8e4e3a26a198,ifct,"Chana masala (chole)",,,102,4.5,17.2,4.3,16,0,0,"[{""unit"":""serving"",""grams"":250,""description"":""1 serving (~250g)""},{""unit"":""g"",""grams"":1}]","CaliPartner Indian Recipes"
ee49a09c-ba0b-4dc9-b266-7f62466aa467,ifct,"Rajma masala",,,103,4.5,17.1,3.6,11.6,0,0,"[{""unit"":""serving"",""grams"":250,""description"":""1 serving (~250g)""},{""unit"":""g"",""grams"":1}]","CaliPartner Indian Recipes"
7b94144f-74b6-49b3-a270-5dfbe7360d8a,ifct,"Sambar (sambhar)",,,70,3,12.7,2.1,7.3,0,0,"[{""unit"":""serving"",""grams"":200,""description"":""1 serving (~200g)""},{""unit"":""g"",""grams"":1}]","CaliPartner Indian Recipes"
111a31fe-2d8b-438d-be5d-148df56f61ed,ifct,"Rasam (charu)",,,36,1.2,5.2,1.6,1.7,0,0,"[{""unit"":""serving"",""grams"":150,""description"":""1 serving (~150g)""},{""unit"":""g"",""grams"":1}]","CaliPartner Indian Recipes"
967fd55b-bb22-4a33-9cf9-d6e60c1e8c18,ifct,"Coconut chutney (kobbari pachadi)",,,261,3.7,13.7,24.5,2.7,0,0,"[{""unit"":""serving"",""grams"":40,""description"":""1 serving (~40g)""},{""unit"":""g"",""grams"":1}]","CaliPartner Indian Recipes"
1f9f89df-96c9-469b-8ce7-4111fefd52a3,ifct,"Palak paneer (spinach paneer)",,,111,5.9,7.8,6.9,4,0,0,"[{""unit"":""serving"",""grams"":220,""description"":""1 serving (~220g)""},{""unit"":""g"",""grams"":1}]","CaliPartner Indian Recipes"
6172aad0-b57c-49b2-a984-0e6a452db2b5,ifct,"Paneer butter masala (paneer makhani)",,,132,5.7,8.3,8.9,2.5,0,0,"[{""unit"":""serving"",""grams"":220,""description"":""1 serving (~220g)""},{""unit"":""g"",""grams"":1}]","CaliPartner Indian Recipes"
fbf329dc-01f5-47f6-ba3f-2b8731fabef4,ifct,"Kadai paneer (kadhai paneer)",,,111,5.5,7.6,7.1,3.2,0,0,"[{""unit"":""serving"",""grams"":200,""description"":""1 serving (~200g)""},{""unit"":""g"",""grams"":1}]","CaliPartner Indian Recipes"
e6f0d9a5-d66d-47d9-97cf-5c845eeb30a1,ifct,"Matar paneer (peas paneer)",,,101,5.4,9.5,5.6,5.2,0,0,"[{""unit"":""serving"",""grams"":220,""description"":""1 serving (~220g)""},{""unit"":""g"",""grams"":1}]","CaliPartner Indian Recipes"
8ea85c3e-9f21-4a4b-8cf3-27213f1b441e,ifct,"Paneer bhurji (paneer scramble)",,,181,10,10.3,11.5,1.7,0,0,"[{""unit"":""serving"",""grams"":150,""description"":""1 serving (~150g)""},{""unit"":""g"",""grams"":1}]","CaliPartner Indian Recipes"
6ad8d58a-ace9-4c59-a450-852d2c0e26b9,ifct,"Aloo gobi (potato cauliflower dry curry)",,,76,1.8,10.8,4,5.4,0,0,"[{""unit"":""serving"",""grams"":180,""description"":""1 serving (~180g)""},{""unit"":""g"",""grams"":1}]","CaliPartner Indian Recipes"
7e995991-c99b-4479-a5fc-d024ed8ed6dc,ifct,"Aloo jeera (jeera aloo)",,,93,1.4,13.8,4.2,2.4,0,0,"[{""unit"":""serving"",""grams"":130,""description"":""1 serving (~130g)""},{""unit"":""g"",""grams"":1}]","CaliPartner Indian Recipes"
a8a77956-eb87-4a10-a66b-03e28b50de66,ifct,"Bhindi masala (okra fry)",,,98,2.4,11.1,6.8,5.9,0,0,"[{""unit"":""serving"",""grams"":120,""description"":""1 serving (~120g)""},{""unit"":""g"",""grams"":1}]","CaliPartner Indian Recipes"
f401e346-2b7e-409c-a420-48d31550f4bb,ifct,"Baingan bharta (vankaya)",,,66,1.8,9.9,3.7,6.4,0,0,"[{""unit"":""serving"",""grams"":150,""description"":""1 serving (~150g)""},{""unit"":""g"",""grams"":1}]","CaliPartner Indian Recipes"
02408428-7ce2-407b-a81f-4cf47236ba77,ifct,"Mixed vegetable curry (veg curry)",,,73,2.3,10.5,3.9,6.7,0,0,"[{""unit"":""serving"",""grams"":180,""description"":""1 serving (~180g)""},{""unit"":""g"",""grams"":1}]","CaliPartner Indian Recipes"
75c83fc9-4678-4e5d-99b0-a70cde62ab99,ifct,"Lauki sabzi (bottle gourd curry)",,,48,0.9,6.4,3.2,3.7,0,0,"[{""unit"":""serving"",""grams"":130,""description"":""1 serving (~130g)""},{""unit"":""g"",""grams"":1}]","CaliPartner Indian Recipes"
2b63c27a-23b2-42f3-8b06-7a366235daa6,ifct,"Soya chunks curry (meal maker curry)",,,97,8.5,9.2,3.4,7.2,0,0,"[{""unit"":""serving"",""grams"":220,""description"":""1 serving (~220g)""},{""unit"":""g"",""grams"":1}]","CaliPartner Indian Recipes"
cf36fb9b-0679-4f72-a7f9-720e900a6066,ifct,"Tofu vegetable stir-fry (tofu stir fry)",,,126,10,5.9,8.4,7.6,0,0,"[{""unit"":""serving"",""grams"":280,""description"":""1 serving (~280g)""},{""unit"":""g"",""grams"":1}]","CaliPartner Indian Recipes"
2a41ae3e-bc2b-47df-97d8-73d40dfa4780,ifct,"Steamed rice (1 katori cooked) (plain rice)",,,131,2.9,29.7,0.2,1.5,0,0,"[{""unit"":""serving"",""grams"":150,""description"":""1 serving (~150g)""},{""unit"":""g"",""grams"":1}]","CaliPartner Indian Recipes"
0fcf27d8-bdb4-462c-b33a-cea53f9aa7fc,ifct,"Jeera rice (cumin rice)",,,108,2.1,20.6,2.1,1.8,0,0,"[{""unit"":""serving"",""grams"":200,""description"":""1 serving (~200g)""},{""unit"":""g"",""grams"":1}]","CaliPartner Indian Recipes"
072e9465-3fb9-4bb5-800e-3a630539c792,ifct,"Vegetable pulao (veg pulao)",,,101,2.3,19.2,2.2,4.1,0,0,"[{""unit"":""serving"",""grams"":250,""description"":""1 serving (~250g)""},{""unit"":""g"",""grams"":1}]","CaliPartner Indian Recipes"
eb954bd0-d767-4ff1-9993-8d15511a88eb,ifct,"Khichdi (moong dal khichdi)",,,93,3.6,16.3,1.9,4.6,0,0,"[{""unit"":""serving"",""grams"":300,""description"":""1 serving (~300g)""},{""unit"":""g"",""grams"":1}]","CaliPartner Indian Recipes"
76bda56b-25e3-4c73-a9d7-db1995a66225,ifct,"Curd rice (perugu annam)",,,116,3.3,18.7,3.3,2.2,0,0,"[{""unit"":""serving"",""grams"":300,""description"":""1 serving (~300g)""},{""unit"":""g"",""grams"":1}]","CaliPartner Indian Recipes"
d9a07a47-96cb-44da-a52c-735d174c2ab3,ifct,"Lemon rice (chitranna)",,,154,3.5,23.8,5.3,3.8,0,0,"[{""unit"":""serving"",""grams"":250,""description"":""1 serving (~250g)""},{""unit"":""g"",""grams"":1}]","CaliPartner Indian Recipes"
74ee3301-7e27-4612-a359-c6578f9ba426,ifct,"Tomato rice (tomato bath)",,,126,2.4,22.7,3.3,4.7,0,0,"[{""unit"":""serving"",""grams"":280,""description"":""1 serving (~280g)""},{""unit"":""g"",""grams"":1}]","CaliPartner Indian Recipes"
f4765c30-456e-4b73-acdd-3179dcc0ae0f,ifct,"Tamarind rice (pulihora)",,,173,3.7,28,5.7,4.8,0,0,"[{""unit"":""serving"",""grams"":250,""description"":""1 serving (~250g)""},{""unit"":""g"",""grams"":1}]","CaliPartner Indian Recipes"
1113c6f9-bee6-4912-97ba-3207c85393a3,ifct,"Vegetable biryani (veg biryani)",,,141,3,22.6,5.1,6.8,0,0,"[{""unit"":""serving"",""grams"":300,""description"":""1 serving (~300g)""},{""unit"":""g"",""grams"":1}]","CaliPartner Indian Recipes"
15d1bdb5-ad87-4cdc-b08b-81a337c7b1a5,ifct,"Egg biryani (anda biryani)",,,141,4.5,19.7,5.3,3.8,0,0,"[{""unit"":""serving"",""grams"":300,""description"":""1 serving (~300g)""},{""unit"":""g"",""grams"":1}]","CaliPartner Indian Recipes"
9c40976d-4915-4ad5-91f1-0ec867d39aff,ifct,"Chicken biryani (hyderabadi chicken dum biryani)",,,168,7.2,16.8,8.4,4.4,0,0,"[{""unit"":""serving"",""grams"":350,""description"":""1 serving (~350g)""},{""unit"":""g"",""grams"":1}]","CaliPartner Indian Recipes"
d11a4aca-f644-4bd0-8321-7b1d5634166c,ifct,"Mutton biryani (goat biryani)",,,156,8.3,16.6,6.6,4.1,0,0,"[{""unit"":""serving"",""grams"":350,""description"":""1 serving (~350g)""},{""unit"":""g"",""grams"":1}]","CaliPartner Indian Recipes"
f8649554-0dc8-425e-b83e-3237007773ea,ifct,"Chicken curry (kodi kura)",,,156,9.9,4.9,11.4,3.8,0,0,"[{""unit"":""serving"",""grams"":250,""description"":""1 serving (~250g)""},{""unit"":""g"",""grams"":1}]","CaliPartner Indian Recipes"
8f694f79-fa75-483e-b54c-d66cca4eb9ab,ifct,"Butter chicken (murgh makhani)",,,181,10.6,4.7,13.8,2.5,0,0,"[{""unit"":""serving"",""grams"":250,""description"":""1 serving (~250g)""},{""unit"":""g"",""grams"":1}]","CaliPartner Indian Recipes"
cd4e7a0c-353d-4456-a51b-d9131ef5fbe4,ifct,"Andhra chicken fry (kodi vepudu)",,,205,13.3,3.9,15.7,2.4,0,0,"[{""unit"":""serving"",""grams"":180,""description"":""1 serving (~180g)""},{""unit"":""g"",""grams"":1}]","CaliPartner Indian Recipes"
3971f370-0c36-42f6-b025-8b743c0456ee,ifct,"Chicken tikka (grilled chicken tikka)",,,168,22.6,2.2,7.1,0.6,0,0,"[{""unit"":""serving"",""grams"":130,""description"":""1 serving (~130g)""},{""unit"":""g"",""grams"":1}]","CaliPartner Indian Recipes"
47193051-dd4b-4e4c-a1b1-65923f483f22,ifct,"Tandoori chicken (tandoori murgh)",,,248,19.1,2.1,18.3,0.7,0,0,"[{""unit"":""serving"",""grams"":150,""description"":""1 serving (~150g)""},{""unit"":""g"",""grams"":1}]","CaliPartner Indian Recipes"
85b1bd6c-c6cc-4aa9-bf01-c9f024c7c060,ifct,"Chicken 65 (chicken sixty five)",,,273,16.1,4.2,21.6,1.4,0,0,"[{""unit"":""serving"",""grams"":130,""description"":""1 serving (~130g)""},{""unit"":""g"",""grams"":1}]","CaliPartner Indian Recipes"
6f5827fc-30d8-4479-9b17-275fa1006a62,ifct,"Egg curry (kodi guddu pulusu)",,,110,6.1,5,7.9,3.7,0,0,"[{""unit"":""serving"",""grams"":250,""description"":""1 serving (~250g)""},{""unit"":""g"",""grams"":1}]","CaliPartner Indian Recipes"
97013f87-42dd-41db-9ccd-5e7f811ddc49,ifct,"Fish curry (rohu) (chepala pulusu)",,,125,11.9,5.3,6.9,3.6,0,0,"[{""unit"":""serving"",""grams"":220,""description"":""1 serving (~220g)""},{""unit"":""g"",""grams"":1}]","CaliPartner Indian Recipes"
9911d754-b382-420f-9e8b-573fd29d3a35,ifct,"Fish fry (pan-fried) (chepala vepudu)",,,201,19.7,1,13.1,0.6,0,0,"[{""unit"":""serving"",""grams"":130,""description"":""1 serving (~130g)""},{""unit"":""g"",""grams"":1}]","CaliPartner Indian Recipes"
09d72f90-8750-4662-9f15-6d97a777e279,ifct,"Prawn masala (royyala iguru)",,,124,13.6,4.6,5.5,2.6,0,0,"[{""unit"":""serving"",""grams"":200,""description"":""1 serving (~200g)""},{""unit"":""g"",""grams"":1}]","CaliPartner Indian Recipes"
5ebb8493-6ffe-45db-976b-20b215a4f97a,ifct,"Mutton curry (mutton masala)",,,153,13.3,5.2,9.3,3.4,0,0,"[{""unit"":""serving"",""grams"":220,""description"":""1 serving (~220g)""},{""unit"":""g"",""grams"":1}]","CaliPartner Indian Recipes"
8192064b-6451-4351-b73d-bef80a0a24ad,ifct,"Grilled chicken salad",,,90,10.1,3.1,4.1,3.5,0,0,"[{""unit"":""serving"",""grams"":350,""description"":""1 serving (~350g)""},{""unit"":""g"",""grams"":1}]","CaliPartner Indian Recipes"
9f097657-4d39-43d8-8705-f90080ea9383,ifct,"Chicken and rice bowl (gym meal) (chicken rice bowl)",,,141,10.4,18.3,3.2,6.4,0,0,"[{""unit"":""serving"",""grams"":400,""description"":""1 serving (~400g)""},{""unit"":""g"",""grams"":1}]","CaliPartner Indian Recipes"
8a0483a1-2958-4276-9e2d-c35251313132,ifct,"Chicken soup (clear chicken soup)",,,66,8,3.2,2.6,3.7,0,0,"[{""unit"":""serving"",""grams"":300,""description"":""1 serving (~300g)""},{""unit"":""g"",""grams"":1}]","CaliPartner Indian Recipes"
22bb5e1f-e9d3-4936-b3fe-11137fb516b1,ifct,"Tomato soup (tamatar soup)",,,26,0.6,3.7,1.5,2.9,0,0,"[{""unit"":""serving"",""grams"":250,""description"":""1 serving (~250g)""},{""unit"":""g"",""grams"":1}]","CaliPartner Indian Recipes"
ee9a5afd-2714-4970-933b-f54eded7c8d8,ifct,"Sprouts salad (moong sprouts chaat)",,,60,3.9,13.1,0.3,7.1,0,0,"[{""unit"":""serving"",""grams"":200,""description"":""1 serving (~200g)""},{""unit"":""g"",""grams"":1}]","CaliPartner Indian Recipes"
8ad18e91-4db7-4803-9641-95db2269384a,ifct,"Fruit salad (mixed fruit bowl)",,,64,0.8,16.3,0.3,5,0,0,"[{""unit"":""serving"",""grams"":200,""description"":""1 serving (~200g)""},{""unit"":""g"",""grams"":1}]","CaliPartner Indian Recipes"
f2384fc6-93a5-4d04-a3a2-4b0f07c705ad,ifct,"Samosa (1 piece) (aloo samosa)",,,315,6.6,47.9,11.8,3.1,0,0,"[{""unit"":""serving"",""grams"":90,""description"":""1 serving (~90g)""},{""unit"":""g"",""grams"":1}]","CaliPartner Indian Recipes"
9d84ad18-c19f-4152-8644-fe223feb9ef8,ifct,"Onion pakora (onion bhaji)",,,252,6.9,21.6,15.6,4.7,0,0,"[{""unit"":""serving"",""grams"":110,""description"":""1 serving (~110g)""},{""unit"":""g"",""grams"":1}]","CaliPartner Indian Recipes"
5463d80e-9bd0-43ae-a257-55c61111bd5e,ifct,"Dhokla (khaman dhokla)",,,191,9.4,24.4,6,4.2,0,0,"[{""unit"":""serving"",""grams"":100,""description"":""1 serving (~100g)""},{""unit"":""g"",""grams"":1}]","CaliPartner Indian Recipes"
f366449f-f886-4cce-a5ea-03a354a481e9,ifct,"Bhel puri (bhelpuri)",,,224,5.2,41.5,4.6,3.7,0,0,"[{""unit"":""serving"",""grams"":120,""description"":""1 serving (~120g)""},{""unit"":""g"",""grams"":1}]","CaliPartner Indian Recipes"
cd09d7b3-ba37-4adb-a13b-9e832a2c0c55,ifct,"Vada pav (wada pav)",,,254,6.3,32.3,11.2,4.2,0,0,"[{""unit"":""serving"",""grams"":130,""description"":""1 serving (~130g)""},{""unit"":""g"",""grams"":1}]","CaliPartner Indian Recipes"
c47e80aa-9949-4087-b31e-bfeac535fa90,ifct,"Pav bhaji (2 pav)",,,128,3.5,19.1,4.6,6.8,0,0,"[{""unit"":""serving"",""grams"":350,""description"":""1 serving (~350g)""},{""unit"":""g"",""grams"":1}]","CaliPartner Indian Recipes"
64e9c2d3-8128-46db-941e-936a84547e4f,ifct,"Jowar roti (1) (jolada rotti)",,,223,6.6,51.9,1.2,4.1,0,0,"[{""unit"":""serving"",""grams"":60,""description"":""1 serving (~60g)""},{""unit"":""g"",""grams"":1}]","CaliPartner Indian Recipes"
4101d944-f1c2-4f35-a264-9747c85f6cb0,ifct,"Bajra roti (1) (pearl millet roti)",,,232,7.3,48.8,3.6,4.6,0,0,"[{""unit"":""serving"",""grams"":60,""description"":""1 serving (~60g)""},{""unit"":""g"",""grams"":1}]","CaliPartner Indian Recipes"
4b4a6b86-8f01-490f-98c2-705d5a9e7d82,ifct,"Ragi mudde (1 ball) (ragi sangati)",,,80,1.8,19.5,0.5,5.6,0,0,"[{""unit"":""serving"",""grams"":200,""description"":""1 serving (~200g)""},{""unit"":""g"",""grams"":1}]","CaliPartner Indian Recipes"
66c18afe-ceaf-4c87-b776-f2c19b82bcd2,ifct,"Roti with ghee (1) (ghee chapati)",,,293,7,50.4,9.9,3.4,0,0,"[{""unit"":""serving"",""grams"":45,""description"":""1 serving (~45g)""},{""unit"":""g"",""grams"":1}]","CaliPartner Indian Recipes"
98d7526a-f9c3-49a6-bf45-7a00f26a9fa0,ifct,"Banana milkshake (banana shake)",,,93,2.7,13.7,3.3,1.9,0,0,"[{""unit"":""serving"",""grams"":350,""description"":""1 serving (~350g)""},{""unit"":""g"",""grams"":1}]","CaliPartner Indian Recipes"
1da7a36b-771c-4a5f-ab27-e3b27dd6782e,ifct,"Protein shake (whey, milk, banana) (whey shake)",,,107,8.8,10.6,3.5,1.9,0,0,"[{""unit"":""serving"",""grams"":380,""description"":""1 serving (~380g)""},{""unit"":""g"",""grams"":1}]","CaliPartner Indian Recipes"
ae39a6a5-f420-42a0-bfc7-86054200c44d,ifct,"Sweet lassi",,,62,2.2,9.2,2,0,0,0,"[{""unit"":""serving"",""grams"":320,""description"":""1 serving (~320g)""},{""unit"":""g"",""grams"":1}]","CaliPartner Indian Recipes"
96542c28-7443-4c3b-8b93-6530a4937931,ifct,"Buttermilk (chaas) (majjiga)",,,16,0.9,1.4,0.8,0.4,0,0,"[{""unit"":""serving"",""grams"":260,""description"":""1 serving (~260g)""},{""unit"":""g"",""grams"":1}]","CaliPartner Indian Recipes"
4a56091c-597a-4253-9677-03a2727b23d0,ifct,"Masala chai (milk tea)",,,70,2.4,7.7,3.4,0,0,0,"[{""unit"":""serving"",""grams"":200,""description"":""1 serving (~200g)""},{""unit"":""g"",""grams"":1}]","CaliPartner Indian Recipes"
377db3c8-6f0b-46ce-a90f-15b2c701717c,ifct,"Coffee with milk and sugar (filter coffee)",,,70,2.4,7.7,3.4,0,0,0,"[{""unit"":""serving"",""grams"":200,""description"":""1 serving (~200g)""},{""unit"":""g"",""grams"":1}]","CaliPartner Indian Recipes"
5f205434-61f9-48d8-9860-a6a164a42d9c,ifct,"Kheer (rice pudding) (payasam)",,,142,4.2,19.3,5.7,1,0,0,"[{""unit"":""serving"",""grams"":200,""description"":""1 serving (~200g)""},{""unit"":""g"",""grams"":1}]","CaliPartner Indian Recipes"
3163197f-3215-4763-8341-f4c309f53f75,ifct,"Suji halwa (rava kesari)",,,254,2.7,33.7,13.1,2.1,0,0,"[{""unit"":""serving"",""grams"":100,""description"":""1 serving (~100g)""},{""unit"":""g"",""grams"":1}]","CaliPartner Indian Recipes"
15272a70-006b-499e-b0a2-4322476a3148,ifct,"Besan ladoo (1) (besan laddu)",,,515,11.2,53.9,28.3,2.2,0,0,"[{""unit"":""serving"",""grams"":40,""description"":""1 serving (~40g)""},{""unit"":""g"",""grams"":1}]","CaliPartner Indian Recipes"
cd786822-98a7-4ff2-b844-1b66c4ee8cbd,ifct,"Carrot halwa (gajar halwa)",,,203,4.3,24.8,10.9,4.3,0,0,"[{""unit"":""serving"",""grams"":150,""description"":""1 serving (~150g)""},{""unit"":""g"",""grams"":1}]","CaliPartner Indian Recipes"
31b4dd6b-3ed3-4c0d-bfc7-2d5aef0922c9,off,"Organic Goat Feed - Mash","Inewa",00001101,471,5.8,55,25,1.5,24,0,"[{""unit"":""serving"",""grams"":40,""description"":""40.0g""},{""unit"":""g"",""grams"":1}]","Open Food Facts (ODbL)"
22b5bb7e-2b11-46b5-a15d-a54a2485c321,off,"Shake Mix Vanilla Flavour","Herbalife",00001247,376,36,42,7.2,12,29.6,492,"[{""unit"":""serving"",""grams"":100,""description"":""100.0g""},{""unit"":""g"",""grams"":1}]","Open Food Facts (ODbL)"
c6501011-e4f4-47fe-b79b-b509494349e4,off,"Chocolate + Vanila Powder","Blackbelt Protein",00001248,376,36,42,7.2,12,20.8,492,"[{""unit"":""serving"",""grams"":676,""description"":""676.0g""},{""unit"":""g"",""grams"":1}]","Open Food Facts (ODbL)"
0ae9d9f3-cec2-4cd3-b1ab-55a219053340,off,"Feed Grade Soybeans","H‑E‑B",00001295,220,7.2,30.8,7.5,2.8,0,0,"[{""unit"":""serving"",""grams"":318,""description"":""318.0g""},{""unit"":""g"",""grams"":1}]","Open Food Facts (ODbL)"
1c6f470b-8844-4568-b3b8-d9b2529c05d9,off,"Shakemate","Herbalife",00001569,382,83,4,3,0,0,33000,"[{""unit"":""serving"",""grams"":12,""description"":""12.0g""},{""unit"":""g"",""grams"":1}]","Open Food Facts (ODbL)"
9f224f47-00c2-4e9c-b77c-a5a2be182d6b,off,"Banana 5 pack","Best Farm",0000590008622,90,1.1,19.7,0.2,2.7,15.6,2,"[{""unit"":""serving"",""grams"":100,""description"":""100g""},{""unit"":""g"",""grams"":1}]","Open Food Facts (ODbL)"
8c4ae864-0e62-4a9d-9149-408df893c8f4,off,"Mango Sinduri",,0000590009543,74,0.6,14.3,0.2,1.6,12.9,2,"[{""unit"":""serving"",""grams"":100,""description"":""100g""},{""unit"":""g"",""grams"":1}]","Open Food Facts (ODbL)"
d976e376-3e88-443f-bb85-26d0759a5797,off,"Millet House Malt","Millet House",00009891,413,13,67.9,6.4,8.1,0,15400,"[{""unit"":""serving"",""grams"":100,""description"":""100g""},{""unit"":""g"",""grams"":1}]","Open Food Facts (ODbL)"
b1b7b024-5c00-4755-b544-57943f6b5dbb,off,"Rice Flour","Supreme Harvest",00015578,355,7.6,73.9,2.5,3.3,0.9,2,"[{""unit"":""serving"",""grams"":100,""description"":""100g""},{""unit"":""g"",""grams"":1}]","Open Food Facts (ODbL)"
ec8c3b13-597f-4243-b2f6-afbae9a5bbdc,off,"Teriyaki Dip Sauce Marinade","Marks & Spencer",00024907,170,2,39.4,0.3,0.8,33.9,1032,"[{""unit"":""serving"",""grams"":100,""description"":""100g""},{""unit"":""g"",""grams"":1}]","Open Food Facts (ODbL)"
cd849316-ca6c-4188-abf1-54c15bb7ae0a,off,"Ragi Squares","Eatrite",0004444444389,456,8.3,76.7,13.3,6.7,24.7,0,"[{""unit"":""serving"",""grams"":100,""description"":""100g""},{""unit"":""g"",""grams"":1}]","Open Food Facts (ODbL)"
e85cff7e-0794-4023-a9af-ff9cb1b81146,off,"Corn flakes","Eatrite",0004444444392,95,1.2,21.6,0.1,1.4,6.7,2,"[{""unit"":""serving"",""grams"":100,""description"":""100g""},{""unit"":""g"",""grams"":1}]","Open Food Facts (ODbL)"
e066a43f-feed-4837-ac96-9b72f8e92edc,off,"Bhavnagri ghatiya","Tewaris",00062621,316,8,35,16,0,0,0,"[{""unit"":""serving"",""grams"":100,""description"":""100g""},{""unit"":""g"",""grams"":1}]","Open Food Facts (ODbL)"
26aa995e-911f-48e1-9fbc-9a1ca2b3bdbe,off,"Crunchy Casheu","Dry Fruit House",0010024300270,589,17.9,32.1,42.9,0,0,0,"[{""unit"":""serving"",""grams"":28,""description"":""28 g""},{""unit"":""g"",""grams"":1}]","Open Food Facts (ODbL)"
50ba3263-e93a-4227-b09b-075cecd5a2b8,off,"Sphère plaisir","Alteña's Nopales",0012345678905,340,8,80,0,3,0,0,"[{""unit"":""serving"",""grams"":50,""description"":""0.75 cup (50 g)""},{""unit"":""g"",""grams"":1}]","Open Food Facts (ODbL)"
c3e70cc4-9108-4e01-b7ed-fa528389f64d,off,"Eggs","Fresho",00150502,140,12.7,0.3,9.8,0,0.3,124,"[{""unit"":""serving"",""grams"":100,""description"":""100g""},{""unit"":""g"",""grams"":1}]","Open Food Facts (ODbL)"
b2eac992-382c-4d30-a842-13650b84e1ee,off,"Cinnamon Toast Crunch Cereal","General Mills",0016000122536,419,3.2,80.7,9.7,6.5,29,581,"[{""unit"":""serving"",""grams"":31,""description"":""3/4 cup (31 g) (31 g)""},{""unit"":""g"",""grams"":1}]","Open Food Facts (ODbL)"
f4986532-aa4e-49b0-957f-3d79f1f00cce,off,"Sea Salted Whole Cashews","Made In Nature",0028400034227,607,14.3,27.1,42.9,2.9,4.3,500,"[{""unit"":""serving"",""grams"":70,""description"":""1 package (70 g)""},{""unit"":""g"",""grams"":1}]","Open Food Facts (ODbL)"
84ea4b59-ff82-4cf3-931d-55cb09ad8b6d,off,"Amul Cool KoKo","Amul",0035988971028,181,6,26,5.9,0,25.2,72,"[{""unit"":""serving"",""grams"":200,""description"":""200mL""},{""unit"":""g"",""grams"":1}]","Open Food Facts (ODbL)"
6e19a2d6-ef29-4b89-aa53-0da8ede0a98f,off,"Froot loops marshmallows","Kellogg's",0038000198915,379,3.4,89.7,3.4,6.9,41.4,480,"[{""unit"":""serving"",""grams"":29,""description"":""1 cup (29 g)""},{""unit"":""g"",""grams"":1}]","Open Food Facts (ODbL)"
61f7d39c-b567-4126-844d-149baeeae6f9,off,"Pro Performance Power Protein Double Rich Chocolate","GNC",0048107238810,291,50,18.3,2,0,4.8,250,"[{""unit"":""serving"",""grams"":30,""description"":""1 scoop (30 g)""},{""unit"":""g"",""grams"":1}]","Open Food Facts (ODbL)"
df65b829-c4e2-4f21-abf1-4fb27fd82094,off,"Pro Performance - Cookies & Cream","GNC",0048107251130,359,68.6,11.4,4.4,0,4.6,275,"[{""unit"":""serving"",""grams"":35,""description"":""1 scoop (35 g)""},{""unit"":""g"",""grams"":1}]","Open Food Facts (ODbL)"
44b07234-984c-479f-9040-f9eb053fc60f,off,"APPLE CIDER VINEGAR","BRAGG",0074305001161,0,0,0.5,0,0,0,0,"[{""unit"":""serving"",""grams"":15,""description"":""15 ml""},{""unit"":""g"",""grams"":1}]","Open Food Facts (ODbL)"
2989c0df-766f-4d12-9315-12d1294a62f3,off,"PROTEIN POWDER DRINK MIX","ISOPURE",0089094022495,344,78.1,0,1.6,0,0,625,"[{""unit"":""serving"",""grams"":32,""description"":""1 scoop (32 g)""},{""unit"":""g"",""grams"":1}]","Open Food Facts (ODbL)"
cca148b9-5af0-4507-b63b-84dceee27020,off,"Prostar 100% Whey Protein","Ultimate Nutrition",0099071001498,400,83.3,6.7,3.3,0,3.3,133,"[{""unit"":""serving"",""grams"":30,""description"":""30g""},{""unit"":""g"",""grams"":1}]","Open Food Facts (ODbL)"
46627b61-5905-4130-93aa-bb2fe39e3ec5,off,"Original Peanut Butter Powder","MYPB",01416596,456,43.8,38.8,13.8,10.6,15.6,574,"[{""unit"":""serving"",""grams"":16,""description"":""1 portion (16 g)""},{""unit"":""g"",""grams"":1}]","Open Food Facts (ODbL)"
6ac958e2-e935-4ca0-a54e-3ce8eedc9997,off,"Kolhapuri Cookies","Chakote",0200449312355,507,6.3,67.8,23.4,0,19,213000,"[{""unit"":""serving"",""grams"":100,""description"":""100g""},{""unit"":""g"",""grams"":1}]","Open Food Facts (ODbL)"
2e024d1d-f84c-4723-9396-c9d03947d9b2,off,"Bournville Cranberry","Cadbury",0552545625939,526,6.1,58,31.6,6.6,45.7,14,"[{""unit"":""serving"",""grams"":20,""description"":""20g""},{""unit"":""g"",""grams"":1}]","Open Food Facts (ODbL)"
d97bdba2-888f-4297-8b88-dbe857d4c7da,off,"NitroTech Whey Gold Double Rich Chocolate","MuscleTech",0631656260281,379,72.7,11.5,5.2,1.2,5.2,424,"[{""unit"":""serving"",""grams"":33,""description"":""33 g""},{""unit"":""g"",""grams"":1}]","Open Food Facts (ODbL)"
730e88b2-03e3-44ee-a603-b9c2a8a9a37e,off,"Protein Oats","Doctor's Choice",0641837433199,393,27,55,8.2,9.8,14.5,133,"[{""unit"":""serving"",""grams"":50,""description"":""50g""},{""unit"":""g"",""grams"":1}]","Open Food Facts (ODbL)"
3a2ca61c-7448-4ba2-b001-d33c1121cc02,off,"LADDU","Daily Delight",0664648120256,400,18.6,62.9,7.1,8.6,21.4,57,"[{""unit"":""serving"",""grams"":100,""description"":""100g""},{""unit"":""g"",""grams"":1}]","Open Food Facts (ODbL)"
e50b2518-87b2-4b9f-9a9a-5e01381c3f66,off,"Smoked Tofu","Health On Plants",0688397896989,170,19.3,6.2,7.5,0,0,0,"[{""unit"":""serving"",""grams"":100,""description"":""100g""},{""unit"":""g"",""grams"":1}]","Open Food Facts (ODbL)"
5b774fe5-5545-4606-8c1f-dfcb88d33352,off,"India gate super Basmati rice 1.5 kg","KRBL limited",0690225101103,344,6.7,77,0.5,0,0.2,105,"[{""unit"":""serving"",""grams"":100,""description"":""100 g""},{""unit"":""g"",""grams"":1}]","Open Food Facts (ODbL)"
cc2d12b6-98a8-405c-982d-b0e330c40b5b,off,"Phool Makhana","Global Choice",0692058015732,90,4,18,1,0,0,1,"[{""unit"":""serving"",""grams"":28,""description"":""28 g""},{""unit"":""g"",""grams"":1}]","Open Food Facts (ODbL)"
2eee38b2-caec-47b2-b2e3-061d7d3fa056,off,"Cheddar Cheeze Style Seasoning","URBAN PLATTER",0701098279094,310,1.3,70.2,1.5,0,16,8000,"[{""unit"":""serving"",""grams"":5,""description"":""5g""},{""unit"":""g"",""grams"":1}]","Open Food Facts (ODbL)"
a941570c-76a9-434c-8bbd-fd54d9295e1f,off,"Beet root chips","Evolve",0721688884330,513,4.8,63.7,26.6,0,0,0,"[{""unit"":""serving"",""grams"":100,""description"":""100 g""},{""unit"":""g"",""grams"":1}]","Open Food Facts (ODbL)"
2ebcb978-f9df-4c2d-9443-0153824ff060,off,"Bombay Cutting Chai","Teabox",0723172769406,39,1.3,4.9,0.9,3.4,0.7,7,"[{""unit"":""serving"",""grams"":100,""description"":""100g""},{""unit"":""g"",""grams"":1}]","Open Food Facts (ODbL)"
64e15d3a-7c55-40e1-beb4-0c10df2afe32,off,"Brown Bread","Star",0726529581058,300,9.5,56,4.2,0,6.9,175,"[{""unit"":""serving"",""grams"":100,""description"":""100 g""},{""unit"":""g"",""grams"":1}]","Open Food Facts (ODbL)"
c6bb4d27-5e6d-4f4b-bb95-95c879bca735,off,"Frozen Espresso Shot","Zenma",0726684791408,35,0.7,7.7,0.2,0,0,15,"[{""unit"":""serving"",""grams"":35,""description"":""1 Pod (35 g)""},{""unit"":""g"",""grams"":1}]","Open Food Facts (ODbL)"
227943d1-d0b9-4722-833c-1262d6b5ad9c,off,"White Chocolate Peanut Butter","Fitfeast",0731788160036,617,20.3,31.9,45.5,5.5,15.3,0,"[{""unit"":""serving"",""grams"":100,""description"":""100g""},{""unit"":""g"",""grams"":1}]","Open Food Facts (ODbL)"
5545acd6-8345-4330-b9fc-80aed7b76ade,off,"Almond Drink","AltCo",0731788981396,67,1,3,5,0,0,0,"[{""unit"":""serving"",""grams"":100,""description"":""100 ml (100 ml)""},{""unit"":""g"",""grams"":1}]","Open Food Facts (ODbL)"
81c0aee5-ed0e-4869-881c-730cf89c18c8,off,"Greek Yogurt Natural","Agàpi",0732940998436,76,9.3,5.2,2,0,2.6,0,"[{""unit"":""serving"",""grams"":100,""description"":""1 serving (100 g)""},{""unit"":""g"",""grams"":1}]","Open Food Facts (ODbL)"
efef0af7-b203-4611-969f-000865d70577,off,"Greek Yogurt Natural","Agapi",0732940998467,75,9,5.2,2,0,5.2,33,"[{""unit"":""serving"",""grams"":100,""description"":""1 portion (100 g)""},{""unit"":""g"",""grams"":1}]","Open Food Facts (ODbL)"
e69baa53-2d32-4275-a0a9-85545b439656,off,"Mint And Chilli Tofu","SoyaRich",0735850873190,128,17.5,7.7,3,0,0,43650,"[{""unit"":""serving"",""grams"":100,""description"":""100 g""},{""unit"":""g"",""grams"":1}]","Open Food Facts (ODbL)"
2aaeea1d-853c-48df-8571-7ac1217ee946,off,"Peanut Satay Sauce Medium Spicy","Asian Creations",0737628005000,267,3.3,23.3,16.7,0,16.7,733,"[{""unit"":""serving"",""grams"":30,""description"":""2 Tbsp (30 ml)""},{""unit"":""g"",""grams"":1}]","Open Food Facts (ODbL)"
8d5d1cd1-0ed9-4864-9b4f-3acb0aedef8f,off,"Buffalo Curd","Sids Farm",0746935596262,81,3.5,5.4,5,0,5.4,51,"[{""unit"":""serving"",""grams"":100,""description"":""1 portion (100 g)""},{""unit"":""g"",""grams"":1}]","Open Food Facts (ODbL)"
eb6bbc56-84c9-458c-9eb3-9bc2cb29abb1,off,"Butter Milk","Sid’s Farm",0746935596392,21,1,1.5,1.2,0,1.2,270,"[{""unit"":""serving"",""grams"":100,""description"":""100g""},{""unit"":""g"",""grams"":1}]","Open Food Facts (ODbL)"
089cf831-f401-46bb-a311-0bebe4aa0f36,off,"Sweet Lassi","Sid's Farm",0746935596408,93,2.1,16.4,2.1,0,12,40,"[{""unit"":""serving"",""grams"":100,""description"":""1 portion (100 g)""},{""unit"":""g"",""grams"":1}]","Open Food Facts (ODbL)"
5e8bb8de-0f5d-4afc-b5ea-b198b992e61f,off,"Gold standard 100% Whey Protein","Optimum nutrition",0748927026245,406,75,9.4,6.2,0,3.1,406,"[{""unit"":""serving"",""grams"":32,""description"":""1.0 scoop (32.0 g)""},{""unit"":""g"",""grams"":1}]","Open Food Facts (ODbL)"
935564e9-0b52-4200-8273-26c3c927d3b4,off,"100% Whey Protein Powder Drink Mix Strawberry Banana","Optimum Nutrition",0748927029864,400,80,6.7,5,0,3.3,433,"[{""unit"":""serving"",""grams"":60,""description"":""2 scoop (60 g)""},{""unit"":""g"",""grams"":1}]","Open Food Facts (ODbL)"
45abdfbc-08c7-44c2-b677-dbeaaa210ab0,off,"Optimum nutrition whey protein","Optimum nutrition",0748927065725,385,78.9,9.9,3.3,0,3.3,164,"[{""unit"":""serving"",""grams"":30.4,""description"":""30.4g""},{""unit"":""g"",""grams"":1}]","Open Food Facts (ODbL)"
e78b9293-7ca7-4ea5-9c90-eaeba0516519,off,"Micronized Creatine Powder","Optimum Nutrition",0748927066623,0,0,0,0,0,0,0,"[{""unit"":""serving"",""grams"":5,""description"":""1 scoop (5 g)""},{""unit"":""g"",""grams"":1}]","Open Food Facts (ODbL)"
d9bf5ad7-b308-491c-84e0-bcbb9c58de28,off,"Mass gainer","ON",0748927066715,373,15,76,1,0,0,163,"[{""unit"":""serving"",""grams"":167,""description"":""167 g""},{""unit"":""g"",""grams"":1}]","Open Food Facts (ODbL)"
a8909e8c-ebbb-4af9-b911-794cc4be77a9,off,"Hot Sauce (Goan Tarvotti)","Papa Patel's",0762497524413,246,1,10,22,1,0,730,"[{""unit"":""serving"",""grams"":10,""description"":""1 portion (10 g)""},{""unit"":""g"",""grams"":1}]","Open Food Facts (ODbL)"
88c59a4c-ee2d-44cb-bbda-5f16876780cd,off,"Classic Pizza Sauce","The Gourmet Jar",0763846998411,91,3,19,1.7,1.4,10.8,351,"[{""unit"":""serving"",""grams"":80,""description"":""80g""},{""unit"":""g"",""grams"":1}]","Open Food Facts (ODbL)"
0ed576a1-967e-42a4-a620-9ecbdf2188ca,off,"toasted millet muesli dark chocolate and orange peel","monsoon harvest",0784927149447,466,9.3,67.4,17.7,4.3,12.4,76,"[{""unit"":""serving"",""grams"":40,""description"":""40 g""},{""unit"":""g"",""grams"":1}]","Open Food Facts (ODbL)"
0fec7146-2752-43ce-a700-164fea930bd3,off,"acai blueberry pomegranate nutrient enhanced water beverage","vitamin water",0786162002969,0,0,0,0,0,0,0,"[{""unit"":""serving"",""grams"":591,""description"":""1 bottle (591 g)""},{""unit"":""g"",""grams"":1}]","Open Food Facts (ODbL)"
dadce526-2988-49f4-9647-e5b141928911,off,"Kerala Banana Chips","Byond Snack",0793591862453,510,5,66.2,25,6.1,3.1,310,"[{""unit"":""serving"",""grams"":20,""description"":""20 g""},{""unit"":""g"",""grams"":1}]","Open Food Facts (ODbL)"
bf99adc3-0d1c-48a0-abcd-7507b1d93f3f,off,"Organic India Moringa Powder 100GM Free Shipping Usda Organic",,0801541510047,0,0,0,0,0,0,0,"[{""unit"":""serving"",""grams"":100,""description"":""100g""},{""unit"":""g"",""grams"":1}]","Open Food Facts (ODbL)"
b8d8ab3b-0f1a-470a-86e2-36eef482b8cd,off,"Prosupps Whey","Prosupps",0810182790985,372,62,22.5,4,0,0,300,"[{""unit"":""serving"",""grams"":42,""description"":""42 g""},{""unit"":""g"",""grams"":1}]","Open Food Facts (ODbL)"
858b063e-998a-41cf-a471-f04b2c651035,off,"Basa Fish","IFB",0813210000018,48,8.1,1.5,1.1,0,0.5,0,"[{""unit"":""serving"",""grams"":100,""description"":""100g""},{""unit"":""g"",""grams"":1}]","Open Food Facts (ODbL)"
36769fed-d2e0-4ecf-9603-c92535d61282,off,"Dry Cake","Pran",0831730007065,420,0,60,21,0.4,25,5,"[{""unit"":""serving"",""grams"":100,""description"":""100 g""},{""unit"":""g"",""grams"":1}]","Open Food Facts (ODbL)"
cc76e66f-92ad-41bb-881b-56f74ba4de96,off,"SYNTHA-6 Ultra Premium Protein Matrix, Chocolate Milkshake","Bio-Engineered Supplements & Nutrition",0834266007202,404,46.8,29.8,10.6,12.8,6.4,511,"[{""unit"":""serving"",""grams"":47,""description"":""1 scoop (47 g)""},{""unit"":""g"",""grams"":1}]","Open Food Facts (ODbL)"
13639c91-70e8-46be-8ec2-a2252e096f0e,off,"Potata","Pran",0840205712915,456,8,72.8,14.8,0,22,980,"[{""unit"":""serving"",""grams"":25,""description"":""25 g""},{""unit"":""g"",""grams"":1}]","Open Food Facts (ODbL)"
8ed5dacf-67c9-4b7a-b3bb-cc934f18b37a,off,"LG Hing Powder (asafoetida)",,0840222000149,348,10.1,73.3,1.6,0,0,20,"[{""unit"":""serving"",""grams"":100,""description"":""100g""},{""unit"":""g"",""grams"":1}]","Open Food Facts (ODbL)"
bd831c33-fa1c-40af-a2c1-8ed94fb6f13a,off,"Bakarwadi","Chitale",0846203004878,544,9,49,36,0,9,813,"[{""unit"":""serving"",""grams"":10,""description"":""10 g""},{""unit"":""g"",""grams"":1}]","Open Food Facts (ODbL)"
bd6df9cd-1e46-4179-a24d-9d8ff8ffc852,off,"Bakarwadi",,0846203081695,106,1.4,9.4,6.8,0,2,0,"[{""unit"":""serving"",""grams"":500,""description"":""500gm""},{""unit"":""g"",""grams"":1}]","Open Food Facts (ODbL)"
e1ec9c9a-d4e3-4afb-b334-33c87f87e37e,off,"Yaourt nature sucres U","Coca Cola",0850006000012,80,3,9.6,3.3,0,9.6,40,"[{""unit"":""serving"",""grams"":375,""description"":""375 ml (375 ml)""},{""unit"":""g"",""grams"":1}]","Open Food Facts (ODbL)"
ad5445fe-8aa2-4a05-83bd-5e07bcc7775d,off,"ProteinX Bar","Bolt Nutrition",0850041152776,415,32.2,46.5,15.5,7,21.6,42,"[{""unit"":""serving"",""grams"":63,""description"":""1 portion (63 g)""},{""unit"":""g"",""grams"":1}]","Open Food Facts (ODbL)"
56032af0-e906-459b-b862-580a56baf497,off,"Sun-dried Tomatoes","Abbie’s",0856023006341,300,0,20,20,0,10,1800,"[{""unit"":""serving"",""grams"":10,""description"":""10 g""},{""unit"":""g"",""grams"":1}]","Open Food Facts (ODbL)"
531c5f3d-07c7-416c-acc1-f952a77a2996,off,"Isopro Whey Rich Chocolate","Isopro",0859072007437,353,79.4,2.9,1.5,0,0,265,"[{""unit"":""serving"",""grams"":34,""description"":""1 scoop (34 g)""},{""unit"":""g"",""grams"":1}]","Open Food Facts (ODbL)"
94b35ba6-36b6-4335-a1d8-21dc45a0a360,off,"Active Energy","Active Energy",08704122,75,8.7,9,0.5,0,0,0,"[{""unit"":""serving"",""grams"":230,""description"":""230 g""},{""unit"":""g"",""grams"":1}]","Open Food Facts (ODbL)"
8a30a401-8ca1-4964-aab4-1d2d258a4f72,off,"Barramundi","The Better Fish",0890150002678,88,18.6,0,1.3,0,0,31,"[{""unit"":""serving"",""grams"":113,""description"":""1 piece (113 g)""},{""unit"":""g"",""grams"":1}]","Open Food Facts (ODbL)"
d3efd50f-220e-4e9d-a82e-9dcacc029afd,off,"Lemon almond bar","Step one",0890282001433,170,4,21,8,5,15,0,"[{""unit"":""serving"",""grams"":41,""description"":""1 serving (41 g)""},{""unit"":""g"",""grams"":1}]","Open Food Facts (ODbL)"
54a2b6a4-4b00-4c18-a1ab-a507d746188e,off,"Naan rounds original","Stone Fire",0890497000412,337,6.1,46.7,12.9,4.1,7.2,307,"[{""unit"":""serving"",""grams"":100,""description"":""100g""},{""unit"":""g"",""grams"":1}]","Open Food Facts (ODbL)"
453da7c0-2526-4a1c-812a-0d223e6074db,off,"5:15pm Pistachio Kunafa Cholotate",,0903192230432,540,5,54.5,31,1.5,53.2,10,"[{""unit"":""serving"",""grams"":100,""description"":""100g""},{""unit"":""g"",""grams"":1}]","Open Food Facts (ODbL)"
f84301f6-f7a1-413b-9205-cf425324a316,off,"Bourn Vita 500Gram Pauch","Cadbury",09141209,284,5.1,59.3,0.4,17.8,35.2,17,"[{""unit"":""serving"",""grams"":23.6,""description"":""23.6 g""},{""unit"":""g"",""grams"":1}]","Open Food Facts (ODbL)"
99f924a0-8356-4cc2-8378-31790229ff6c,off,"Campa Lemon Flavoured","Campa",0944242985087,46,0,11.5,0,0,11.5,5,"[{""unit"":""serving"",""grams"":200,""description"":""200ml""},{""unit"":""g"",""grams"":1}]","Open Food Facts (ODbL)"
0b77021f-b6ac-4dfa-ac27-000174477770,off,"mawa kulfi icecream","Dinshaw's",0944452551195,187,4.6,26.8,6.8,0,16.6,59,"[{""unit"":""serving"",""grams"":100,""description"":""100g""},{""unit"":""g"",""grams"":1}]","Open Food Facts (ODbL)"
fc2e16d9-7650-48ef-b674-70770ee1de2b,off,"Organic Whole Wheat Flour","Organic Tattva",0946455040003,400,18,77.2,1.8,11.9,5.3,6,"[{""unit"":""serving"",""grams"":60,""description"":""60 g""},{""unit"":""g"",""grams"":1}]","Open Food Facts (ODbL)"
0858cc62-55db-49b8-a566-66c6da33c2cf,off,"Reload Orange Rush","Fast and Up",0946497599453,3,0.1,0.7,0,0,0,72,"[{""unit"":""serving"",""grams"":100,""description"":""1 portion (100 ml)""},{""unit"":""g"",""grams"":1}]","Open Food Facts (ODbL)"
8f2d5877-3190-4038-a5fa-60ee34a4d0ac,off,"Raw peanut","Good Life",0962941232165,610,22.8,14.8,49.1,8.6,5.9,9,"[{""unit"":""serving"",""grams"":100,""description"":""100g""},{""unit"":""g"",""grams"":1}]","Open Food Facts (ODbL)"
b990dbd4-1b56-4926-a99b-cc235983c0ff,off,"Skyr High Protein Plain Yoghurt","Milky Mist",10822926,95,11,9.5,1.5,0,9.5,144,"[{""unit"":""serving"",""grams"":100,""description"":""100 gram""},{""unit"":""g"",""grams"":1}]","Open Food Facts (ODbL)"
701a8675-1d35-4655-9a4e-11733d7f9140,off,"Minis Mix Eggs","Cadbury",12111202,516,5.8,61,27,1.9,59,0,"[{""unit"":""serving"",""grams"":100,""description"":""100g""},{""unit"":""g"",""grams"":1}]","Open Food Facts (ODbL)"
9b1b1a47-9f80-4c25-9f24-b3ca36ed7f07,off,"dsdsds","bfgfg",12345678,536,7.1,57.1,32.1,3.6,3.6,964,"[{""unit"":""serving"",""grams"":28,""description"":""13 CHIPS | ABOUT (28 g)""},{""unit"":""g"",""grams"":1}]","Open Food Facts (ODbL)"
3555b11f-b506-4fbc-ba1e-11cfc85369ec,off,"Chocolat en poudre","Munch",1234567890128,116,11.1,11.1,3.1,0,0,0,"[{""unit"":""serving"",""grams"":450,""description"":""450 g""},{""unit"":""g"",""grams"":1}]","Open Food Facts (ODbL)"
9fd519cb-a0be-43d8-b2fd-eec817102f4d,off,"Mango juice","Fresh Squeeze",1491313192001,54,0,13,0,1,13,0,"[{""unit"":""serving"",""grams"":100,""description"":""100g""},{""unit"":""g"",""grams"":1}]","Open Food Facts (ODbL)"
d7fd656a-80b1-4f7e-b8b1-0991553f9746,off,"Butter Chakli","Charliee",19060477,100,0,10,7.5,5,5,3550,"[{""unit"":""serving"",""grams"":20,""description"":""1 tbsp (20 g)""},{""unit"":""g"",""grams"":1}]","Open Food Facts (ODbL)"
843a9da5-01d0-485f-b3d5-675096567aa7,off,"Jambon braisé, lentilles","Foodles",2000000146145,145,12.3,13.9,3.1,5.1,1.3,564,"[{""unit"":""serving"",""grams"":400,""description"":""400 g""},{""unit"":""g"",""grams"":1}]","Open Food Facts (ODbL)"
c21dce64-86a6-4550-aa54-3e7ee402f691,off,"Pecan & almond grain-free granola","The Paleo Foods Co",2000000148087,635,15.2,19.8,53,11.2,9.2,20,"[{""unit"":""serving"",""grams"":40,""description"":""40 g""},{""unit"":""g"",""grams"":1}]","Open Food Facts (ODbL)"
cda6ae82-4a15-4abb-a683-cb572d9289f7,off,"Jolliz Namkeen Masala Chips","Anand",2000000157839,533,4.4,57.8,31,2.8,3.3,215,"[{""unit"":""serving"",""grams"":25,""description"":""25g""},{""unit"":""g"",""grams"":1}]","Open Food Facts (ODbL)"
6df1622a-520a-4a9c-b61d-c5e26f3fada9,off,"Cheeku","Cheeku",23234545,308,0.8,76.1,0,0,76.1,12,"[{""unit"":""serving"",""grams"":100,""description"":""100g""},{""unit"":""g"",""grams"":1}]","Open Food Facts (ODbL)"
8509a833-221d-47f5-8b09-5cbbc446b351,off,"Nutella","nutella",3017620425035,539,6.3,57.5,30.9,0,56.3,43,"[{""unit"":""serving"",""grams"":15,""description"":""15 g""},{""unit"":""g"",""grams"":1}]","Open Food Facts (ODbL)"
9a460ebd-556f-497b-9980-455e895b25d2,off,"Amul butter scotch ice cream",,3017932033003,251,4.1,26,14.1,0,22.6,46,"[{""unit"":""serving"",""grams"":100,""description"":""100g""},{""unit"":""g"",""grams"":1}]","Open Food Facts (ODbL)"
9fc2b41f-19f4-41d0-a1da-81b3a1ed3ba4,off,"Lindt Excellence 70% Cocoa","Lindt",3046920028004,562,9,34,41,0,30,81,"[{""unit"":""serving"",""grams"":25,""description"":""25g""},{""unit"":""g"",""grams"":1}]","Open Food Facts (ODbL)"
a741c5a6-9f6a-4062-9ceb-5fd50f227026,off,"Honeycomb Syrup","Monin",3052910041069,323,0,79.3,0,0,79.3,12,"[{""unit"":""serving"",""grams"":15,""description"":""1 Portion (15 ml)""},{""unit"":""g"",""grams"":1}]","Open Food Facts (ODbL)"
869a8c0b-917b-4a16-86e1-c04ff957580d,off,"Queso","picon",3073781051872,268,10,6,23,0,6,260,"[{""unit"":""serving"",""grams"":100,""description"":""100g""},{""unit"":""g"",""grams"":1}]","Open Food Facts (ODbL)"
b5125789-5eb6-4964-9f00-6354d0b2b58e,off,"HERTA TARTE EN OR Pâte Feuilletée LOT 2+1 OFFERTE","HERTA",3154230805458,383,6.5,42,20,1.4,1.9,480,"[{""unit"":""serving"",""grams"":38,""description"":""38 g""},{""unit"":""g"",""grams"":1}]","Open Food Facts (ODbL)"
dd21ecb2-836f-4f9b-827d-636723840129,off,"Chips barbecue","Lay's",3168930007432,532,6.4,52,32,4.4,2.8,520,"[{""unit"":""serving"",""grams"":30,""description"":""30g""},{""unit"":""g"",""grams"":1}]","Open Food Facts (ODbL)"
8622beca-e6cc-48b7-af12-80df2464bc08,off,"Pierre Martinet Mon taboulé a poulet à la ciboulette la barquette de 300 g","Pierre MARTINET",3281780055511,160,5.4,21,5.7,0,3.3,380,"[{""unit"":""serving"",""grams"":100,""description"":""100g""},{""unit"":""g"",""grams"":1}]","Open Food Facts (ODbL)"
cbddf724-f43b-4e01-a69c-bbce75ea0dee,off,"Achard legumes","Royal Bourbon",3297387000137,106,1.1,3.7,9,0,1.7,212,"[{""unit"":""serving"",""grams"":100,""description"":""100g""},{""unit"":""g"",""grams"":1}]","Open Food Facts (ODbL)"
95804673-8212-49d6-8531-a888c0545fb6,off,"Huile D'olive  Vierge extra","Cauvin",3336590080045,900,0,0,100,0,0,0,"[{""unit"":""serving"",""grams"":100,""description"":""100g""},{""unit"":""g"",""grams"":1}]","Open Food Facts (ODbL)"
66858397-bfd4-40fe-bcf6-d7b1d7dd59ab,off,"Lijjat Papad","Lijjat",3379140002890,326,20.9,59,0.6,0,0,556,"[{""unit"":""serving"",""grams"":100,""description"":""100g""},{""unit"":""g"",""grams"":1}]","Open Food Facts (ODbL)"
1aa9e656-252e-45e2-8d10-44f0785a2b0f,off,"Rillettes de saumon","Le Père Eugène",3394610000404,203,13.6,1.7,15.6,0,1.1,320,"[{""unit"":""serving"",""grams"":100,""description"":""100g""},{""unit"":""g"",""grams"":1}]","Open Food Facts (ODbL)"
ec6f553f-2022-4523-af1e-11c8b747c1a6,off,"Torti surimi","Menu Fraîcheur",3564706633872,207,3.3,16,14,1.8,1.3,312,"[{""unit"":""serving"",""grams"":100,""description"":""100g""},{""unit"":""g"",""grams"":1}]","Open Food Facts (ODbL)"
39d2b211-e076-4254-86aa-d10af2908f7b,off,"Feuilletée","Auchan",3596710496037,398,5.7,39,22,1.4,1.2,352,"[{""unit"":""serving"",""grams"":100,""description"":""100g""},{""unit"":""g"",""grams"":1}]","Open Food Facts (ODbL)"
7b97c7c8-e150-464d-a922-06c240b85019,off,"Frites croustillant bistro express","Findus",3599741005421,204,3.2,29,7.8,2.4,0.5,19,"[{""unit"":""serving"",""grams"":130,""description"":""130g""},{""unit"":""g"",""grams"":1}]","Open Food Facts (ODbL)"
85c8e2bc-e7f6-4d03-9e38-d9380e4c6b0a,off,"Taboulé à l'orientale",,3700009272466,204,4.3,25,9.3,0,3.8,480,"[{""unit"":""serving"",""grams"":100,""description"":""100g""},{""unit"":""g"",""grams"":1}]","Open Food Facts (ODbL)"
e7c3e01e-53a6-4d24-8857-859d60ad1588,off,"Treat Croissant Vanilla","Britannia",3948063032453,465,6.4,48.7,27.2,0,21.6,183,"[{""unit"":""serving"",""grams"":45,""description"":""45g (approx. 1 Croissant)""},{""unit"":""g"",""grams"":1}]","Open Food Facts (ODbL)"
fea8185b-c371-40c9-9b81-3a07e9b41eb3,off,"High Protein Milk","Amul",3948262153423,90,14,8,0.2,0,8,23,"[{""unit"":""serving"",""grams"":250,""description"":""1 portion (250 ml)""},{""unit"":""g"",""grams"":1}]","Open Food Facts (ODbL)"
2a0a9d8c-3e4e-496a-93c2-ad3eebb6a68b,off,"Amul Malai Paneer","Amul",3948262180115,312,20,4,24,0,4,24,"[{""unit"":""serving"",""grams"":50,""description"":""1 portion (50 g)""},{""unit"":""g"",""grams"":1}]","Open Food Facts (ODbL)"
f362d0d0-b644-407b-8ba1-b6181b8884dd,off,"Hide and seek","Parle platina",3948719105913,480,5.8,73.1,18.3,0,32.6,114,"[{""unit"":""serving"",""grams"":100,""description"":""100g""},{""unit"":""g"",""grams"":1}]","Open Food Facts (ODbL)"
ce5ec3cf-88d6-4f8b-b521-8af9a307683a,off,"CocaCola","Coca Cola",3948764011252,44,0,10.9,0,0,10.6,8,"[{""unit"":""serving"",""grams"":100,""description"":""100 ml""},{""unit"":""g"",""grams"":1}]","Open Food Facts (ODbL)"
e3e0f43c-2e75-45cc-8737-3a638cadf380,off,"Coca cola Soft Drink 750ml","Coca cola",3948764012273,44,0,10.9,0,0,10.6,8,"[{""unit"":""serving"",""grams"":200,""description"":""200 ml""},{""unit"":""g"",""grams"":1}]","Open Food Facts (ODbL)"
a2491375-72ac-40bc-8477-8e048728f81e,off,"Cocacola zero","Cocacola",3948764012914,44,0,10.9,0,0,10.6,8,"[{""unit"":""serving"",""grams"":400,""description"":""400 ml""},{""unit"":""g"",""grams"":1}]","Open Food Facts (ODbL)"
2856fbae-ed08-431e-a7dc-a2874190ef55,off,"Sprite","Coca-Cola Company",3948764032707,40,0,10,0,0,9.8,14,"[{""unit"":""serving"",""grams"":740,""description"":""740 ml""},{""unit"":""g"",""grams"":1}]","Open Food Facts (ODbL)"
f84d7c17-a571-4a0b-8c70-e196e8fcf8b8,off,"Thumbs Up (Indian coke)","Coca Cola Company",3948764041259,126,0,31.8,0,0,31.2,0,"[{""unit"":""serving"",""grams"":300,""description"":""1 can (300 ml)""},{""unit"":""g"",""grams"":1}]","Open Food Facts (ODbL)"
96009a22-a968-495f-b3a7-e7190a332119,off,"Thumbs Up 750ml pet","Thumps up",3948764042270,39,0,9.7,0,0,9.5,22,"[{""unit"":""serving"",""grams"":200,""description"":""200 ml""},{""unit"":""g"",""grams"":1}]","Open Food Facts (ODbL)"
4ea83460-3cda-4e47-9cbe-db5ca226284e,off,"Thumbs Up",,3948764042904,42,0,10.6,0,0,10.4,1,"[{""unit"":""serving"",""grams"":100,""description"":""100g""},{""unit"":""g"",""grams"":1}]","Open Food Facts (ODbL)"
25a05fb0-3e71-400a-ace3-99a421238f2a,off,"thums up","thumsup",3948764042911,39,0,9.7,0,0,9.5,22,"[{""unit"":""serving"",""grams"":100,""description"":""100g""},{""unit"":""g"",""grams"":1}]","Open Food Facts (ODbL)"
73eb6775-fc46-4519-8299-8516be2025de,off,"Maaza",,3948764092206,74,0.6,14.3,0.2,1.6,12.9,2,"[{""unit"":""serving"",""grams"":100,""description"":""100g""},{""unit"":""g"",""grams"":1}]","Open Food Facts (ODbL)"
df38f0d2-b542-4594-a370-b65fd22c5baf,off,"maaza","coco-cola",3948764092800,50,0,12.5,0,0,12.3,0,"[{""unit"":""serving"",""grams"":100,""description"":""100g""},{""unit"":""g"",""grams"":1}]","Open Food Facts (ODbL)"
94b306a9-8fd3-4aaa-af84-c33566c171d9,off,"Ritter Sport Noir Noisettes Entières","Ritter Sport",4000417224002,577,8.2,40,40,1.2,37,5,"[{""unit"":""serving"",""grams"":25,""description"":""25 g""},{""unit"":""g"",""grams"":1}]","Open Food Facts (ODbL)"
dbf0d508-f46d-4d65-9410-73d55ae2864f,off,"Hanuta Minis","Ferrero",4008400351926,542,7.6,54,31.9,0,42.6,172,"[{""unit"":""serving"",""grams"":11,""description"":""1 piece (11 g)""},{""unit"":""g"",""grams"":1}]","Open Food Facts (ODbL)"
b57b0c68-f3fc-41dc-81e4-49f6c254832a,off,"Roasted Chana with skin","Schani",4019041001057,210,14,34,2,0,0,8,"[{""unit"":""serving"",""grams"":100,""description"":""100g""},{""unit"":""g"",""grams"":1}]","Open Food Facts (ODbL)"
e5edc5e8-ef05-45fb-b13e-a71e677f28a3,off,"Destinato Tè Nero",,4056489797869,1,0,0.3,0,0,0,3,"[{""unit"":""serving"",""grams"":100,""description"":""100g""},{""unit"":""g"",""grams"":1}]","Open Food Facts (ODbL)"
389b4894-0d61-4082-89a6-7935bec14b5f,off,"Handmade Chocolate Orange Honeycomb","Aldi",4088600023700,447,2.6,81,12,0.7,64,212,"[{""unit"":""serving"",""grams"":63,""description"":""63g""},{""unit"":""g"",""grams"":1}]","Open Food Facts (ODbL)"
37bd8a02-b4f4-4be6-8207-38e3bd41f802,off,"Whey Protein","Body Attack",4250350550861,394,73,7,7.3,0,4,132,"[{""unit"":""serving"",""grams"":30,""description"":""30g""},{""unit"":""g"",""grams"":1}]","Open Food Facts (ODbL)"
f8e0651b-adbb-4dc6-ad92-b4ac0f5fd56f,off,"Monster Energy Drink 350ml","Monster",4897036691427,48,0,12,0,0,11.1,77,"[{""unit"":""serving"",""grams"":350,""description"":""350 ml""},{""unit"":""g"",""grams"":1}]","Open Food Facts (ODbL)"
8140c16b-3c5c-4323-a212-a989fbb2a9bf,off,"Monster Energy Ultra","Monster",4897036692455,3,0,1.4,0,0,0,79,"[{""unit"":""serving"",""grams"":350,""description"":""350ml""},{""unit"":""g"",""grams"":1}]","Open Food Facts (ODbL)"
ab822583-3844-489a-befe-8d7aa5c7414c,off,"Monster Energy Pipeline Punch","Monster Energy",4897036695678,36,0,8.9,0,0,8.9,15,"[{""unit"":""serving"",""grams"":350,""description"":""350ml""},{""unit"":""g"",""grams"":1}]","Open Food Facts (ODbL)"
92b38d83-e316-45f3-a540-c5c6d18d99ed,off,"Predator Energy, Gold Strike","Monster Energy",4897036696040,24,0,6,0,0,5.6,41,"[{""unit"":""serving"",""grams"":250,""description"":""250 ml""},{""unit"":""g"",""grams"":1}]","Open Food Facts (ODbL)"
9f422697-ae6a-463d-b770-efb21122f525,off,"Maggi 2-minute noodles","Maggi",4901472017793,384,8.2,59.6,12.5,0,1.8,1000,"[{""unit"":""serving"",""grams"":100,""description"":""100g""},{""unit"":""g"",""grams"":1}]","Open Food Facts (ODbL)"
d7e0c18d-7c60-4122-99ef-f3ef5ec7f776,off,"Cream bell java coffee Milk shake","Cream bell",4906424418420,84,3.4,14,1.6,0,13.8,50,"[{""unit"":""serving"",""grams"":100,""description"":""100g""},{""unit"":""g"",""grams"":1}]","Open Food Facts (ODbL)"
5380b5eb-bd06-474e-abde-04d8b381369b,off,"Lemon Cranberry Protein Bar","Whole the Truth",4906444890404,487,24,41,25,6.7,24.8,27,"[{""unit"":""serving"",""grams"":52,""description"":""52 g""},{""unit"":""g"",""grams"":1}]","Open Food Facts (ODbL)"
66437534-97d0-464e-9e4f-e8da027763b2,off,"Greek Yogurt blueberry","Epigamia",4906459635090,94,6.5,12.9,1.9,0,12.9,52,"[{""unit"":""serving"",""grams"":85,""description"":""85 g""},{""unit"":""g"",""grams"":1}]","Open Food Facts (ODbL)"
6877c865-9b86-43d2-a48c-8fa7f6bd6d01,off,"Death by chocolate Guilt free icecream cone","Go Zero",4908419757941,132,2.4,21.8,7.3,3.1,4.8,26,"[{""unit"":""serving"",""grams"":120,""description"":""120ml""},{""unit"":""g"",""grams"":1}]","Open Food Facts (ODbL)"
f25b28ca-2a1c-40f6-aba2-8358efe36d77,off,"Sweet Chilli Supergrain Puffs","Klaw",4908430809612,514,18,52,26,5,3,500,"[{""unit"":""serving"",""grams"":25,""description"":""25 g""},{""unit"":""g"",""grams"":1}]","Open Food Facts (ODbL)"
4aa25b18-555d-449d-994f-f9191bdbdfad,off,"Bounty Coconut Bar","Bounty M",5000159567435,487,3.8,61,25.7,0,48,103,"[{""unit"":""serving"",""grams"":100,""description"":""1 bar (100 g)""},{""unit"":""g"",""grams"":1}]","Open Food Facts (ODbL)"
dfe6c91f-27f1-4f58-b6aa-c5dc59b95af5,off,"Wild Pacific Red Salmon","John West",5000171010025,151,20.4,0,7.8,0,0,360,"[{""unit"":""serving"",""grams"":100,""description"":""100 g""},{""unit"":""g"",""grams"":1}]","Open Food Facts (ODbL)"
e3d9e81a-0e98-4d75-9ed6-73b6455cf237,off,"FOOD","Princes",5000232192202,217,19.7,0.1,21.3,0,0.1,260,"[{""unit"":""serving"",""grams"":90,""description"":""90g""},{""unit"":""g"",""grams"":1}]","Open Food Facts (ODbL)"
fe1b3602-9e66-4402-9921-6637bcbc80ec,off,"Matured For 36 Months Reserve Cheddar Cheese","Davidstow",5000295155343,416,25.4,0.1,34.9,0,0.1,708,"[{""unit"":""serving"",""grams"":200,""description"":""1 block (200 g)""},{""unit"":""g"",""grams"":1}]","Open Food Facts (ODbL)"
68f012ee-8377-4f9c-9dc1-78d9d466d2f2,off,"Original Custard powder","Bird's",5000354908248,83,3.1,14.2,1.5,0.3,9.5,61,"[{""unit"":""serving"",""grams"":164,""description"":""164g""},{""unit"":""g"",""grams"":1}]","Open Food Facts (ODbL)"
e8b557c1-69ea-4f2d-b874-1d6bf3980feb,off,"Tom Yum Culinary Paste","Blue Dragon",5010338001049,266,1.9,22.8,18.3,0,16,2908,"[{""unit"":""serving"",""grams"":100,""description"":""100g""},{""unit"":""g"",""grams"":1}]","Open Food Facts (ODbL)"
669c7e5b-08a0-40e4-a405-ff90fa990799,off,"Tamarind & date sauce","Natco",5013531997416,136,1.4,32.1,0,0,24.3,680,"[{""unit"":""serving"",""grams"":100,""description"":""100g""},{""unit"":""g"",""grams"":1}]","Open Food Facts (ODbL)"
7a48215f-4136-4ac5-9f80-46c06641080a,off,"Nutella & Go!","Nutella",5020411121182,509,7.4,62,25,0,42.3,274,"[{""unit"":""serving"",""grams"":48,""description"":""48 g""},{""unit"":""g"",""grams"":1}]","Open Food Facts (ODbL)"
19c82dde-9fec-4a32-a3ad-1e65ec8c61c7,off,"MyProtein Micellar Casein Protein Chocolate Flavour","MyProtein",5056185786920,360,73.3,10,2.7,0,2.7,264,"[{""unit"":""serving"",""grams"":30,""description"":""1 scoop (30 g)""},{""unit"":""g"",""grams"":1}]","Open Food Facts (ODbL)"
ad264283-6cb1-43a5-9140-9416bc110b19,off,"Clear Whey Isolate Peach","MyProtein",5056307356178,344,83.4,2.2,0.1,0,0.1,44,"[{""unit"":""serving"",""grams"":24,""description"":""1 portion (24 g)""},{""unit"":""g"",""grams"":1}]","Open Food Facts (ODbL)"
4dc010f1-2ec4-40dc-80aa-3f0e6f0ccfba,off,"Cookies & Cream Protein Powder","Myprotein",5056307363268,408,79,7,7.2,2,6.9,96,"[{""unit"":""serving"",""grams"":25,""description"":""25 g""},{""unit"":""g"",""grams"":1}]","Open Food Facts (ODbL)"
d5123bdf-3404-498d-9adb-c4b8c2c967ae,off,"Butter Chicken","Cook",5056517322048,128,11.9,6,5.9,1.7,4.9,287,"[{""unit"":""serving"",""grams"":310,""description"":""1 portion (310 g)""},{""unit"":""g"",""grams"":1}]","Open Food Facts (ODbL)"
5617616e-593e-44ea-bd8c-6ca02abfa31a,off,"Impact Bar Fudge Brownie","MyProtein",5059883304632,364,31.2,31.2,13.3,13.4,3,160,"[{""unit"":""serving"",""grams"":64,""description"":""64 g""},{""unit"":""g"",""grams"":1}]","Open Food Facts (ODbL)"
7814fd0d-a5de-4a3f-b818-2e69a65f5d2e,off,"Clear Watermelon Daquiri","Myprotein",5059883483894,339,76.6,7.4,0.2,0.3,1.6,40,"[{""unit"":""serving"",""grams"":26,""description"":""1 portion (26 g)""},{""unit"":""g"",""grams"":1}]","Open Food Facts (ODbL)"
0c8bd2e2-64fe-48cd-8c06-3d4b7e06a9fe,off,"Clear Whey Mocktail - Aam Panna Margarita","MyProtein",5059883483900,334,76.8,5.6,0.2,0.9,0.6,600,"[{""unit"":""serving"",""grams"":26,""description"":""1 Scoop (26 g)""},{""unit"":""g"",""grams"":1}]","Open Food Facts (ODbL)"
bdfa366f-d0bd-4125-bc8e-cd8739211510,off,"Hyrox-The ElectroPower (Pina Colada)","MyProtein",5059883500720,94,0.1,22.6,0.1,8.8,3.6,1793,"[{""unit"":""serving"",""grams"":14,""description"":""1 Scoop (14 g)""},{""unit"":""g"",""grams"":1}]","Open Food Facts (ODbL)"
79096acc-6025-4288-826c-64e279349a5b,off,"Whortleberry Jam","Waterhouse Fayre",5060141280711,281,0,72,0.2,2,68,20,"[{""unit"":""serving"",""grams"":100,""description"":""1 serving (100 g)""},{""unit"":""g"",""grams"":1}]","Open Food Facts (ODbL)"
9715c61c-d5a0-4163-aa32-ec68f4f1e739,off,"Kabuto Noodles Chicken Ramen","Kabuto",5060250610058,64,2.6,13.1,0,0.7,2,360,"[{""unit"":""serving"",""grams"":100,""description"":""100g""},{""unit"":""g"",""grams"":1}]","Open Food Facts (ODbL)"
66d5b582-a3dc-4b57-9bd5-f4e3c769490f,off,"Impact Whey Protein, Caramel Brownie","Myprotein",5060746519124,367,64.4,10,6.6,0,4.3,308,"[{""unit"":""serving"",""grams"":30,""description"":""30 g""},{""unit"":""g"",""grams"":1}]","Open Food Facts (ODbL)"
94414e49-f6d8-4897-a09f-c0cbeb5e28fa,off,"SAP 40","SAP",5065024144029,160,0,40,0,0,0,0,"[{""unit"":""serving"",""grams"":40,""description"":""1 portion (40 g)""},{""unit"":""g"",""grams"":1}]","Open Food Facts (ODbL)"
8253a21c-c619-4e79-b16e-42a181cfb129,off,"Creme fraiche","Delhaize",5400119019149,215,2.3,5.1,20.2,0.3,3.2,40,"[{""unit"":""serving"",""grams"":100,""description"":""100g""},{""unit"":""g"",""grams"":1}]","Open Food Facts (ODbL)"
a1df9890-7fc4-42a9-8df3-0c0b2f33b327,off,"Schalottes","Delhaize",5400119587587,85,2.5,17,0.1,3.2,0,12,"[{""unit"":""serving"",""grams"":100,""description"":""1 portion (100 g)""},{""unit"":""g"",""grams"":1}]","Open Food Facts (ODbL)"
37ca1fda-694a-4278-b03b-49ac95f12620,off,"Mélange de bonbons","Boni",5400141138863,319,5.8,73.4,0.2,0,51.8,20,"[{""unit"":""serving"",""grams"":100,""description"":""100g""},{""unit"":""g"",""grams"":1}]","Open Food Facts (ODbL)"
a1eb75a7-da3b-4d4b-9a52-b5a3a627a82c,off,"Noix de cajou nature","Boni",5400141297171,581,18,27,44,3.3,5.9,12,"[{""unit"":""serving"",""grams"":30,""description"":""30 g""},{""unit"":""g"",""grams"":1}]","Open Food Facts (ODbL)"
c7ad4f29-46ab-4428-86cc-895fdd15aa37,off,"Royco Minutesoep X3 Groenten Supreme","Royco",5410056186699,36,0.6,4.4,1.6,0,0.6,340,"[{""unit"":""serving"",""grams"":200,""description"":""200g""},{""unit"":""g"",""grams"":1}]","Open Food Facts (ODbL)"
e8a154d6-cbbc-45c7-a49d-43cfda6883ee,off,"Passendale classic","Passendale",5410942104158,353,23,0,29,0,0,600,"[{""unit"":""serving"",""grams"":100,""description"":""100g""},{""unit"":""g"",""grams"":1}]","Open Food Facts (ODbL)"
0a42604f-3e80-40e2-a33e-571716d3d791,off,"Tamari soya sauce","Lima",5411788046442,96,12,5.3,0,0.9,1.7,4120,"[{""unit"":""serving"",""grams"":100,""description"":""100g""},{""unit"":""g"",""grams"":1}]","Open Food Facts (ODbL)"
66e086ed-66dd-4bff-b8cf-0e97bca988c2,off,"Caulier Tripel 33 CL Fles",,5425024150107,1,0,0.5,0.5,0,0,4,"[{""unit"":""serving"",""grams"":100,""description"":""100g""},{""unit"":""g"",""grams"":1}]","Open Food Facts (ODbL)"
a25a45fa-963c-410b-8a54-ad55f7642997,off,"Protein Spaghetti","Urban Platter",5430446645063,336,21.4,62.3,2.1,9.1,0,2,"[{""unit"":""serving"",""grams"":50,""description"":""50 g""},{""unit"":""g"",""grams"":1}]","Open Food Facts (ODbL)"
c975eee9-039f-4e3f-b1aa-ee6157c53e47,off,"Coke Original Taste","Coca-Cola",5449000000996,42,0,10.6,0,0,10.6,0,"[{""unit"":""serving"",""grams"":330,""description"":""1 Can (330 ml)""},{""unit"":""g"",""grams"":1}]","Open Food Facts (ODbL)"
cb52b942-325f-4e22-89d4-7b28a50b7390,off,"Cocacola original taste","Coca Cola",5449000043382,42,0,10.6,0,0,0,8,"[{""unit"":""serving"",""grams"":100,""description"":""100g""},{""unit"":""g"",""grams"":1}]","Open Food Facts (ODbL)"
190ae5ea-c948-4d87-b2ee-bee0047827b8,off,"Diet Coke","Coke",54491496,0,0,0,0,0,0,0,"[{""unit"":""serving"",""grams"":250,""description"":""1 serving (250 g)""},{""unit"":""g"",""grams"":1}]","Open Food Facts (ODbL)"
886406e4-be0d-43ae-acd3-ef1722c4bfbf,off,"Bolacha Manteiga Belgas","Chabrior",5604260227174,478,7.1,72.2,17.6,0,32.1,240,"[{""unit"":""serving"",""grams"":100,""description"":""100g""},{""unit"":""g"",""grams"":1}]","Open Food Facts (ODbL)"
755fb0f2-f2c3-4e84-9a2a-85409e87ffa4,off,"Special Potato Chiwda","LaxmiNarayan",5907256003067,565,9.6,37.9,44.1,5.4,17.9,444,"[{""unit"":""serving"",""grams"":25,""description"":""25 g""},{""unit"":""g"",""grams"":1}]","Open Food Facts (ODbL)"
d5fa6d81-18e6-4c7c-b8e7-ced8dec11aa5,off,"HELL","Hell",5999884034469,46,0,11,0,0,11,200,"[{""unit"":""serving"",""grams"":250,""description"":""250 ml""},{""unit"":""g"",""grams"":1}]","Open Food Facts (ODbL)"
d2e3fa22-c62f-406c-b6af-5cb38957b4cf,off,"Maggi 2 Minute Noodles Beef 1 x 73G (Single)","Maggi",6001068587209,436,10.1,57,16.4,3.8,2.3,800,"[{""unit"":""serving"",""grams"":100,""description"":""100g""},{""unit"":""g"",""grams"":1}]","Open Food Facts (ODbL)"
a944ac91-deca-4485-8d69-d8e272b3e4c2,off,"Potato Chips Salted","Lay's",6009510804782,528,7.5,47.2,35,4.7,0.8,528,"[{""unit"":""serving"",""grams"":36,""description"":""36 g""},{""unit"":""g"",""grams"":1}]","Open Food Facts (ODbL)"
414e7cf6-46a1-4448-8285-1696359e0ad5,off,"Perly","Jaouda",6111242100992,97,8,9.4,3,0,9.4,0,"[{""unit"":""serving"",""grams"":80,""description"":""80g""},{""unit"":""g"",""grams"":1}]","Open Food Facts (ODbL)"
69dbc35b-fa4c-48b8-9e72-84008dc969b6,off,"Peanut Butter Creamy","GOODY",6281014110013,562,21.9,25,46.9,6.2,12.5,375,"[{""unit"":""serving"",""grams"":32,""description"":""32g""},{""unit"":""g"",""grams"":1}]","Open Food Facts (ODbL)"
d0cd645e-8552-44b8-9cea-e43c793c2deb,off,"CORNI","emirates macaroni",6291047020456,370,13,73,1.5,3,2,0,"[{""unit"":""serving"",""grams"":100,""description"":""100g""},{""unit"":""g"",""grams"":1}]","Open Food Facts (ODbL)"
e73ec922-fed9-4f6c-94f8-5faed197f9db,off,"Khenaizi Dates","Khenaizi",6291100213160,325,4.4,76,0.4,6.8,66,144,"[{""unit"":""serving"",""grams"":100,""description"":""100g""},{""unit"":""g"",""grams"":1}]","Open Food Facts (ODbL)"
61109634-2bfd-4abe-bcde-7329a883966b,off,"Emirates Dates","Date Crown",6291108230541,325,1.8,76,0.4,6.8,66.4,10,"[{""unit"":""serving"",""grams"":100,""description"":""100g""},{""unit"":""g"",""grams"":1}]","Open Food Facts (ODbL)"
c9bb85cc-3faf-41dd-a0c9-d14eec17ba63,off,"Chunky Caramel","Kitkat",6294017130902,383,3.6,49.3,19,0,40.7,65,"[{""unit"":""serving"",""grams"":42,""description"":""1 Bar (42 g)""},{""unit"":""g"",""grams"":1}]","Open Food Facts (ODbL)"
d3dabe32-9fee-48cb-aa77-488127b73070,off,"Veg Manchurian Noodles","Wow",6909045692499,376,7.8,53.1,14.8,0,0,0,"[{""unit"":""serving"",""grams"":100,""description"":""100 g""},{""unit"":""g"",""grams"":1}]","Open Food Facts (ODbL)"
6015cf73-c301-48d5-987f-791e459e846d,off,"Hersheys syrup indulgent caramel flavor",,6942836715182,291,2.1,70.2,0.1,0,55.3,156,"[{""unit"":""serving"",""grams"":100,""description"":""100g""},{""unit"":""g"",""grams"":1}]","Open Food Facts (ODbL)"
2f5afbc1-1c90-4200-a374-d8d530b2911f,off,"Cantucci Toscani - Fine food","Fine Food",7610827760259,471,12,64,18,3,24,310,"[{""unit"":""serving"",""grams"":21,""description"":""21 g""},{""unit"":""g"",""grams"":1}]","Open Food Facts (ODbL)"
5ba313ee-2341-41d8-aac8-17c8ac199645,off,"Tang Lemon","The Natural",7622201636012,331,2.8,78,0.1,0,64,0,"[{""unit"":""serving"",""grams"":27.2,""description"":""27.2 g""},{""unit"":""g"",""grams"":1}]","Open Food Facts (ODbL)"
64d5c512-1509-4763-96ba-f5fe4cb20daa,off,"Dairy Milk Silk Oreo","Mondelez International",7622201762193,563,6,56.9,34.8,2.3,48.9,207,"[{""unit"":""serving"",""grams"":100,""description"":""1 serving (100 g)""},{""unit"":""g"",""grams"":1}]","Open Food Facts (ODbL)"
69a0b1a5-dfca-4b89-a4b1-fb854cafa00c,off,"Cadbury 5 Star Oreo Centre Filled Chocolate Bar 40 g","Cadbury",7622201796174,521,4.3,62.9,18,28.1,50.6,0,"[{""unit"":""serving"",""grams"":42,""description"":""42.0g""},{""unit"":""g"",""grams"":1}]","Open Food Facts (ODbL)"
3b254505-a26b-489a-9b02-405f076a223a,off,"Bournville 50% Dark","Cadbury",7622202030840,533,6.4,56.8,32.8,0,0,0,"[{""unit"":""serving"",""grams"":100,""description"":""100 g""},{""unit"":""g"",""grams"":1}]","Open Food Facts (ODbL)"
2099559a-8cfd-4764-b1da-2fd0e81da2f4,off,"5 Star","Cadbury",7622202210433,444,3.3,72.9,15.9,0,55.5,0,"[{""unit"":""serving"",""grams"":38,""description"":""1 portion (38 g)""},{""unit"":""g"",""grams"":1}]","Open Food Facts (ODbL)"
68c9c790-ace7-415c-9d85-778f9672d655,off,"Gems","Cadbury",7622202216695,469,3.5,75.9,17.5,0,70.8,38,"[{""unit"":""serving"",""grams"":100,""description"":""100g""},{""unit"":""g"",""grams"":1}]","Open Food Facts (ODbL)"
b812b12a-fdf3-4776-a216-3b1b421c04cc,off,"Cadbury Gems","Cadbury is sold by Mondelez International",7622202216749,469,3.5,75.9,17.5,0,70.8,38,"[{""unit"":""serving"",""grams"":23.7,""description"":""23.7 g""},{""unit"":""g"",""grams"":1}]","Open Food Facts (ODbL)"
5855480d-0aad-4fa5-93e9-e189c0056cfd,off,"Cadbury Chocobakes 17gm","Cadbury",7622202216916,466,3.8,64.2,21.9,0,40.3,203,"[{""unit"":""serving"",""grams"":100,""description"":""100g""},{""unit"":""g"",""grams"":1}]","Open Food Facts (ODbL)"
f24a8cbf-23b0-4164-8e95-fa3c264eaebb,off,"Dairy Milk Mini Treats","Cadbury",7622202220968,532,7.8,60.4,29.2,0,57,129,"[{""unit"":""serving"",""grams"":7,""description"":""7 g""},{""unit"":""g"",""grams"":1}]","Open Food Facts (ODbL)"
2f89580a-a955-4298-8af1-b2461467ee51,off,"Silk Deserts Brownie","Cadbury Dairy Milk",7622202225024,557,8.1,50.9,36.3,2.1,40.6,141,"[{""unit"":""serving"",""grams"":20,""description"":""20 g""},{""unit"":""g"",""grams"":1}]","Open Food Facts (ODbL)"
bc31eefd-032a-46ef-8f41-806990eb7468,off,"Original Oreo","Cadbury",7622202225512,483,5.2,71.9,19.6,0,38.9,420,"[{""unit"":""serving"",""grams"":100,""description"":""12 biscuits (100 g)""},{""unit"":""g"",""grams"":1}]","Open Food Facts (ODbL)"
3eaeb99c-7b7a-4dd4-bf5c-6bb9c4859a73,off,"Original Oreo","Oreo",7622202236914,483,5.2,71.9,19.6,0,38.9,420,"[{""unit"":""serving"",""grams"":16.7,""description"":""16.7g""},{""unit"":""g"",""grams"":1}]","Open Food Facts (ODbL)"
e6c31203-34c5-490e-a822-891a5d440b8d,off,"Cadbury Dairy Milk","Cadbury",7622202245558,532,7.8,60.4,29.2,0,0,0,"[{""unit"":""serving"",""grams"":100,""description"":""100 g""},{""unit"":""g"",""grams"":1}]","Open Food Facts (ODbL)"
77fb0b40-7884-4a74-98d5-61611376a31a,off,"Oreo 5 Pack","Cadbury",7622202253638,483,5.2,71.9,19.6,0,0,0,"[{""unit"":""serving"",""grams"":100,""description"":""100g""},{""unit"":""g"",""grams"":1}]","Open Food Facts (ODbL)"
a1cb00ed-850d-4762-97a5-b300afcf39b0,off,"Dairy Milk Silk Bubbly Chocolate","Cadbury",7622202271861,545,7.5,58.5,30,0,55,125,"[{""unit"":""serving"",""grams"":20,""description"":""1 portion (20 g)""},{""unit"":""g"",""grams"":1}]","Open Food Facts (ODbL)"
098e9acc-6ee2-4017-80aa-9559e0634be2,off,"Silk Ganache","Cadbury Dairy Milk",7622202290756,566,8.7,51.4,36.8,0,46.6,104,"[{""unit"":""serving"",""grams"":20,""description"":""20 g""},{""unit"":""g"",""grams"":1}]","Open Food Facts (ODbL)"
b9d7a133-978b-4b99-a946-54da8863cc5d,off,"Caramelized cookie","Lot",7622202308697,476,6,73,18,0,37,369,"[{""unit"":""serving"",""grams"":25,""description"":""25g""},{""unit"":""g"",""grams"":1}]","Open Food Facts (ODbL)"
3a86dad8-c811-4cae-ba42-aaf6644756ac,off,"5 Star Chocolate Bar","Cadbury",7622202318078,444,3.3,72.9,15.9,0,55.5,170,"[{""unit"":""serving"",""grams"":18,""description"":""18g""},{""unit"":""g"",""grams"":1}]","Open Food Facts (ODbL)"
b5d23517-99fe-40dd-a1fe-de06551b9fe5,off,"Dairy Milk Chocolate",,7622202324260,531,7.9,60.4,29,0,57,129,"[{""unit"":""serving"",""grams"":100,""description"":""100g""},{""unit"":""g"",""grams"":1}]","Open Food Facts (ODbL)"
55ca010e-5c39-49de-8dee-2ac16c5f6675,off,"Crispello","Cadbury",7622202324758,523,5.2,64.5,27.6,0,50.2,192,"[{""unit"":""serving"",""grams"":100,""description"":""100g""},{""unit"":""g"",""grams"":1}]","Open Food Facts (ODbL)"
cbf17d45-79d9-4017-adf8-1328699cba6e,off,"Dairy Milk Fruit & Nut","Cadbury",7622202324840,520,8.4,58.8,28.4,0,0,141,"[{""unit"":""serving"",""grams"":75,""description"":""75 g""},{""unit"":""g"",""grams"":1}]","Open Food Facts (ODbL)"
d68d1251-c3f1-4121-abf0-6d3bb9d3f2a9,off,"Gadour Dairy milk chocolate fruit & nut","Cadbury",7622202324871,520,8.5,58.8,28.4,0,54.4,106,"[{""unit"":""serving"",""grams"":36,""description"":""1 portion (36 g)""},{""unit"":""g"",""grams"":1}]","Open Food Facts (ODbL)"
35eac1ea-8382-4c36-b9c8-206cfc4a11e6,off,"Dairy Milk Crackle","Dairy Milk",7622202324901,516,7.7,63.6,25.8,0,51.6,236,"[{""unit"":""serving"",""grams"":36,""description"":""36 g""},{""unit"":""g"",""grams"":1}]","Open Food Facts (ODbL)"
2e20d5a0-7169-4bfd-bfd8-69ab02155fd4,off,"Cadbury Bournville","Cadbury",7622202325939,541,6.1,58,31.6,6.6,43.7,14,"[{""unit"":""serving"",""grams"":20,""description"":""20g""},{""unit"":""g"",""grams"":1}]","Open Food Facts (ODbL)"
cc8df931-9e06-42eb-82f5-683ef3070262,off,"Bournville Intense 70% Dark","Cadbury",7622202325960,598,7.6,40.7,47.4,0,24.4,0,"[{""unit"":""serving"",""grams"":100,""description"":""1 portion (100 g)""},{""unit"":""g"",""grams"":1}]","Open Food Facts (ODbL)"
de36a2cc-96c1-4fdf-8811-69adc663704b,off,"50% Dark Chocolate","Cadbury Bournville",7622202325991,543,5.6,56.9,34.3,0,45.1,16,"[{""unit"":""serving"",""grams"":20,""description"":""1 serving (20 g)""},{""unit"":""g"",""grams"":1}]","Open Food Facts (ODbL)"
77303031-5f25-44b3-95d3-bde197ae4325,off,"Cadbury Dairy Milk Silk Roast Almond","Cadbury",7622202326172,560,9.7,52.7,35.2,0,46.7,104,"[{""unit"":""serving"",""grams"":52,""description"":""52 g""},{""unit"":""g"",""grams"":1}]","Open Food Facts (ODbL)"
db62307d-2d2c-4ad1-8c5e-cfcaa149bd8b,off,"Dairy Milk (Classic milk chocolate variant)","Cadbury",7622202329494,531,7.9,60.4,29,0,57,129,"[{""unit"":""serving"",""grams"":20,""description"":""20 g""},{""unit"":""g"",""grams"":1}]","Open Food Facts (ODbL)"
cd30cf95-ccca-408b-82c4-040c3364751f,off,"Fruit And Nut","Dairy Milk",7622202329555,520,8.5,58.8,28.5,0,0,106,"[{""unit"":""serving"",""grams"":100,""description"":""100g""},{""unit"":""g"",""grams"":1}]","Open Food Facts (ODbL)"
63024c2a-89ee-4056-a925-b8560fe0d64e,off,"Brownie","Cadbury",7622202329630,438,5,61,19,0,37,207,"[{""unit"":""serving"",""grams"":38,""description"":""38 g""},{""unit"":""g"",""grams"":1}]","Open Food Facts (ODbL)"
33a291f3-0f66-4115-b36e-b75dbd584909,off,"dairy milk","Dairy Milk",7622202334009,525,6.8,62.6,27.9,0,58.8,107,"[{""unit"":""serving"",""grams"":11,""description"":""1 mini (11 g)""},{""unit"":""g"",""grams"":1}]","Open Food Facts (ODbL)"
3df04c33-434c-471d-9543-9381711ff944,off,"CADBURY NUTTIES CHOCOLATE 30G","Cadbury",7622202335488,511,5,67.2,24.5,0,61.5,117,"[{""unit"":""serving"",""grams"":100,""description"":""100 g""},{""unit"":""g"",""grams"":1}]","Open Food Facts (ODbL)"
5fbbf9ad-e883-4d0c-ac2e-65a881ffae5e,off,"Diary Milk Silk","Diary Milk",7622202342196,543,7.6,58.5,31.4,0,55.3,125,"[{""unit"":""serving"",""grams"":100,""description"":""100g""},{""unit"":""g"",""grams"":1}]","Open Food Facts (ODbL)"
a70b0cf5-8d42-4e12-95af-50e32ffadee5,off,"Milkini","Cadbury",7622202356209,547,9.7,54.4,32.4,0,52.7,170,"[{""unit"":""serving"",""grams"":100,""description"":""100g""},{""unit"":""g"",""grams"":1}]","Open Food Facts (ODbL)"
99e17612-22ae-4892-a2dd-024d5ff26421,off,"Dairy Milk Chocolate","Cadbury",7622202398735,532,7.8,60.4,29.2,0,0,0,"[{""unit"":""serving"",""grams"":20,""description"":""20 g""},{""unit"":""g"",""grams"":1}]","Open Food Facts (ODbL)"
7dbdbac3-e4a5-4edf-bc03-0cfd780cf58e,off,"Dairy Milk Crackle Chocolate","Cadbury",7622202815096,507,7.1,65.3,24.6,0,53.3,94,"[{""unit"":""serving"",""grams"":10.5,""description"":""10.5g""},{""unit"":""g"",""grams"":1}]","Open Food Facts (ODbL)"
3184098a-3f14-42eb-aa0f-f1edeb24b41e,off,"Tang Instant Drink Mix","Tang",7622202820946,389,0,93.9,0,0,92.9,35,"[{""unit"":""serving"",""grams"":17.2,""description"":""17.2g""},{""unit"":""g"",""grams"":1}]","Open Food Facts (ODbL)"
2981ee60-6477-42f1-a7ec-86d96f37cfb7,off,"Vanilla Flavored (Golden)","Oreo",7622202836619,492,4,72,20,0,37,282,"[{""unit"":""serving"",""grams"":100,""description"":""100g""},{""unit"":""g"",""grams"":1}]","Open Food Facts (ODbL)"
a8fb4522-c8f8-4097-952e-64b8b28cb0ca,off,"Cadbury Fuse","Cadbury",7622202846816,549,9.5,51.6,34.6,0,39.9,220,"[{""unit"":""serving"",""grams"":100,""description"":""100g""},{""unit"":""g"",""grams"":1}]","Open Food Facts (ODbL)"
eb363bed-880e-4bb1-8725-23f86d32c9e4,off,"Cheese Spread","Philadelphia Original",7622210624918,223,5.3,4.7,20.3,0.3,4.7,300,"[{""unit"":""serving"",""grams"":30,""description"":""30g""},{""unit"":""g"",""grams"":1}]","Open Food Facts (ODbL)"
8cf57a84-51b4-4c70-accb-2054b47d7606,off,"Lait noisettes","Coop Prix Garantie",7627536958983,583,7.9,48,39,4,42,48,"[{""unit"":""serving"",""grams"":16.6,""description"":""1 Row (16.6 g)""},{""unit"":""g"",""grams"":1}]","Open Food Facts (ODbL)"
3d2649e6-a8aa-46d4-b705-aba41315c36f,off,"Ferrero Rocher","Ferrero rocher",8000500126936,584,8,48,40,0,40,80,"[{""unit"":""serving"",""grams"":100,""description"":""100g""},{""unit"":""g"",""grams"":1}]","Open Food Facts (ODbL)"
320d017e-695b-4a0a-951c-15ad605c96c0,off,"Kinder Joy","Ferrero",8000500394847,550,8.2,56.5,32,0,51,393,"[{""unit"":""serving"",""grams"":20,""description"":""1 serving (20 g)""},{""unit"":""g"",""grams"":1}]","Open Food Facts (ODbL)"
01638d79-c628-42ed-b8aa-088b331be8bc,off,"Tic tac strawberry","Tic Tac",8000500410974,397,0,0,0.4,0,90.8,0,"[{""unit"":""serving"",""grams"":100,""description"":""100g""},{""unit"":""g"",""grams"":1}]","Open Food Facts (ODbL)"
4f45bded-6d7d-4eeb-b9e5-ccd042d8b5a1,off,"Schokobons crispy","kinder",8000500418512,528,7.5,59.5,28.5,0,50.7,48,"[{""unit"":""serving"",""grams"":100,""description"":""100g""},{""unit"":""g"",""grams"":1}]","Open Food Facts (ODbL)"
0290933d-d990-442e-9318-2e9943620d47,off,"Kinder joy boy","Ferrero",80135890,550,8.2,56.5,32,0,51,127,"[{""unit"":""serving"",""grams"":100,""description"":""100g""},{""unit"":""g"",""grams"":1}]","Open Food Facts (ODbL)"
8f8a8844-8069-4ffc-989b-ad560702c219,off,"nutella","Ferrero",80177173,539,6.3,57.5,30.9,0,56.3,43,"[{""unit"":""serving"",""grams"":15,""description"":""15 g""},{""unit"":""g"",""grams"":1}]","Open Food Facts (ODbL)"
d9604ebc-1172-48d5-bbad-7ee6d8246ce3,off,"健達奇趣蛋(女孩版)","Kinder",80768258,550,10,55,30,0,50,624,"[{""unit"":""serving"",""grams"":20,""description"":""20g""},{""unit"":""g"",""grams"":1}]","Open Food Facts (ODbL)"
ec864c72-ef0a-4648-a877-7a6ba221e927,off,"Kinder Creamy Milky & Crunchy","Ferrero",80824107,539,8.4,55.4,31.3,0.9,48.8,134,"[{""unit"":""serving"",""grams"":19,""description"":""19 g""},{""unit"":""g"",""grams"":1}]","Open Food Facts (ODbL)"
5317907b-d335-476b-81c4-c7f1ae070625,off,"Garlic","Fresho!",81000011400100,111,5.3,18.6,0.2,5.8,1.2,9,"[{""unit"":""serving"",""grams"":100,""description"":""100g""},{""unit"":""g"",""grams"":1}]","Open Food Facts (ODbL)"
3a35b3af-04d3-4152-b927-873391d7a363,off,"Carrot","Fresho!",81000071400255,40,0.6,7.6,0.2,2.7,6,43,"[{""unit"":""serving"",""grams"":100,""description"":""100g""},{""unit"":""g"",""grams"":1}]","Open Food Facts (ODbL)"
8ab0d5e1-e130-405b-ade9-2a92b852d8a8,off,"Nature valley crunchy","Nature valley",8410076601445,479,10.2,59.8,20.7,6.6,25.6,356,"[{""unit"":""serving"",""grams"":42,""description"":""42g""},{""unit"":""g"",""grams"":1}]","Open Food Facts (ODbL)"
ee42aef3-c362-4292-9861-0414aff31ce6,off,"Fígaro Extra Virgin Olive Oil (Imported)","Figaro",8410125211700,821,0,0,91,0,0,0,"[{""unit"":""serving"",""grams"":15,""description"":""15ml""},{""unit"":""g"",""grams"":1}]","Open Food Facts (ODbL)"
98c9e65d-29f4-48ba-bd45-32a73dd95d04,off,"Figaro",,8410125600467,900,0.2,0,99.9,0,0,2,"[{""unit"":""serving"",""grams"":100,""description"":""100g""},{""unit"":""g"",""grams"":1}]","Open Food Facts (ODbL)"
a44a914b-1b5d-402f-a91a-9dcb754e117c,off,"Spaghetti","Borges",8410179007496,359,13,72,1.5,2.9,0,0,"[{""unit"":""serving"",""grams"":100,""description"":""1 portion (100 g)""},{""unit"":""g"",""grams"":1}]","Open Food Facts (ODbL)"
b3920f40-8dd5-4ddb-a39e-5df56412da51,off,"Chorizo Barbecue","Noel",8410783122813,478,20,2.7,43,0,1.4,1120,"[{""unit"":""serving"",""grams"":100,""description"":""100g""},{""unit"":""g"",""grams"":1}]","Open Food Facts (ODbL)"
cdc9dfaf-cdb6-4478-9552-804023568f36,off,"Barritas de platano y chocolate","Alteza",8480024754288,424,5.8,69,13,0,29,160,"[{""unit"":""serving"",""grams"":100,""description"":""100g""},{""unit"":""g"",""grams"":1}]","Open Food Facts (ODbL)"
c36c6738-a6b9-40ab-b55e-26fecfae4769,off,"Barbecue-Sauce","Remia",8710448632863,80,1,18,0,0,0,0,"[{""unit"":""serving"",""grams"":100,""description"":""100g""},{""unit"":""g"",""grams"":1}]","Open Food Facts (ODbL)"
f89a9a2e-5509-4447-b2f0-9c00500d7f35,off,"Ketchup P'tits Heinz","Heinz",8715700033235,77,1.7,16.7,0.4,0,15.9,920,"[{""unit"":""serving"",""grams"":2,""description"":""2g""},{""unit"":""g"",""grams"":1}]","Open Food Facts (ODbL)"
56ec84df-57cb-4ccb-8aae-1573fe9affc6,off,"NONGSP 席 GOURMET SPICY SPICY & CREAMY FLAVOUR Toom","Shin Ramyun",8801043018470,425,13,59,13,10.9,5.2,983,"[{""unit"":""serving"",""grams"":137,""description"":""137 g""},{""unit"":""g"",""grams"":1}]","Open Food Facts (ODbL)"
b389ee07-97b1-4473-9c79-d950d924a717,off,"SHIN RAMYUN kpoptészta","NONGSHIM",8801043150620,424,8.6,66,14,0,2.6,1480,"[{""unit"":""serving"",""grams"":120,""description"":""1 packet (120 g)""},{""unit"":""g"",""grams"":1}]","Open Food Facts (ODbL)"
e0b195b9-0978-4a46-a977-b028bb637f16,off,"Buldak HOT Chicken Flavor Ramen","Samyang",8801073115378,407,10,60,14.3,2.4,8.6,814,"[{""unit"":""serving"",""grams"":140,""description"":""1 portion (140 g)""},{""unit"":""g"",""grams"":1}]","Open Food Facts (ODbL)"
29c9ef26-cdd2-4e18-82b1-b83443a86455,off,"Korean Veg Dumplings","Good Seoul",8809950200391,160,9.1,22.4,4.7,4.2,3.3,541,"[{""unit"":""serving"",""grams"":85,""description"":""1 portion (85 g)""},{""unit"":""g"",""grams"":1}]","Open Food Facts (ODbL)"
56b80fdc-7c9e-463c-8431-00425382a794,off,"Mogu lychee","Sappe Public Company Limited",8850389100684,53,0,13,0,0.5,12,20,"[{""unit"":""serving"",""grams"":320,""description"":""320g""},{""unit"":""g"",""grams"":1}]","Open Food Facts (ODbL)"
6fc3c423-a6db-400d-80e2-1c702900a74e,off,"Mogu Mogu Strawberry Juice","Sappe Public Company Limited",8850389100691,56,0,13.8,0,0.3,13.4,50,"[{""unit"":""serving"",""grams"":320,""description"":""1 bottle (320 ml)""},{""unit"":""g"",""grams"":1}]","Open Food Facts (ODbL)"
5259ded5-2138-450e-b698-28dd8a6b3737,off,"MANGO FLAVORED DRINK WITH NATA DE COCO","MOGU MOGU",8850389100769,50,0,12.8,0,0.3,12.5,36,"[{""unit"":""serving"",""grams"":320,""description"":""1 serving (320 ml)""},{""unit"":""g"",""grams"":1}]","Open Food Facts (ODbL)"
71102982-1167-418a-ad7a-7e880843e13e,off,"Real Almond Milk","137 Degrees",8854761951413,33,1.1,0.6,2.8,0,0,6,"[{""unit"":""serving"",""grams"":180,""description"":""1 portion (180 ml)""},{""unit"":""g"",""grams"":1}]","Open Food Facts (ODbL)"
b3980e49-9cd0-4d39-9ebb-54740aad4b87,off,"Pringles - Original","Pringles",8886467100277,523,5,62.8,27.9,0,0.4,469,"[{""unit"":""serving"",""grams"":25,""description"":""25 g""},{""unit"":""g"",""grams"":1}]","Open Food Facts (ODbL)"
d76420ce-8427-4059-a59f-5557df266c3a,off,"PRINGLES ( ORIGINAL )","Pringles",8886467122392,523,5,62.8,27.9,0,0.4,468,"[{""unit"":""serving"",""grams"":25,""description"":""25g""},{""unit"":""g"",""grams"":1}]","Open Food Facts (ODbL)"
1a525f62-e799-4f21-b57e-0e2e116ccfd5,off,"Potato chips","Pringles",8886467122408,541,5,57.6,30.9,0,3.2,642,"[{""unit"":""serving"",""grams"":100,""description"":""100g""},{""unit"":""g"",""grams"":1}]","Open Food Facts (ODbL)"
359b1dc1-24d3-408c-b3a8-d552bed315d3,off,"Pringles","Pringles",8886467122415,514,5.7,61.1,27.4,0,2.4,677,"[{""unit"":""serving"",""grams"":100,""description"":""100g""},{""unit"":""g"",""grams"":1}]","Open Food Facts (ODbL)"
2f5d3c6b-e70e-42e3-8049-a8974593782d,off,"Pringles Desi Masala Tadka Flavour","Pringles",8886467122439,518,4.7,61.2,28.3,0,1.5,837,"[{""unit"":""serving"",""grams"":25,""description"":""25 g""},{""unit"":""g"",""grams"":1}]","Open Food Facts (ODbL)"
c15b6745-6491-4517-9e93-05d20d70b2cb,off,"Pringles - South African Style Periperi Flavour","Pringles",8886467122446,522,5.2,61.5,28.5,0,2,592,"[{""unit"":""serving"",""grams"":25,""description"":""25 g""},{""unit"":""g"",""grams"":1}]","Open Food Facts (ODbL)"
1caa36e4-fa72-44a2-ae3f-fd02ae5a5369,off,"pringles","Pringles",8886467122866,523,5,62.8,27.9,0,0.4,469,"[{""unit"":""serving"",""grams"":100,""description"":""100 g""},{""unit"":""g"",""grams"":1}]","Open Food Facts (ODbL)"
d895ba11-7ff2-4b01-a3c4-01bcb602c114,off,"pringls","Pringles",8886467122873,541,5,57.6,30.9,0,3.2,642,"[{""unit"":""serving"",""grams"":100,""description"":""100g""},{""unit"":""g"",""grams"":1}]","Open Food Facts (ODbL)"
c6d3da33-b5bb-487b-8560-a1a831b5aa4f,off,"Pringles original","Pringles",8886467124716,523,5,62.8,27.9,0,0.4,469,"[{""unit"":""serving"",""grams"":100,""description"":""1 portion (100 g)""},{""unit"":""g"",""grams"":1}]","Open Food Facts (ODbL)"
cedb9bd8-2d97-472d-9118-2b7fe80b2f34,off,"Pringles sour cream 40g",,8886467124723,541,5,57.6,30.9,1.5,3.2,642,"[{""unit"":""serving"",""grams"":100,""description"":""100g""},{""unit"":""g"",""grams"":1}]","Open Food Facts (ODbL)"
37d395f2-f745-40ce-ab4b-90698ceffa8e,off,"Roasted & Salted Cashews","Wonderland",8900404114308,574,15,33,46,3,5,640,"[{""unit"":""serving"",""grams"":100,""description"":""100g""},{""unit"":""g"",""grams"":1}]","Open Food Facts (ODbL)"
a890fa63-738b-4696-8e07-9df2513be0af,off,"Cup noodles chili chili","Nissin",8901014000203,444,10.2,52.3,20.3,0,6.3,1700,"[{""unit"":""serving"",""grams"":100,""description"":""100g""},{""unit"":""g"",""grams"":1}]","Open Food Facts (ODbL)"
67eddb8c-26ce-45fa-a5d5-57e036e9714f,off,"nissin noodels","Nissin",8901014000425,493,5.4,66.5,22.1,0,4.2,0,"[{""unit"":""serving"",""grams"":100,""description"":""1 portion (100 g)""},{""unit"":""g"",""grams"":1}]","Open Food Facts (ODbL)"
69c53be7-0d0e-4400-af3c-fa72d0bb884b,off,"Top Ramen Masala Noodles","Nissin",8901014002054,460,8.9,67.9,16,0,2.2,2004,"[{""unit"":""serving"",""grams"":60,""description"":""60 g""},{""unit"":""g"",""grams"":1}]","Open Food Facts (ODbL)"
7fbc42f9-d8ab-4991-a082-4c3a45b360cd,off,"Top Ramen","Nissin",8901014002566,459,9.2,66.8,16.2,0,1.9,1542,"[{""unit"":""serving"",""grams"":70,""description"":""70g""},{""unit"":""g"",""grams"":1}]","Open Food Facts (ODbL)"
1777fe53-886a-4aa4-9d9e-050f78634de3,off,"Mazeder  masala 70 g","Nissin",8901014004737,477,9.6,69,16.8,0,3.4,1428,"[{""unit"":""serving"",""grams"":70,""description"":""1 pack (70 g)""},{""unit"":""g"",""grams"":1}]","Open Food Facts (ODbL)"
199f7160-8944-4e45-b3ba-9e0569e94be1,off,"cup noodles","Nissin",8901014004836,468,8.5,64.9,18,0,3,1400,"[{""unit"":""serving"",""grams"":70,""description"":""70g""},{""unit"":""g"",""grams"":1}]","Open Food Facts (ODbL)"
67493f0d-39fe-48de-a66e-493b72035a23,off,"Cup noodles Rogan  josh","Cup Noodles",8901014012114,485,12.2,59.9,20.3,0,5.2,1440,"[{""unit"":""serving"",""grams"":100,""description"":""100 g""},{""unit"":""g"",""grams"":1}]","Open Food Facts (ODbL)"
47d44dd1-58d1-436b-82f1-c8f573fc2d8c,off,"Choco Bar Mini",,8901030677601,292,3.3,27.1,20.8,0,22.5,50,"[{""unit"":""serving"",""grams"":24,""description"":""24 g""},{""unit"":""g"",""grams"":1}]","Open Food Facts (ODbL)"
42e9ad0c-7b4a-4766-ad0a-e6194c2797b9,off,"No onion no garlic","Kissan",8901030702679,133,1.1,30.9,0.4,0.6,29.2,689,"[{""unit"":""serving"",""grams"":100,""description"":""100g""},{""unit"":""g"",""grams"":1}]","Open Food Facts (ODbL)"
544473e0-fc9d-44db-b714-168a840d735d,off,"Vanilla Ice Cream","Kwality Walls",8901030735097,225,3.8,24.3,12.5,0.2,22.5,68,"[{""unit"":""serving"",""grams"":53,""description"":""53 g""},{""unit"":""g"",""grams"":1}]","Open Food Facts (ODbL)"
7bb78c3a-2391-4e6b-b5c5-12a8966386c2,off,"Horlicks Lite Regular Malt 450g pet","Horlicks",8901030824937,367,13,74,2.1,0,45,400,"[{""unit"":""serving"",""grams"":100,""description"":""100g""},{""unit"":""g"",""grams"":1}]","Open Food Facts (ODbL)"
9319a6c4-8988-498f-8288-e1f2380b089e,off,"kissan mixed fruit jam","kissan",8901030831690,285,0.3,70.5,0.1,0.8,68.1,51,"[{""unit"":""serving"",""grams"":20,""description"":""1 serve (20 g)""},{""unit"":""g"",""grams"":1}]","Open Food Facts (ODbL)"
c9f98a70-7cca-416a-84e2-4b3e1f02f6c5,off,"Mixed fruit Jam","Kissan",8901030831706,287,0,70.7,0,0.7,68.7,51,"[{""unit"":""serving"",""grams"":100,""description"":""100g""},{""unit"":""g"",""grams"":1}]","Open Food Facts (ODbL)"
23abc288-59d0-4cba-964a-7f0239785ee4,off,"Kissan Jam","Kissan",8901030851070,285,0.3,70.5,0.1,0.8,62.6,51,"[{""unit"":""serving"",""grams"":100,""description"":""100g""},{""unit"":""g"",""grams"":1}]","Open Food Facts (ODbL)"
bd9d01ca-d62e-48a6-a472-e24bffee2be4,off,"Real mayonnaise","Hellmann’s",8901030872693,75,0,1,7.9,0,0,108,"[{""unit"":""serving"",""grams"":15,""description"":""1 portion (15 g)""},{""unit"":""g"",""grams"":1}]","Open Food Facts (ODbL)"
da09dc3a-d120-4c78-b6c0-062ef6712268,off,"Red Label","Brooke Bond",8901030876998,0,0,0,0,0,0,2,"[{""unit"":""serving"",""grams"":100,""description"":""100g""},{""unit"":""g"",""grams"":1}]","Open Food Facts (ODbL)"
32b9e3de-c448-4acf-aaa7-d19f65915115,off,"double chocolate cornetto","Kwality Walls",8901030891830,182,2.2,19.6,10.5,1.5,15.6,85000,"[{""unit"":""serving"",""grams"":100,""description"":""100g""},{""unit"":""g"",""grams"":1}]","Open Food Facts (ODbL)"
96fb806f-a3f1-4949-9a58-ec4155014f28,off,"Kwality Wall's Cornetto - Butterscotch","Kwality Wall's",8901030891847,313,4.8,38.4,16,1.8,28.2,105,"[{""unit"":""serving"",""grams"":62,""description"":""62 g""},{""unit"":""g"",""grams"":1}]","Open Food Facts (ODbL)"
13849a85-8c2c-48af-b734-cc1b1cc733de,off,"Choco Vanilla Cornetto","Kwality Walls",8901030891854,273,5.2,37.1,11.9,1.9,24.7,111,"[{""unit"":""serving"",""grams"":62,""description"":""62 g""},{""unit"":""g"",""grams"":1}]","Open Food Facts (ODbL)"
d9314474-c353-42af-aa7b-f1a8f310a749,off,"knorr Thick tomato soup","knorr",8901030900105,28,0.4,5.6,0.4,0.4,2.7,310,"[{""unit"":""serving"",""grams"":100,""description"":""100g""},{""unit"":""g"",""grams"":1}]","Open Food Facts (ODbL)"
3e105d7b-5cb1-439d-8c64-64e6f5f8ccd2,off,"Hot and sour vegetable soup","Knorr",8901030900112,341,4.9,72.2,2.9,3.9,15.6,3912,"[{""unit"":""serving"",""grams"":100,""description"":""100g""},{""unit"":""g"",""grams"":1}]","Open Food Facts (ODbL)"
63b91468-5d13-4ddc-8000-77fb95d2e803,off,"knorr","Knorr",8901030900280,348,13,61.4,5.9,1.1,17.2,3517,"[{""unit"":""serving"",""grams"":100,""description"":""100 g""},{""unit"":""g"",""grams"":1}]","Open Food Facts (ODbL)"
739e3c55-da9e-4204-9af1-919f5d31f421,off,"knorr hong kong manchow soup","Knorr",8901030900297,360,5.2,71.6,6.2,0,14.6,4374,"[{""unit"":""serving"",""grams"":11,""description"":""1 serving (11 g)""},{""unit"":""g"",""grams"":1}]","Open Food Facts (ODbL)"
7925a8ab-c892-4e34-a4e9-a01bb09b710f,off,"International Mexican Tomato Corn Soup","Knorr",8901030900303,336,6.2,73,2.9,4.9,33.8,4515,"[{""unit"":""serving"",""grams"":162.5,""description"":""1 portion (162.5 g)""},{""unit"":""g"",""grams"":1}]","Open Food Facts (ODbL)"
cd110384-ba5d-44a2-af2a-3880a6670dc0,off,"Knorr hot & sour veg soup","Knorr",8901030902369,314,4.8,69.5,2.9,3.8,14.3,6,"[{""unit"":""serving"",""grams"":10.5,""description"":""10.5 g""},{""unit"":""g"",""grams"":1}]","Open Food Facts (ODbL)"
8eaffbe7-e739-47c9-8ad4-ebc0a970b86a,off,"3 Roses","Brooke Bond is sold by Hindustan Unilever Ltd. (HUL)",8901030985843,0,0,0,0,0,0,2,"[{""unit"":""serving"",""grams"":100,""description"":""100g""},{""unit"":""g"",""grams"":1}]","Open Food Facts (ODbL)"
e0dccc3e-22d3-4835-841f-b50072e0bf56,off,"Horlicks chocolate delight flavour 500g pet","Horlicks",8901030985973,360,7,81,2,5,0,349,"[{""unit"":""serving"",""grams"":20,""description"":""20 g""},{""unit"":""g"",""grams"":1}]","Open Food Facts (ODbL)"
e2f73f3d-2744-4c04-8d99-3f029eb0cb42,off,"Chocolate Delight flavour","Horlicks",8901030986048,360,7,81,2,0,46,350,"[{""unit"":""serving"",""grams"":100,""description"":""Nutrients per 100g""},{""unit"":""g"",""grams"":1}]","Open Food Facts (ODbL)"
1b62d574-fc7b-4838-b40e-e83bd7b9b362,off,"Knorr Schezwan Sauce 200 g","Knorr",8901030987007,134,1.7,18.7,6,2.3,11.5,2162,"[{""unit"":""serving"",""grams"":20,""description"":""20 g""},{""unit"":""g"",""grams"":1}]","Open Food Facts (ODbL)"
1a3705a1-776c-428e-a8c5-fb1c25752c8c,off,"MTR DOSA","MTR",8901042957968,378,13.3,64.4,6.7,6.7,0,1333,"[{""unit"":""serving"",""grams"":100,""description"":""100g""},{""unit"":""g"",""grams"":1}]","Open Food Facts (ODbL)"
57ec6b68-d073-4b20-993c-846a68d4830b,off,"Gulab Jamun","MTR",8901042969725,390,14,60,10.4,0,3.3,0,"[{""unit"":""serving"",""grams"":5,""description"":""5 g""},{""unit"":""g"",""grams"":1}]","Open Food Facts (ODbL)"
f9f74af6-10fc-4ebe-958b-4a400137728f,off,"Mapro Mix Fruit Jam","Mapro",8901044250197,265,0.1,68,0,0,67,22,"[{""unit"":""serving"",""grams"":20,""description"":""20 g""},{""unit"":""g"",""grams"":1}]","Open Food Facts (ODbL)"
48980d47-b23c-4bf8-b39a-b95ae866ca7b,off,"Dal Makhani","Kohinoor",8901047816208,91,5.1,9.1,2.9,4.2,1,283,"[{""unit"":""serving"",""grams"":100,""description"":""1 serving (100 g)""},{""unit"":""g"",""grams"":1}]","Open Food Facts (ODbL)"
0e353b9c-4912-47fb-a107-9daf365e0ac8,off,"Tata Soulfull Mast misal","Tata",8901052009114,383,8.7,68.5,8.2,14.4,8.3,2431,"[{""unit"":""serving"",""grams"":32,""description"":""1 serving (32 g)""},{""unit"":""g"",""grams"":1}]","Open Food Facts (ODbL)"
467a3b6d-e4da-4ac7-ad2b-2dd0b796eab7,off,"Awadhi Style Shahi Paneer Mix","Tata Sampann",8901052010127,322,8.9,67.4,1.9,0,51.2,6384,"[{""unit"":""serving"",""grams"":100,""description"":""100g""},{""unit"":""g"",""grams"":1}]","Open Food Facts (ODbL)"
6e4aee81-e94a-45d5-8e19-a513ff08ec0f,off,"Amritsari Style Panner Tikka Mix","Tata Sampann",8901052010141,342,10.2,62.7,5.6,0,34.6,5163,"[{""unit"":""serving"",""grams"":100,""description"":""100g""},{""unit"":""g"",""grams"":1}]","Open Food Facts (ODbL)"
5f2e1bdf-7bf4-4182-8776-93fc064611ab,off,"Punjabi Style Matar Paneer Mix","Tata Sampann",8901052010172,325,9.7,65.3,2.7,0,31,4593,"[{""unit"":""serving"",""grams"":100,""description"":""100g""},{""unit"":""g"",""grams"":1}]","Open Food Facts (ODbL)"
b0f1f858-0ae1-4da7-93ad-bf971c61fd9b,off,"premium desh ki chai","Tata Tea",8901052030460,0,0,0,0,0,0,2,"[{""unit"":""serving"",""grams"":100,""description"":""100g""},{""unit"":""g"",""grams"":1}]","Open Food Facts (ODbL)"
22e1dbfa-32a8-467a-8742-b1c33672de44,off,"maggi","Nestlé",8901058000290,384,8.2,59.6,12.5,0,1.8,1028,"[{""unit"":""serving"",""grams"":70,""description"":""70 g""},{""unit"":""g"",""grams"":1}]","Open Food Facts (ODbL)"
795c574d-1699-4bf6-bf51-77127a2d869e,off,"Maggi noodles masala","Nestle",8901058000306,443,8.6,60,18.6,2.9,1.4,1029,"[{""unit"":""serving"",""grams"":70,""description"":""1 portion (70 g)""},{""unit"":""g"",""grams"":1}]","Open Food Facts (ODbL)"
70442d28-a682-4652-8d92-144142d2971d,off,"(MAGGI) Rich Tomato Sauce 485Gram","Maggi",8901058004922,140,0,33.4,0,1.4,32,1028,"[{""unit"":""serving"",""grams"":25,""description"":""1 portion (25 g)""},{""unit"":""g"",""grams"":1}]","Open Food Facts (ODbL)"
f1316acb-7476-4393-bd22-a12c18980883,off,"Munch Max","Nestlé",8901058005080,430,5.6,49.8,23.2,0,34.3,79,"[{""unit"":""serving"",""grams"":42,""description"":""1 chocolate (42 g)""},{""unit"":""g"",""grams"":1}]","Open Food Facts (ODbL)"
b2577960-d5cc-4857-a5e6-893de0dc1bc8,off,"Kitkat mini chocolate coated wafer","KitKat",8901058005233,438,6.4,47.4,24.8,0,35.1,97,"[{""unit"":""serving"",""grams"":11.9,""description"":""11.9 g""},{""unit"":""g"",""grams"":1}]","Open Food Facts (ODbL)"
3b662133-472a-4b2f-978a-5097cb6b0c8d,off,"Masala Veg Atta Noodles with Spinach","Maggi",8901058006100,316,8.8,49,10.9,0,0,0,"[{""unit"":""serving"",""grams"":72.5,""description"":""1 portion (72.5 g)""},{""unit"":""g"",""grams"":1}]","Open Food Facts (ODbL)"
7ec5ec57-6f07-464d-af34-470c9792c6f4,off,"maggie chicken noodles","nestle",8901058006148,401,7.7,66.1,11.8,0,1.1,1000,"[{""unit"":""serving"",""grams"":71,""description"":""1 portion (71 g)""},{""unit"":""g"",""grams"":1}]","Open Food Facts (ODbL)"
f05901c6-54c2-40a1-9f04-dab6d80f9686,off,"2-Minutes Noodles","Nescafé",8901058008999,384,8.2,59.6,12.5,2.9,1.8,1028,"[{""unit"":""serving"",""grams"":70,""description"":""1 pack / 2.46Oz (70g)""},{""unit"":""g"",""grams"":1}]","Open Food Facts (ODbL)"
aea9bb99-61e7-4c5e-9c3f-79985fee1b89,off,"munch","Nestle",8901058009439,424,5.6,50.4,22.3,0,32.6,89,"[{""unit"":""serving"",""grams"":100,""description"":""1 portion (100 g)""},{""unit"":""g"",""grams"":1}]","Open Food Facts (ODbL)"
b7990828-65b9-47b8-a9bd-7e5368b592e1,off,"Masala Veg Atta Noodles","Maggi",8901058009729,314,7.7,50.4,10.3,4.5,2.5,799,"[{""unit"":""serving"",""grams"":100,""description"":""100g""},{""unit"":""g"",""grams"":1}]","Open Food Facts (ODbL)"
af434444-d666-4d83-85c8-7a7584a42344,off,"KitKat Minis","Nestle",8901058011012,444,6.6,47.5,25.3,0,37.8,78800,"[{""unit"":""serving"",""grams"":7.4,""description"":""1 finger (7.4g)""},{""unit"":""g"",""grams"":1}]","Open Food Facts (ODbL)"
281de0c1-eee4-479b-99a7-5b6690dac250,off,"Hot and Sweet Tomato Chilli Sauce","Maggi",8901058013658,135,0.4,33.8,0,0,33.3,808,"[{""unit"":""serving"",""grams"":100,""description"":""100 g""},{""unit"":""g"",""grams"":1}]","Open Food Facts (ODbL)"
59245a04-1d8b-4f25-bfd4-e98a1fa81b18,off,"Kitkat Double Choco","Nestlé",8901058013863,446,6.3,48.1,25.3,0,42.2,88,"[{""unit"":""serving"",""grams"":14,""description"":""14g""},{""unit"":""g"",""grams"":1}]","Open Food Facts (ODbL)"
6c7f08cb-4071-4489-b163-830ddc3895d0,off,"Nestle KitKat","Nestlé",8901058015171,438,6.4,47.4,24.8,0,35.1,97,"[{""unit"":""serving"",""grams"":22.1,""description"":""1 chocolate (22.1 g)""},{""unit"":""g"",""grams"":1}]","Open Food Facts (ODbL)"
f1f000b5-e0ad-4d01-8695-f29e0c886083,off,"Maggi 280g","Maggi",8901058017670,384,8.1,59.6,12.6,0,1.9,1000,"[{""unit"":""serving"",""grams"":70,""description"":""70 g""},{""unit"":""g"",""grams"":1}]","Open Food Facts (ODbL)"
71d48c9d-3834-4c6c-b6b6-6d8369ec9267,off,"maggi","Maggi",8901058017687,384,8.2,59.4,12.5,0,1.8,1000,"[{""unit"":""serving"",""grams"":70,""description"":""1 portion (70 g)""},{""unit"":""g"",""grams"":1}]","Open Food Facts (ODbL)"
a9b2074d-8083-420d-8649-683cefc4432e,off,"2 Minutes Noodles","Maggie",8901058019339,384,8.2,59.6,12.5,0,1.8,1028,"[{""unit"":""serving"",""grams"":70,""description"":""70 g""},{""unit"":""g"",""grams"":1}]","Open Food Facts (ODbL)"
3115a539-37a4-40f9-ae33-2f84d66b35f1,off,"Nestle Milkmaid Mini","Nestle",8901058021950,126,2.5,28.7,0.1,0,28.6,33,"[{""unit"":""serving"",""grams"":100,""description"":""100g""},{""unit"":""g"",""grams"":1}]","Open Food Facts (ODbL)"
97d5740b-021f-4119-bc27-8f17dbbb9857,off,"Dahi","Nestle",8901058022384,53,2.9,4.1,3,0,2.3,37,"[{""unit"":""serving"",""grams"":100,""description"":""1 portion (100 g)""},{""unit"":""g"",""grams"":1}]","Open Food Facts (ODbL)"
67431006-34da-48bc-bfc4-625e34246478,off,"Masala Veg Atta Noodles","Maggi",8901058022872,314,7.7,50.3,10.3,4.6,2.5,799,"[{""unit"":""serving"",""grams"":72.5,""description"":""72.5 g""},{""unit"":""g"",""grams"":1}]","Open Food Facts (ODbL)"
78e50110-f989-4668-9455-c2b43c19b74f,off,"KitKat Delights Hazelnut","Nestle",8901058023329,418,4.9,48,22.9,0,36.4,42,"[{""unit"":""serving"",""grams"":24,""description"":""2 fingers (24 g)""},{""unit"":""g"",""grams"":1}]","Open Food Facts (ODbL)"
8534945e-953c-4488-8f21-1ba2234ffe80,off,"Maggi 140g","Maggi",8901058023787,269,5.7,59.6,12.6,0,1.9,1000000,"[{""unit"":""serving"",""grams"":70,""description"":""70g""},{""unit"":""g"",""grams"":1}]","Open Food Facts (ODbL)"
2661d008-2344-4c3d-88ff-7515d632d0ed,off,"Maggi","Maggi",8901058023800,401,8.1,59.6,12.6,0,0,0,"[{""unit"":""serving"",""grams"":70,""description"":""1 piece (70 g)""},{""unit"":""g"",""grams"":1}]","Open Food Facts (ODbL)"
65f2870a-dcc3-4963-9296-19bc399c74e6,off,"Baby Cereal Rice","Nestlé",8901058023848,370,6,86.2,0.2,0.5,14.5,12,"[{""unit"":""serving"",""grams"":100,""description"":""100g""},{""unit"":""g"",""grams"":1}]","Open Food Facts (ODbL)"
7dd629d1-7c23-4dd9-a59c-0bc2bc9c7ff7,off,"Maggie Double Masala Instant Noodles","Maggie",8901058024425,369,7.2,55.3,13.2,0,1.7,1242,"[{""unit"":""serving"",""grams"":47.5,""description"":""47.5g""},{""unit"":""g"",""grams"":1}]","Open Food Facts (ODbL)"
954e4069-4cc5-461b-af98-349bf3ed7910,off,"Masala - a - magic","Maggi",8901058025392,166,0,30.7,2.9,9.1,13.5,10916,"[{""unit"":""serving"",""grams"":100,""description"":""100g""},{""unit"":""g"",""grams"":1}]","Open Food Facts (ODbL)"
57864a03-ef55-4ae3-8fe4-657a709ceb0b,off,"Maggi 2-minute noodles with limited edition bowl","Maggi",8901058027129,384,8.2,59.6,12.5,0,1.8,1000,"[{""unit"":""serving"",""grams"":100,""description"":""100g""},{""unit"":""g"",""grams"":1}]","Open Food Facts (ODbL)"
3628e607-ce24-4200-8e68-3a96716da510,off,"Milkybar Choo","Nestle",8901058028935,434,4.8,68.9,15.4,0,55.4,60,"[{""unit"":""serving"",""grams"":11,""description"":""1 bar (11 g)""},{""unit"":""g"",""grams"":1}]","Open Food Facts (ODbL)"
cab12629-f70b-454c-97af-33b8ef3d1800,off,"Milkybar","Nestle",8901058028959,436,5,69.8,15.1,0,52,0,"[{""unit"":""serving"",""grams"":100,""description"":""100g""},{""unit"":""g"",""grams"":1}]","Open Food Facts (ODbL)"
f97f5b41-8d99-40a3-8e07-349c00989028,off,"Milkybar","Nestle",8901058029949,524,11.1,50.1,30,0,40.9,117,"[{""unit"":""serving"",""grams"":100,""description"":""100g""},{""unit"":""g"",""grams"":1}]","Open Food Facts (ODbL)"
153d4687-0c06-4206-b298-56ab2b28a298,off,"Maggie 8pk","Nestlé",8901058823844,132,2.9,19,4.7,1.2,1,380,"[{""unit"":""serving"",""grams"":230,""description"":""230g""},{""unit"":""g"",""grams"":1}]","Open Food Facts (ODbL)"
d3af61ae-b0f2-44a8-b8c8-db7dabd85305,off,"Classic","Nestlé",8901058850390,515,8.7,57.5,27.8,1.9,49.8,198,"[{""unit"":""serving"",""grams"":100,""description"":""100g""},{""unit"":""g"",""grams"":1}]","Open Food Facts (ODbL)"
859c68f7-e460-49f7-b0b2-da5d8fd18a21,off,"Maggi Masala Noodles","Nestlé",8901058851304,427,8,63.5,15.7,3.6,1.2,1172,"[{""unit"":""serving"",""grams"":100,""description"":""100g""},{""unit"":""g"",""grams"":1}]","Open Food Facts (ODbL)"
af171c18-738d-4f18-a71c-78a26d028a7d,off,"Maggi 2 Minutes Noodles Masala","Maggi",8901058851328,437,10.4,63.6,15.7,0,3.4,1232,"[{""unit"":""serving"",""grams"":100,""description"":""100g""},{""unit"":""g"",""grams"":1}]","Open Food Facts (ODbL)"
382983e0-453b-4ee7-8a9e-089b91cc00d9,off,"maggi","Maggi",8901058851335,427,8,63.5,15.7,0,2.2,493,"[{""unit"":""serving"",""grams"":100,""description"":""100g""},{""unit"":""g"",""grams"":1}]","Open Food Facts (ODbL)"
73213051-21c1-4ab3-953f-c30f38caf932,off,"Maggi Atta noodle - Masala","Maggi",8901058858860,422,12,60.6,14.6,6,2.8,1100,"[{""unit"":""serving"",""grams"":100,""description"":""100g""},{""unit"":""g"",""grams"":1}]","Open Food Facts (ODbL)"
3e21fe68-9e29-4cc1-a644-750acc66cde4,off,"Milky bar","Nestlé",8901058861921,524,11.1,50.1,30,0,40.9,117,"[{""unit"":""serving"",""grams"":7,""description"":""7 g""},{""unit"":""g"",""grams"":1}]","Open Food Facts (ODbL)"
b5288f57-1db5-4504-b9be-7b426c109da3,off,"Gold Blend Instant Coffee","Nescafe",8901058867015,397,14.4,40.2,15.4,19.8,0,74,"[{""unit"":""serving"",""grams"":100,""description"":""100g""},{""unit"":""g"",""grams"":1}]","Open Food Facts (ODbL)"
adb4dfcc-381d-49b9-bbab-99f0d8949e8b,off,"Nescafe choco mocha","Nestle",8901058898330,69,3.2,10.5,1.6,0,8.1,83,"[{""unit"":""serving"",""grams"":100,""description"":""100 g""},{""unit"":""g"",""grams"":1}]","Open Food Facts (ODbL)"
a7727777-6f95-413b-b238-fdd69e8320e1,off,"KitKat win gold","nestle",8901058903164,436,6.2,47.8,24.9,0,35.3,98,"[{""unit"":""serving"",""grams"":9.6,""description"":""1 portion (9.625 g)""},{""unit"":""g"",""grams"":1}]","Open Food Facts (ODbL)"
eb787ebc-dc98-4307-b6e3-612a7b13e27f,off,"milkmaid 100+ recipes","Nestlé",8901058903959,303,8.5,58.4,3.9,0,58.4,110,"[{""unit"":""serving"",""grams"":100,""description"":""100g""},{""unit"":""g"",""grams"":1}]","Open Food Facts (ODbL)"
4bd4d48f-f1fd-4bc9-a7b6-db0163da57be,off,"Kit kat","NESTLE",8901058905113,448,6.4,47.4,24.8,0,35.1,97400,"[{""unit"":""serving"",""grams"":28.5,""description"":""28.5 g""},{""unit"":""g"",""grams"":1}]","Open Food Facts (ODbL)"
d265ea87-2f03-4b46-90cf-de19687f7628,off,"Britannia nutri choice","Britannia",8901063001022,492,8.1,70.2,19.9,7.7,18.6,224,"[{""unit"":""serving"",""grams"":100,""description"":""100g""},{""unit"":""g"",""grams"":1}]","Open Food Facts (ODbL)"
61b0de50-0a56-4c36-9506-e2de96fbeaf7,off,"Good Day Chocochip cookies","Britania",8901063004221,511,5.6,68.5,23.9,0,32,200,"[{""unit"":""serving"",""grams"":100,""description"":""100g""},{""unit"":""g"",""grams"":1}]","Open Food Facts (ODbL)"
3ebc599e-cb4a-42b3-a617-6a43e86b7bfa,off,"vita meri","Britannia",8901063014299,449,7.3,79.3,11.4,0,23.6,255,"[{""unit"":""serving"",""grams"":100,""description"":""100g""},{""unit"":""g"",""grams"":1}]","Open Food Facts (ODbL)"
9df18d06-8f54-4a16-af40-f6814602ab60,off,"Jimjam 57g (57)","Britannia",8901063029255,483,5,73,19,0,32.9,211000,"[{""unit"":""serving"",""grams"":100,""description"":""100g""},{""unit"":""g"",""grams"":1}]","Open Food Facts (ODbL)"
c6aa9fe2-7802-44d9-98ef-778de1553c06,off,"B. waffy choco","Britannia",8901063032675,514,6.5,67.2,24.3,0,40.3,155,"[{""unit"":""serving"",""grams"":14,""description"":""14g""},{""unit"":""g"",""grams"":1}]","Open Food Facts (ODbL)"
359bf971-92a1-44fa-9541-76a23909a189,off,"Treat Creme Wafers","Britannia",8901063032941,497,7,70,21,0,0,0,"[{""unit"":""serving"",""grams"":32,""description"":""1 Wafer Pack (4 Wafers) (32 g)""},{""unit"":""g"",""grams"":1}]","Open Food Facts (ODbL)"
6ce53283-9607-49ba-b79b-f8bd0d265aa0,off,"Gâteau",,8901063092785,505,6.3,68.2,23,0,27.4,0,"[{""unit"":""serving"",""grams"":100,""description"":""100g""},{""unit"":""g"",""grams"":1}]","Open Food Facts (ODbL)"
672d50de-abd0-46b1-b6f3-b7ee0ea3da59,off,"Britannia Good Day Butter Jeera Biscuits","Britannia",8901063092792,506,6.4,68.2,23.1,0,20.8,592,"[{""unit"":""serving"",""grams"":15,""description"":""15 g""},{""unit"":""g"",""grams"":1}]","Open Food Facts (ODbL)"
67dc17e9-bc18-4acf-bffc-4f2cd3de5427,off,"Good Day cashew cookie","Britannia",8901063092853,504,7,65,24,0,22,218,"[{""unit"":""serving"",""grams"":100,""description"":""100g""},{""unit"":""g"",""grams"":1}]","Open Food Facts (ODbL)"
ca1dce8f-0a53-44c0-a9c5-de3d3d6f4dbe,off,"Good Day - Cashew Cookies","Britannia",8901063093522,512,7,67,24,0,22,0,"[{""unit"":""serving"",""grams"":15,""description"":""15g""},{""unit"":""g"",""grams"":1}]","Open Food Facts (ODbL)"
b56e7c1c-69dd-4a2b-aece-e96a8f78d80b,off,"8901063093607(565)","Britannia",8901063093607,509,6.7,67.3,23.7,0,20.5,220,"[{""unit"":""serving"",""grams"":100,""description"":""1 portion (100 g)""},{""unit"":""g"",""grams"":1}]","Open Food Facts (ODbL)"
064c1af9-00bb-481c-967a-2e77159f6a70,off,"The Original Bourbon Creme Biscuit with Chocolate","Britannia",8901063136441,494,6.1,72.7,21.2,1.8,39.4,118,"[{""unit"":""serving"",""grams"":33,""description"":""33 g""},{""unit"":""g"",""grams"":1}]","Open Food Facts (ODbL)"
447a6146-39fc-4542-97b7-5de70cfbc82a,off,"Nutri choice Arrowroot","Britannia",8901063138162,452,8,78,12,0,21,98,"[{""unit"":""serving"",""grams"":100,""description"":""100g""},{""unit"":""g"",""grams"":1}]","Open Food Facts (ODbL)"
eb74e4b2-5517-4a51-98af-e59ac2ed011d,off,"Brit bourbon 150g (sys)","Britannia",8901063139213,494,5,72.7,20.3,0,37,119,"[{""unit"":""serving"",""grams"":100,""description"":""100g""},{""unit"":""g"",""grams"":1}]","Open Food Facts (ODbL)"
263a2cad-8e1e-4316-91c6-41bfbf55c479,off,"BRITANNIA bourbon 500g","Britannia",8901063139350,494,5,72.7,20.3,0,37,119,"[{""unit"":""serving"",""grams"":100,""description"":""100g""},{""unit"":""g"",""grams"":1}]","Open Food Facts (ODbL)"
c1d97110-4579-40a6-b356-266569d89cbf,off,"Nutri Choice","Britannia Digestive",8901063142015,481,9.1,68,20.9,7.3,13.1,0,"[{""unit"":""serving"",""grams"":17,""description"":""17 g""},{""unit"":""g"",""grams"":1}]","Open Food Facts (ODbL)"
c224b74e-9f09-416f-bd9b-fbe599820314,off,"Britannia Nutrichoice Digestive","britannnia",8901063142022,481,9.1,68,20.9,7.3,13.1,368,"[{""unit"":""serving"",""grams"":15,""description"":""15g""},{""unit"":""g"",""grams"":1}]","Open Food Facts (ODbL)"
72c3e0f4-2ca4-4bd5-9199-89e44a753bfe,off,"Digestvie nutri choice","Nitro Choice",8901063142657,483,9.3,68,20.8,6.7,12.7,0,"[{""unit"":""serving"",""grams"":100,""description"":""1 portion (100 g)""},{""unit"":""g"",""grams"":1}]","Open Food Facts (ODbL)"
548a280a-90e6-4bd4-9f59-997a1fa1cddf,off,"britannia","Britannia",8901063142664,483,9.3,68,20.8,6.7,12.7,362,"[{""unit"":""serving"",""grams"":100,""description"":""100g""},{""unit"":""g"",""grams"":1}]","Open Food Facts (ODbL)"
d191d723-fd14-492b-bf3a-020d2dc3bda7,off,"Oats & Millets Orange Flavour Cookies","Britannia Nutrichoice",8901063142718,471,7.8,70.3,19.4,8,15.6,351,"[{""unit"":""serving"",""grams"":17,""description"":""2 biscuits (17 g)""},{""unit"":""g"",""grams"":1}]","Open Food Facts (ODbL)"
799efe61-8776-4ec7-b142-49d0c96d6d38,off,"Nutri Choice Biscuits","Britannia",8901063142862,479,8.6,68.4,21,9,0,396,"[{""unit"":""serving"",""grams"":100,""description"":""100g""},{""unit"":""g"",""grams"":1}]","Open Food Facts (ODbL)"
d6bcc4f3-d18c-4f05-8b51-e93c2235d62e,off,"Winkin cow thick Lassi classic 180ml","Britannia",8901063146280,62,1.2,11.6,1.2,0,11.6,80,"[{""unit"":""serving"",""grams"":100,""description"":""100 ml""},{""unit"":""g"",""grams"":1}]","Open Food Facts (ODbL)"
40c67bcd-4b97-41b3-abb7-9903ec1e31b7,off,"Britannia winking cow chocolate 180ml","Britannia",8901063146457,109,3.9,16.7,2.9,0,16.2,65,"[{""unit"":""serving"",""grams"":180,""description"":""180 ml""},{""unit"":""g"",""grams"":1}]","Open Food Facts (ODbL)"
811231b0-10cc-4bb2-a645-a172b10f4e34,off,"Britannia Nutrichoice Oatmeal Cookies","Britannia",8901063154049,483,8,70,19,0,3,0,"[{""unit"":""serving"",""grams"":100,""description"":""100g""},{""unit"":""g"",""grams"":1}]","Open Food Facts (ODbL)"
fe4a17ed-4d0a-45d0-b760-79dacaa9c464,off,"Tiger Krunch","Britannia",8901063155572,487,6.1,72.8,19.1,0,28.3,178,"[{""unit"":""serving"",""grams"":100,""description"":""100g""},{""unit"":""g"",""grams"":1}]","Open Food Facts (ODbL)"
606c4ea4-2a6f-4c2b-80b7-c007d7227031,off,"Britannia Tiger Krunch Chocochips","Britannia",8901063155619,487,6.1,72.8,19.1,0,28.3,178,"[{""unit"":""serving"",""grams"":16,""description"":""16g""},{""unit"":""g"",""grams"":1}]","Open Food Facts (ODbL)"
396f5d83-d259-44be-8294-012e64836165,off,"Marie Gold Biscuit","Britannia",8901063162914,445,7.9,79.5,10.6,0,21.2,316,"[{""unit"":""serving"",""grams"":15,""description"":""15 g""},{""unit"":""g"",""grams"":1}]","Open Food Facts (ODbL)"
51378d56-b683-4513-b346-67284adaa7c7,off,"Doodh Marie Gold","Britannia",8901063162976,433,9.8,76.9,11,6.3,21,293,"[{""unit"":""serving"",""grams"":7,""description"":""7 g""},{""unit"":""g"",""grams"":1}]","Open Food Facts (ODbL)"
5badcdf5-5f43-42bb-bf1c-9a899db07833,off,"Chocolate Bar","Britannia Tiger Kreemz  Choco",8901063166257,140,2,24,4,0,10,0,"[{""unit"":""serving"",""grams"":31,""description"":""4 biscuits (31 g)""},{""unit"":""g"",""grams"":1}]","Open Food Facts (ODbL)"
1c9d02eb-f059-4fc0-af9d-3261762c9f4c,off,"Toast Tea Rusk","Britannia",8901063325227,432,9.2,80.9,8,0,20.3,213,"[{""unit"":""serving"",""grams"":17,""description"":""Approx. 17g (Approx. 2 Rusks)""},{""unit"":""g"",""grams"":1}]","Open Food Facts (ODbL)"
d254768c-c034-4acc-a00e-e0defb1790b5,off,"Atta Kulcha Bread","Britannia",8901063341241,298,8.5,56.2,4.3,4.4,3.4,605,"[{""unit"":""serving"",""grams"":50,""description"":""1.0 portion (50.0 g)""},{""unit"":""g"",""grams"":1}]","Open Food Facts (ODbL)"
643455bf-88fc-4c01-bf51-f1816802c35d,off,"White bread","Britannia",8901063341500,250,7.4,52.4,1.2,0,0,0,"[{""unit"":""serving"",""grams"":35,""description"":""35 g""},{""unit"":""g"",""grams"":1}]","Open Food Facts (ODbL)"
6a60fc08-dbb3-4065-b858-a09234545d7f,off,"sandwich white bread","Britannia",8901063342354,250,7.2,52.5,1.3,0,2.6,446,"[{""unit"":""serving"",""grams"":56,""description"":""56 g""},{""unit"":""g"",""grams"":1}]","Open Food Facts (ODbL)"
271873ed-9522-414d-985c-603a42b26654,off,"Brown Bread","Britania",8901063343450,248,7.9,51.6,1.5,3,1.9,562,"[{""unit"":""serving"",""grams"":100,""description"":""100g""},{""unit"":""g"",""grams"":1}]","Open Food Facts (ODbL)"
5907f710-72ea-4e2c-9d73-27a4dd8eab07,off,"Atta Bread","Britania",8901063344525,245,7.9,51.1,2,4.5,1.7,483,"[{""unit"":""serving"",""grams"":100,""description"":""4 slices (100 g)""},{""unit"":""g"",""grams"":1}]","Open Food Facts (ODbL)"
8372e1db-f018-495b-baeb-9f4367bcc05c,off,"5050 Maska Chaska","Britannia",8901063367173,525,7.7,63.8,26.5,0,9.8,1065,"[{""unit"":""serving"",""grams"":38,""description"":""1 Biscuit Pack (5 Biscuits) (38 g)""},{""unit"":""g"",""grams"":1}]","Open Food Facts (ODbL)"
7be63402-660e-4c82-9799-0bcb3f95913b,off,"Maska Chaska","Britannia",8901063367319,525,7.7,63.8,26.5,0,7.5,1065,"[{""unit"":""serving"",""grams"":12,""description"":""12 g""},{""unit"":""g"",""grams"":1}]","Open Food Facts (ODbL)"
2c1994e6-8a2c-4630-bc44-ea6b8a901110,off,"Gobbles fruit cake 55gm","Britannia",8901063368026,427,5.9,56.4,19.7,0,25.2,231,"[{""unit"":""serving"",""grams"":11,""description"":""11 g""},{""unit"":""g"",""grams"":1}]","Open Food Facts (ODbL)"
0e17c18a-5ff2-4002-8b42-778e28952332,off,"Gobbles Frooty Fun Cake",,8901063368606,415,5.7,59,17.3,0,30.2,253,"[{""unit"":""serving"",""grams"":10,""description"":""10 g""},{""unit"":""g"",""grams"":1}]","Open Food Facts (ODbL)"
15f53f73-457d-41a2-9201-a4b26ed66344,off,"Gobbles Choco Chill Cake","Britannia",8901063368613,420,5.6,58,18.4,0,27.5,181,"[{""unit"":""serving"",""grams"":10,""description"":""10 g""},{""unit"":""g"",""grams"":1}]","Open Food Facts (ODbL)"
3970d0c6-b18c-4e97-bbc5-da23d08b0a92,off,"Cheese Slices","Britannia",8901063401136,309,17,4,25,0,4,1426,"[{""unit"":""serving"",""grams"":100,""description"":""10 slices (100 g)""},{""unit"":""g"",""grams"":1}]","Open Food Facts (ODbL)"
1e3cb361-c2b3-4740-a2f1-37adbbc1647a,off,"COCOA POWDER MEDIUM FAT COCOA POWDER","HERSHEY'S",8901071211161,467,19.6,58,11,33,1.8,4,"[{""unit"":""serving"",""grams"":15,""description"":""1 tablespoon (15 g)""},{""unit"":""g"",""grams"":1}]","Open Food Facts (ODbL)"
99d39682-2a4a-46d1-98ca-b05e7f940dc6,off,"Hershey's syrup","Hershey's",8901071211307,276,1.3,66.6,0.6,0,63.7,73,"[{""unit"":""serving"",""grams"":100,""description"":""100g""},{""unit"":""g"",""grams"":1}]","Open Food Facts (ODbL)"
921d2a09-587f-49d4-9296-47c7c85e7b67,off,"Hershey's Spreads Cocoa with Almond","Hershey's",8901071701396,548,2.2,61.4,32.7,0,59.5,110,"[{""unit"":""serving"",""grams"":15,""description"":""15g""},{""unit"":""g"",""grams"":1}]","Open Food Facts (ODbL)"
014745a3-cf49-4734-af31-a6b9e31c40f8,off,"Hershey's Cocoa","Hershey's",8901071702102,409,19.6,58,11,33,1.8,4,"[{""unit"":""serving"",""grams"":100,""description"":""1 serving (100 g)""},{""unit"":""g"",""grams"":1}]","Open Food Facts (ODbL)"
95d853f6-ab50-4331-8f73-d0be37c0eaca,off,"Exotic dark","Hershey's",8901071702195,453,1.7,80.5,13.7,0,64.7,61,"[{""unit"":""serving"",""grams"":100,""description"":""100g""},{""unit"":""g"",""grams"":1}]","Open Food Facts (ODbL)"
d39fe89f-90bb-42ff-b904-c5196ea66064,off,"Hershey's Hot Chocolate","Hershey's",8901071702744,399,5.9,87,3,10,70,4,"[{""unit"":""serving"",""grams"":20,""description"":""20g""},{""unit"":""g"",""grams"":1}]","Open Food Facts (ODbL)"
57cdb1da-35d7-463d-88cf-35d79486a302,off,"HERSHEY KISSes","SHARES",8901071704496,570,7.5,52,37.1,0,39.8,45,"[{""unit"":""serving"",""grams"":4.2,""description"":""4.2 g""},{""unit"":""g"",""grams"":1}]","Open Food Facts (ODbL)"
4efc6c83-426d-48d2-b165-7dab97970a5e,off,"Milk Chocolate","Hershey's",8901071705646,553,8.8,53.4,32,0,51.8,107,"[{""unit"":""serving"",""grams"":100,""description"":""100g""},{""unit"":""g"",""grams"":1}]","Open Food Facts (ODbL)"
f39c7add-d337-48c7-b879-d1feac8f2165,off,"Creamy Milk Chocolate bar","Hersheys",8901071705721,553,8.8,53,32,0,0,0,"[{""unit"":""serving"",""grams"":100,""description"":""1 portion (100 g)""},{""unit"":""g"",""grams"":1}]","Open Food Facts (ODbL)"
d3de20ff-ab92-4cfe-978e-4928ddcc8d69,off,"Hershey's milk shake almond flavor","Hershey's",8901071732451,88,1.7,16.1,1.8,0,16.1,57,"[{""unit"":""serving"",""grams"":180,""description"":""180 ml""},{""unit"":""g"",""grams"":1}]","Open Food Facts (ODbL)"
1d7b84ed-4b90-4ce8-821e-d62d1d3cfe87,off,"Milkshake vanilla Ice cream flavor","Hershey's",8901071732468,90,1.7,16.7,1.8,0,16.1,57,"[{""unit"":""serving"",""grams"":180,""description"":""180 ml""},{""unit"":""g"",""grams"":1}]","Open Food Facts (ODbL)"
f47160ea-a75a-4874-bf8c-9cc519cac1a7,off,"HERSHEY'S","Hershey's",8901071732598,88,1.7,16.1,1.8,0,16.1,57,"[{""unit"":""serving"",""grams"":180,""description"":""180 g""},{""unit"":""g"",""grams"":1}]","Open Food Facts (ODbL)"
a392e116-13ea-4df4-b498-716a59cbacc9,off,"Coconut oil","Parachute",8901088000345,900,0,0,100,0,0,0,"[{""unit"":""serving"",""grams"":10,""description"":""18(10g)""},{""unit"":""g"",""grams"":1}]","Open Food Facts (ODbL)"
0174cd8d-8d13-4fdf-b900-fb907439b2c4,off,"Parachnute 100% Pure Coconut Oil","Parachute",8901088000451,900,0,0,100,0,0,0,"[{""unit"":""serving"",""grams"":100,""description"":""100g""},{""unit"":""g"",""grams"":1}]","Open Food Facts (ODbL)"
ccb54848-48b5-4f65-9d36-d0cfc7bb4eaf,off,"Oats","Saffola",8901088055772,369,12.6,66.8,8,10.4,0.5,5,"[{""unit"":""serving"",""grams"":40,""description"":""40g""},{""unit"":""g"",""grams"":1}]","Open Food Facts (ODbL)"
52c2dfc5-7f06-4093-b23c-660ceac7c51c,off,"100% pure coconut oil","parachute",8901088055802,900,0,0,100,0,0,0,"[{""unit"":""serving"",""grams"":100,""description"":""100g""},{""unit"":""g"",""grams"":1}]","Open Food Facts (ODbL)"
f6c0b21a-f3d2-425e-80db-f1ccce39161b,off,"Saffola Honey 1 Kg","Saffola",8901088069083,325,0.2,81,0,0,81,13,"[{""unit"":""serving"",""grams"":20,""description"":""20 g""},{""unit"":""g"",""grams"":1}]","Open Food Facts (ODbL)"
09268666-b076-420b-bbf9-604ecebdf33c,off,"Masala Oats","Saffola",8901088129800,340,9.9,71.8,7.2,12.9,5.7,2402,"[{""unit"":""serving"",""grams"":38,""description"":""38 g""},{""unit"":""g"",""grams"":1}]","Open Food Facts (ODbL)"
1e30ed4e-eaf8-48e1-bab9-2f08fc04abaa,off,"Masala oats 550g","Saffola",8901088129817,347,8.8,69.7,9.2,12.5,7.3,2244,"[{""unit"":""serving"",""grams"":38,""description"":""38 g""},{""unit"":""g"",""grams"":1}]","Open Food Facts (ODbL)"
62adf0b0-83b2-4ab4-9118-24bccdec17af,off,"Classic masala","saffola",8901088129824,362,11.9,64.1,12.1,12.7,4.7,2126,"[{""unit"":""serving"",""grams"":100,""description"":""100g""},{""unit"":""g"",""grams"":1}]","Open Food Facts (ODbL)"
c3332185-4c8a-4af9-a9cc-d59d5f7b949e,off,"Saffola Masala Oats Veggie Twist","Saffola",8901088745109,368,9.2,65.8,9.7,10,6.1,1940,"[{""unit"":""serving"",""grams"":38,""description"":""38g""},{""unit"":""g"",""grams"":1}]","Open Food Facts (ODbL)"
c534f990-dad7-493d-aef9-894f95088d77,off,"Masala Oats Classic Masala","Saffola",8901088759533,366,8.7,70.5,7.6,9.7,6.1,2089,"[{""unit"":""serving"",""grams"":38,""description"":""1 serving (38 g)""},{""unit"":""g"",""grams"":1}]","Open Food Facts (ODbL)"
8e2c15be-d0de-4003-bfd1-ca705d839f17,off,"Society tea","Society",8901095000017,0,0,0,0,0,0,2,"[{""unit"":""serving"",""grams"":100,""description"":""100g""},{""unit"":""g"",""grams"":1}]","Open Food Facts (ODbL)"
1e0f23de-2d9e-4ebe-88f6-ccada6c5b4c9,off,"Society tea 500 g","Society",8901095003018,0,0,0,0,0,0,2,"[{""unit"":""serving"",""grams"":100,""description"":""100g""},{""unit"":""g"",""grams"":1}]","Open Food Facts (ODbL)"
b6e616f9-6b07-4431-9eba-11910dcc9d9f,off,"Society tea","Society",8901095004015,0,0,0,0,0,0,2,"[{""unit"":""serving"",""grams"":100,""description"":""100g""},{""unit"":""g"",""grams"":1}]","Open Food Facts (ODbL)"
e0940186-b2ce-459e-8592-b1009cb99795,off,"prolyte ORS Nimbu Paani Flavour","CiplaHealth",8901117289963,241,0,60.3,0,0,0,0,"[{""unit"":""serving"",""grams"":22.4,""description"":""1 packet (22.4 g)""},{""unit"":""g"",""grams"":1}]","Open Food Facts (ODbL)"
fd2ed4fd-15d3-445e-9586-c085acafc79a,off,"LOTTE PIE","Lotte",8901123003720,433,4,66,17,0,37,185,"[{""unit"":""serving"",""grams"":23,""description"":""1 portion (23 g)""},{""unit"":""g"",""grams"":1}]","Open Food Facts (ODbL)"
ce6bdbad-6c95-4fba-ab90-8be35c213526,off,"Prohance - HP Vanilla Flavour","Prohance",8901127034270,370,45,28.8,7,6.1,20,150,"[{""unit"":""serving"",""grams"":25,""description"":""25 g""},{""unit"":""g"",""grams"":1}]","Open Food Facts (ODbL)"
cea2e85e-e09f-4c65-9e82-7828da70e1d6,off,"Gulab Jamun","Gits",8901155101210,420,17,57,13.6,0,18.2,769,"[{""unit"":""serving"",""grams"":14.3,""description"":""1 tbsp. (14.3 g)""},{""unit"":""g"",""grams"":1}]","Open Food Facts (ODbL)"
47cfbf46-f198-492c-9fbc-c4dd2fb13bba,off,"Catch Black Salt","catch",8901192001207,0,0,0,0,0,0,98,"[{""unit"":""serving"",""grams"":100,""description"":""100g""},{""unit"":""g"",""grams"":1}]","Open Food Facts (ODbL)"
b2490eff-a54a-4a78-b9a2-76d60d13c3fb,off,"Ginger Garlic - Culinary Paste","Catch",8901192205261,65,1.9,1.4,0.2,0,6.4,1452,"[{""unit"":""serving"",""grams"":10,""description"":""10g""},{""unit"":""g"",""grams"":1}]","Open Food Facts (ODbL)"
0baf1bf5-280a-4b74-b053-90df1249c592,off,"Catch peri peri",,8901192215864,307,11.9,52,5.7,0,25,8810,"[{""unit"":""serving"",""grams"":100,""description"":""100g""},{""unit"":""g"",""grams"":1}]","Open Food Facts (ODbL)"
f3a9c142-2caa-46b2-b15d-30dd54d50f29,off,"Hing (Asafoetida)","Catch",8901192226150,382,8.6,71.8,4,0,12.3,61,"[{""unit"":""serving"",""grams"":0.1,""description"":""0.1g""},{""unit"":""g"",""grams"":1}]","Open Food Facts (ODbL)"
c5833c6d-6151-474b-9228-1fe602da7693,off,"Vahdam Matcha Green Tea","Vahdam",8901205039357,5,0,1.1,0,0,0,4,"[{""unit"":""serving"",""grams"":2,""description"":""2 g""},{""unit"":""g"",""grams"":1}]","Open Food Facts (ODbL)"
9c561b8d-2074-4d71-be6b-2ded8ef9a2b7,off,"Honey Squeezy","Dabur",8901207005527,320,0,80,0,0,80,17,"[{""unit"":""serving"",""grams"":100,""description"":""100g""},{""unit"":""g"",""grams"":1}]","Open Food Facts (ODbL)"
42b861ea-0762-45a4-aa44-ef0ebc1126c3,off,"Coconut water","Real",8901207014321,18,0,4.5,0,0,4.5,0,"[{""unit"":""serving"",""grams"":100,""description"":""100g""},{""unit"":""g"",""grams"":1}]","Open Food Facts (ODbL)"
c8bc3af6-4168-441e-94c3-5c52840c533b,off,"Honey","Dabur",8901207025365,320,0,80,0,0,80,17,"[{""unit"":""serving"",""grams"":21,""description"":""21 g""},{""unit"":""g"",""grams"":1}]","Open Food Facts (ODbL)"
f33e27f0-eb71-4135-81e6-a46075a7d72a,off,"DaburHommade green chutney","Hommade",8901207035500,30,1.7,5.5,0.3,2.4,2.4,1000,"[{""unit"":""serving"",""grams"":100,""description"":""100g""},{""unit"":""g"",""grams"":1}]","Open Food Facts (ODbL)"
eedf5e23-c7f3-41e5-ad2d-6724e07961df,off,"Dabur garlic chutney","Dabur Homemade",8901207035517,189,3.6,16.6,12.4,4.5,10.9,17,"[{""unit"":""serving"",""grams"":189,""description"":""1 portion (189 g)""},{""unit"":""g"",""grams"":1}]","Open Food Facts (ODbL)"
3f9fbc9e-e3eb-4749-8680-934ac63707e9,off,"activ 100% Coconut water","Real",8901207037795,20,0,5,0,0,4.6,25,"[{""unit"":""serving"",""grams"":100,""description"":""100 ml""},{""unit"":""g"",""grams"":1}]","Open Food Facts (ODbL)"
8df26559-a331-46aa-a067-9c49de1cb27e,off,"Anmol Gold Coconut Oil","Dabur",8901207038334,900,0,0,100,0,0,0,"[{""unit"":""serving"",""grams"":9.2,""description"":""9.2g/10ml""},{""unit"":""g"",""grams"":1}]","Open Food Facts (ODbL)"
8915d15b-208b-44fc-993c-cc3e249f650f,off,"Dabur Honey",,8901207042935,320,0,80,0,0,80,17,"[{""unit"":""serving"",""grams"":21,""description"":""21 g""},{""unit"":""g"",""grams"":1}]","Open Food Facts (ODbL)"
ea45c32d-33e2-4ec3-8f2f-015558961967,off,"Coconut water","Dabur",8901207043772,20,0,5,0,0,4.6,25,"[{""unit"":""serving"",""grams"":100,""description"":""100g""},{""unit"":""g"",""grams"":1}]","Open Food Facts (ODbL)"
2109a947-b94c-4f36-ace1-479cd8623d62,off,"Dabur honey",,8901207051173,320,0,80,0,0,80,17000,"[{""unit"":""serving"",""grams"":100,""description"":""100g""},{""unit"":""g"",""grams"":1}]","Open Food Facts (ODbL)"
19cccfd5-3488-4900-9adc-b0dcf52a2aa5,off,"Bambino Vermicelli","Bambino",8901242114406,381,10.5,82.5,1,3,0,0,"[{""unit"":""serving"",""grams"":100,""description"":""100g""},{""unit"":""g"",""grams"":1}]","Open Food Facts (ODbL)"
9428e460-2b6b-444c-b2b8-9d0ced9ba343,off,"Del monte","Del Monte",8901246003492,110,0,27.5,0,0,18.4,932,"[{""unit"":""serving"",""grams"":100,""description"":""1 portion (100 g)""},{""unit"":""g"",""grams"":1}]","Open Food Facts (ODbL)"
04f926f6-19c7-4cd7-8ab0-bb5241522ce9,off,"TOMATO KETCHUP CLASSIC BLEND","Del Monte",8901246005373,110,0,27.5,0,0,18.4,932100,"[{""unit"":""serving"",""grams"":15,""description"":""15 g""},{""unit"":""g"",""grams"":1}]","Open Food Facts (ODbL)"
dcff6037-ae94-4ea3-91a0-b6edf22b212a,off,"Butter School Pack","Amul",8901262010207,724,1,0,80,0,0,955,"[{""unit"":""serving"",""grams"":100,""description"":""100g""},{""unit"":""g"",""grams"":1}]","Open Food Facts (ODbL)"
03d0ebe6-2cb9-4974-864f-90fc929f19b3,off,"Amul Peanut Spread","Amul",8901262010504,605,25,25,45,6.9,6.2,0,"[{""unit"":""serving"",""grams"":100,""description"":""100g""},{""unit"":""g"",""grams"":1}]","Open Food Facts (ODbL)"
390abdff-bd0d-4be7-97ae-7bde4363b4f2,off,"Amul cheese","Amul",8901262020039,320,20,0,28,0,0,1400,"[{""unit"":""serving"",""grams"":25,""description"":""25g""},{""unit"":""g"",""grams"":1}]","Open Food Facts (ODbL)"
7ea16cbf-3acc-4101-aaa2-13bbb0423e85,off,"Pure Milk Cheese Slices","Amul",8901262020046,311,20,1.5,25,0,1.5,1200,"[{""unit"":""serving"",""grams"":20,""description"":""20g""},{""unit"":""g"",""grams"":1}]","Open Food Facts (ODbL)"
c14b9582-9c02-4a76-a54d-06006eb287b1,off,"Cheese Cube","Amul",8901262020091,311,20,1.5,25,0,1.5,1220,"[{""unit"":""serving"",""grams"":25,""description"":""25 g""},{""unit"":""g"",""grams"":1}]","Open Food Facts (ODbL)"
aab5afe9-8365-430a-b41c-dd38142d4445,off,"Cheddar Cheese","Amul",8901262020534,387,25,2,31,0,2,885,"[{""unit"":""serving"",""grams"":100,""description"":""100g""},{""unit"":""g"",""grams"":1}]","Open Food Facts (ODbL)"
a8f81ee7-3711-4fe3-9d84-bcfb768d8fcf,off,"Diced Cheese","Amul",8901262020558,289,23,2,21,0,2,400,"[{""unit"":""serving"",""grams"":45,""description"":""1 serving (45 g)""},{""unit"":""g"",""grams"":1}]","Open Food Facts (ODbL)"
18fa0f8b-a663-4193-8a7b-f2b3334c592b,off,"Amul Ghee 1ltr","Amul",8901262030151,897,0,0,99.7,1.4,0,0,"[{""unit"":""serving"",""grams"":100,""description"":""100g""},{""unit"":""g"",""grams"":1}]","Open Food Facts (ODbL)"
4c2ab822-e74c-48b3-9b49-57f157893892,off,"Amul gee","Amul",8901262030243,900,0,0,100,0,0,0,"[{""unit"":""serving"",""grams"":14,""description"":""14g""},{""unit"":""g"",""grams"":1}]","Open Food Facts (ODbL)"
e7e8aacb-9905-4919-86eb-5d9de9819032,off,"Ghee","Amul",8901262030458,496,0,0,55.1,0,0,0,"[{""unit"":""serving"",""grams"":181,""description"":""181g""},{""unit"":""g"",""grams"":1}]","Open Food Facts (ODbL)"
1155bc16-daaa-43a4-9ab9-f0e67d32a027,off,"Amul cow ghee 1ltr","Amul",8901262030878,897,0,0,99.7,0,0,0,"[{""unit"":""serving"",""grams"":100,""description"":""100g""},{""unit"":""g"",""grams"":1}]","Open Food Facts (ODbL)"
a235346c-6c9c-45b1-8ed1-1cf660348927,off,"Shrikhand","Amul",8901262040013,234,5,42,5,2.9,42,20,"[{""unit"":""serving"",""grams"":100,""description"":""100.0g""},{""unit"":""g"",""grams"":1}]","Open Food Facts (ODbL)"
7b2e55a9-c59d-4f2e-a413-9c0c47065dca,off,"Amul Bitter Chocolate","Amul",8901262070836,538,9.6,37.4,39.8,0,25.3,0,"[{""unit"":""serving"",""grams"":100,""description"":""100g""},{""unit"":""g"",""grams"":1}]","Open Food Facts (ODbL)"
92325a58-f202-4254-8fc8-eaf4bb13f858,off,"Amul Sugar free chocolate","Amul",8901262071048,558,6,56.7,33.8,0,0.5,38,"[{""unit"":""serving"",""grams"":15,""description"":""1 portion (15 g)""},{""unit"":""g"",""grams"":1}]","Open Food Facts (ODbL)"
7beaf720-63c1-4ae5-a103-0e32e0baa1c4,off,"Amul Probiotic Chocolate, 150g","Amul",8901262071208,521,6.4,51.4,33.1,0,43,38,"[{""unit"":""serving"",""grams"":10,""description"":""10g""},{""unit"":""g"",""grams"":1}]","Open Food Facts (ODbL)"
da30514a-61ba-4dc6-8977-895cf2c12e04,off,"55% Dark Chocolate","Amul",8901262071536,521,6.4,51.4,33.1,0,43,38,"[{""unit"":""serving"",""grams"":10,""description"":""1 serving (10 g)""},{""unit"":""g"",""grams"":1}]","Open Food Facts (ODbL)"
8885f5a2-1398-4d6e-90da-112f4ff35fd2,off,"Amulya dairy whitener","Amulya",8901262090353,126,2.5,28.7,0.1,0,28.6,33,"[{""unit"":""serving"",""grams"":100,""description"":""100g""},{""unit"":""g"",""grams"":1}]","Open Food Facts (ODbL)"
c5b430ed-388a-41cc-a7e4-c827f12d2d69,off,"Whey Shake","Amul",8901262110303,383,74,10.6,5,0,10,132,"[{""unit"":""serving"",""grams"":34,""description"":""1 packet (34 g)""},{""unit"":""g"",""grams"":1}]","Open Food Facts (ODbL)"
e7d3d9a9-dee4-43b8-b2af-10b497966e3a,off,"Mithai Mate","Amul",8901262120029,331,7.5,55,9,0,55,100,"[{""unit"":""serving"",""grams"":15,""description"":""1 tablespoon (15 g)""},{""unit"":""g"",""grams"":1}]","Open Food Facts (ODbL)"
1abe6c36-8abf-4e50-89e7-8988c72763bf,off,"Amul Pro Chocolate 500g pp","Amul",8901262130325,365,8,75.8,3.3,0,64.8,200,"[{""unit"":""serving"",""grams"":100,""description"":""100g""},{""unit"":""g"",""grams"":1}]","Open Food Facts (ODbL)"
ebe2956f-59d1-492e-95c7-3f85dbacd2bd,off,"Amul Taaza 1ltr","Amul",8901262150064,58,3,4.8,3,0,4.8,37,"[{""unit"":""serving"",""grams"":100,""description"":""100 ml""},{""unit"":""g"",""grams"":1}]","Open Food Facts (ODbL)"
dd75871e-b448-4759-91bb-dfee696cdcc0,off,"Amul Taaza milk 500ml","Amul",8901262150217,58,3,4.8,3,0,4.8,37,"[{""unit"":""serving"",""grams"":100,""description"":""100g""},{""unit"":""g"",""grams"":1}]","Open Food Facts (ODbL)"
f0c34c55-9217-401b-9c95-5063d9201e75,off,"slim 'n' trim Skimmed Milk","Amul",8901262150378,35,3.5,5,0.1,0,5,40,"[{""unit"":""serving"",""grams"":100,""description"":""1 portion (100 ml)""},{""unit"":""g"",""grams"":1}]","Open Food Facts (ODbL)"
73488560-33a5-4562-8e25-5f79729b3b20,off,"Amul kool Cofe","Amul",8901262151429,200,6,23.8,9,0,23.8,80,"[{""unit"":""serving"",""grams"":100,""description"":""100g""},{""unit"":""g"",""grams"":1}]","Open Food Facts (ODbL)"
b612fadf-bb40-49f3-83db-3911a17ac0a4,off,"Amul Lassi 250 ml","Amul",8901262151696,87,2,14,2,0,14,26,"[{""unit"":""serving"",""grams"":100,""description"":""100 ml""},{""unit"":""g"",""grams"":1}]","Open Food Facts (ODbL)"
9defe4ff-f54b-478c-a5e7-52f176215e47,off,"Amul Fresh Cream","Amul",8901262151863,35,3.3,5,0.2,0,4.9,43,"[{""unit"":""serving"",""grams"":100,""description"":""100g""},{""unit"":""g"",""grams"":1}]","Open Food Facts (ODbL)"
771549b5-772d-4477-874d-0a9562999f6b,off,"Amul kool elaichi 180ml","Amul",8901262152228,91,3.1,12.5,3.1,0,12.5,43,"[{""unit"":""serving"",""grams"":180,""description"":""180ml""},{""unit"":""g"",""grams"":1}]","Open Food Facts (ODbL)"
d58eda4f-b475-4cba-8905-adc5d5a62538,off,"Amul Kool Premium Kesar Flavour","Amul",8901262152341,91,3.1,12.5,3.2,0,12.5,43,"[{""unit"":""serving"",""grams"":180,""description"":""180 ml""},{""unit"":""g"",""grams"":1}]","Open Food Facts (ODbL)"
aae1ce16-2338-4c95-b51d-0130292b5906,off,"Butterscotch milkshake","Amul",8901262152402,141,4,21,4.5,0,21,52,"[{""unit"":""serving"",""grams"":180,""description"":""180 ml""},{""unit"":""g"",""grams"":1}]","Open Food Facts (ODbL)"
dd2eddac-2080-4251-b178-eb5534b27e50,off,"Protein Lassi - Mango flavour","Amul",8901262152945,60,6,12.6,0.3,0,4,39,"[{""unit"":""serving"",""grams"":250,""description"":""250ml""},{""unit"":""g"",""grams"":1}]","Open Food Facts (ODbL)"
ba90df43-86d4-46ce-b5ea-c9d954e9a9ca,off,"Protein Buttermilk","Amul",8901262152952,54,7.5,4,0.5,0,4,0,"[{""unit"":""serving"",""grams"":200,""description"":""1 serving (200 ml)""},{""unit"":""g"",""grams"":1}]","Open Food Facts (ODbL)"
d0653a17-2849-4bb0-aebf-6cc406a1b090,off,"Amul Protein Blueberry Shake","Amul",8901262153331,69,10,9.5,0.8,0,1.6,20,"[{""unit"":""serving"",""grams"":200,""description"":""200 ml""},{""unit"":""g"",""grams"":1}]","Open Food Facts (ODbL)"
66814482-9653-4d03-bacd-76f313f67987,off,"Protein Lassi - Rose Flavour","Amul",8901262153348,54,7.5,6,0.8,0,1.6,32,"[{""unit"":""serving"",""grams"":200,""description"":""200 ml""},{""unit"":""g"",""grams"":1}]","Open Food Facts (ODbL)"
8944e008-5b2e-41cd-a10c-06fea822de8e,off,"Amul Taaza Milk","Amul",8901262153577,58,2.8,4.8,3,0,4.8,37,"[{""unit"":""serving"",""grams"":180,""description"":""1 portion (180 ml)""},{""unit"":""g"",""grams"":1}]","Open Food Facts (ODbL)"
e72b281f-2006-49ea-a80f-7a70682dd769,off,"Protein Lassi - Plain","Amul",8901262153607,62,7.5,6,0.8,0,1.6,32,"[{""unit"":""serving"",""grams"":200,""description"":""1 portion (200 ml)""},{""unit"":""g"",""grams"":1}]","Open Food Facts (ODbL)"
93bc7e33-9b57-4871-8ca4-732817ecdf27,off,"Amul Chocolate Brownie","Amul",8901262172448,232,4.4,26.3,12.5,0,22.3,46,"[{""unit"":""serving"",""grams"":100,""description"":""100g""},{""unit"":""g"",""grams"":1}]","Open Food Facts (ODbL)"
c3861b5e-69ea-4e66-a9af-d22008027063,off,"Amul Rajbhog","Amul",8901262173599,259,5.2,23.1,16.5,0,20.7,46,"[{""unit"":""serving"",""grams"":100,""description"":""100g""},{""unit"":""g"",""grams"":1}]","Open Food Facts (ODbL)"
b6b956b3-3b7a-46b4-abd8-5659bbd8c467,off,"Amul VANILLA ROYALE","Amul",8901262175814,215,3.7,20.7,13,0,20.7,52240,"[{""unit"":""serving"",""grams"":67,""description"":""67 g""},{""unit"":""g"",""grams"":1}]","Open Food Facts (ODbL)"
6110343a-7d24-4032-b106-25578e009fa1,off,"Amul Duetz Raspberry","Amul",8901262176132,174,2.2,23.6,7.8,0,23.6,32,"[{""unit"":""serving"",""grams"":50,""description"":""50 g""},{""unit"":""g"",""grams"":1}]","Open Food Facts (ODbL)"
acaf2aa0-92bc-476e-b712-a54ce9dd5466,off,"malai paneer fresh","Amul",8901262180115,312,20,4,24,0,4,10,"[{""unit"":""serving"",""grams"":50,""description"":""1 serving (50 g)""},{""unit"":""g"",""grams"":1}]","Open Food Facts (ODbL)"
47d45a57-1b9f-4d9a-9998-136cf3922ac9,off,"Masti Dahi","Amul",8901262200011,55,3.4,3.9,2.6,0,3.9,43,"[{""unit"":""serving"",""grams"":100,""description"":""100g""},{""unit"":""g"",""grams"":1}]","Open Food Facts (ODbL)"
1f5dc88f-6f69-4105-81ee-fd0508305b01,off,"Dahi","Amul",8901262200028,62,4,4.4,3.1,0,0,0,"[{""unit"":""serving"",""grams"":200,""description"":""200g""},{""unit"":""g"",""grams"":1}]","Open Food Facts (ODbL)"
1c1f9779-92b6-4abc-938d-219f0155d82b,off,"Masti Dahi","Amul",8901262200035,65,4,4.6,3.1,0,4.6,50,"[{""unit"":""serving"",""grams"":100,""description"":""1 portion (100 g)""},{""unit"":""g"",""grams"":1}]","Open Food Facts (ODbL)"
692ee621-ed99-4b4e-8c59-983118ffaa59,off,"Amul Lassi 200ml","Amul",8901262200189,88,2.1,14.5,2.1,0,14.5,30,"[{""unit"":""serving"",""grams"":200,""description"":""200ml""},{""unit"":""g"",""grams"":1}]","Open Food Facts (ODbL)"
c529bb95-bdf6-47bf-94bf-27dc784ccb19,off,"Amul Masti Spiced Buttermilk 200ml","Amul",8901262200196,28,1.5,1.8,1.5,0,1.8,250,"[{""unit"":""serving"",""grams"":200,""description"":""200mL""},{""unit"":""g"",""grams"":1}]","Open Food Facts (ODbL)"
c8de90ec-7c37-4447-ab0e-9c6610c1db05,off,"Amul Masti","Amul",8901262200622,65,4,4.6,3.1,0,4.6,50,"[{""unit"":""serving"",""grams"":100,""description"":""100g""},{""unit"":""g"",""grams"":1}]","Open Food Facts (ODbL)"
30c418ea-326c-4302-a140-154966ba0db3,off,"Probiotic Buttermilk","Amul",8901262200646,27,2,2.2,1,0,2.2,27,"[{""unit"":""serving"",""grams"":100,""description"":""100g""},{""unit"":""g"",""grams"":1}]","Open Food Facts (ODbL)"
ded8fcba-5ccf-4cf2-9492-1afd04a1dc8c,off,"Amul Spiced Buttermilk","Amul",8901262201001,57,3,3.6,3.2,0,3.6,500,"[{""unit"":""serving"",""grams"":200,""description"":""200ml""},{""unit"":""g"",""grams"":1}]","Open Food Facts (ODbL)"
b89db3a4-0372-45ee-a7e6-126f18a38510,off,"Amul Masti Dahi","Amul",8901262201124,62,4,4.4,3.1,0,0,0,"[{""unit"":""serving"",""grams"":100,""description"":""100g""},{""unit"":""g"",""grams"":1}]","Open Food Facts (ODbL)"
cd3bc072-c31e-4924-bfbd-d8eedfd21811,off,"Amul Stirred Fruit Yogurt Strawberry","Amul",8901262201896,137,5.5,19.7,3.7,0,19.7,70,"[{""unit"":""serving"",""grams"":100,""description"":""100g""},{""unit"":""g"",""grams"":1}]","Open Food Facts (ODbL)"
7bd6fd37-b17f-484d-b96d-460d63b0c02a,off,"Amul Stirred Fruit Yoghurt Pineapple","Amul",8901262201902,138,5.5,20,3.7,0,20,70,"[{""unit"":""serving"",""grams"":100,""description"":""100g""},{""unit"":""g"",""grams"":1}]","Open Food Facts (ODbL)"
29e4a84e-4a62-4058-bd80-f5481dd96063,off,"Dahi Yogurt","Amul",8901262202220,65,4,4.6,3.1,0,0,50,"[{""unit"":""serving"",""grams"":170,""description"":""0.667 cup (170 g)""},{""unit"":""g"",""grams"":1}]","Open Food Facts (ODbL)"
a9489023-7a1c-4a9f-93ec-75d44a886382,off,"Amul High Protein","Amul",8901262202299,68,6.3,10,0.1,0,10,84,"[{""unit"":""serving"",""grams"":100,""description"":""1 serving (100 g)""},{""unit"":""g"",""grams"":1}]","Open Food Facts (ODbL)"
8e6dead9-c798-42fa-a09b-0de36267c826,off,"Amul Curd","Amul",8901262202381,53,3,3.5,3,0,3.5,40,"[{""unit"":""serving"",""grams"":100,""description"":""100g""},{""unit"":""g"",""grams"":1}]","Open Food Facts (ODbL)"
b462c27f-6eaa-4350-8839-4e9796dd8283,off,"Probiotic Curd","Amul",8901262202442,65,4,4.6,3.1,0,4.6,150,"[{""unit"":""serving"",""grams"":100,""description"":""100g""},{""unit"":""g"",""grams"":1}]","Open Food Facts (ODbL)"
bf5c72c5-70c6-4213-b962-142a323776b3,off,"Amul Roti","Amul",8901262223850,371,30.8,56.9,2.3,0,0,0,"[{""unit"":""serving"",""grams"":65,""description"":""65 g""},{""unit"":""g"",""grams"":1}]","Open Food Facts (ODbL)"
5c4a6412-179f-47b0-9129-76c1b5fa6232,off,"Buffalo Milk A2","Amul",8901262260947,91,3.2,5,6.5,0,5,50,"[{""unit"":""serving"",""grams"":100,""description"":""100g""},{""unit"":""g"",""grams"":1}]","Open Food Facts (ODbL)"
85c9ee3e-fac0-4546-879b-40e67fc3e41b,off,"Chocolate Crackle Ice cream","Amul",8901262300117,248,4.8,27,14,0,24.4,54,"[{""unit"":""serving"",""grams"":100,""description"":""100g""},{""unit"":""g"",""grams"":1}]","Open Food Facts (ODbL)"
ef79034f-da30-47ab-b721-9007a89116c5,off,"Epic Almond Gold With Belgian Chocolate","Amul",8901262300544,372,4.2,26.1,28.6,0,23.5,35,"[{""unit"":""serving"",""grams"":57,""description"":""57 g""},{""unit"":""g"",""grams"":1}]","Open Food Facts (ODbL)"
20ed9f2c-fecd-46b3-9760-657cbfe37dc1,off,"Tender Coconut","amul",8901262300612,237,3.9,25.7,13.3,0,25.4,48,"[{""unit"":""serving"",""grams"":67,""description"":""67g""},{""unit"":""g"",""grams"":1}]","Open Food Facts (ODbL)"
b20562ba-a689-48c2-aee2-f1d6b993e850,off,"Sky Scooper Multi-layered ice cream","Amul",8901262301107,325,4.8,27.7,22.3,0,23.4,69,"[{""unit"":""serving"",""grams"":77,""description"":""77g""},{""unit"":""g"",""grams"":1}]","Open Food Facts (ODbL)"
b516996c-7397-4ca2-994c-4b080dfe8115,off,"Amul Berry Dazzle Ice Cream","Amul",8901262301411,217,3.5,26.5,10.7,0,25.9,49,"[{""unit"":""serving"",""grams"":54,""description"":""1 portion (54 g)""},{""unit"":""g"",""grams"":1}]","Open Food Facts (ODbL)"
96b05348-b308-4b5f-a4f4-df5f7395426a,off,"Cacao Reserve Belgium Melt","Sos Save Our Souls",8901389001898,101,3.5,14.5,3,0,14.5,132,"[{""unit"":""serving"",""grams"":100,""description"":""100g""},{""unit"":""g"",""grams"":1}]","Open Food Facts (ODbL)"
1c74e20a-d7d6-4856-a9e1-5c5cc5778cc6,off,"Chupa chups bites","Chupa Chups",8901393016680,366,2.7,81.2,2.5,0,55.3,207,"[{""unit"":""serving"",""grams"":100,""description"":""100g""},{""unit"":""g"",""grams"":1}]","Open Food Facts (ODbL)"
b08bf971-996d-4987-9aff-3636023b15b2,off,"aloenliebe just zelly","Just Jelly",8901393018530,345,0,85,0,0,0,0,"[{""unit"":""serving"",""grams"":2.7,""description"":""2.7 g""},{""unit"":""g"",""grams"":1}]","Open Food Facts (ODbL)"
fbe60fea-48cd-4dc9-9436-1af12168a23c,off,"Gummy Tubes","Chupa Chups",8901393019506,371,1.9,84.3,1.7,0,0,0,"[{""unit"":""serving"",""grams"":100,""description"":""100 g""},{""unit"":""g"",""grams"":1}]","Open Food Facts (ODbL)"
b4fe4703-7de5-404a-a69b-e6adfeae7eba,off,"glucose","Glucovita",8901399084515,360,0,92,0,0,92,0,"[{""unit"":""serving"",""grams"":35,""description"":""35g""},{""unit"":""g"",""grams"":1}]","Open Food Facts (ODbL)"
0c7bd0ac-f3cd-480d-9760-6ae5df83dbbd,off,"Crunchy Munchy Sweet Chilli","Bikano",8901414057494,553,6,52.6,35.4,0,5.3,770,"[{""unit"":""serving"",""grams"":100,""description"":""100g""},{""unit"":""g"",""grams"":1}]","Open Food Facts (ODbL)"
5b824431-9e2d-48b1-a503-b579ea43c667,off,"Sweet Relish","Tiffy",8901483912991,116,0.2,28.8,0,0,26,862,"[{""unit"":""serving"",""grams"":100,""description"":""100g""},{""unit"":""g"",""grams"":1}]","Open Food Facts (ODbL)"
fedeabc8-2481-412b-8cff-b68abb2762ca,off,"Doritod cheese flavor","20rs",8901491000192,508,7.7,61.6,25.7,0,3.5,709,"[{""unit"":""serving"",""grams"":100,""description"":""100g""},{""unit"":""g"",""grams"":1}]","Open Food Facts (ODbL)"
07f394e4-1ed2-42b4-a90c-7ffc1a4d7aaa,off,"Sweet chilli Doritos","Doritos",8901491000208,499,6.6,65.5,23.4,0,6.5,641,"[{""unit"":""serving"",""grams"":100,""description"":""100g""},{""unit"":""g"",""grams"":1}]","Open Food Facts (ODbL)"
6b140ba0-2008-415f-adcc-ce36e4a92754,off,"Lays american onion 80gm","Lay's",8901491000772,537,6.7,53,33.1,0,3.4,643,"[{""unit"":""serving"",""grams"":20,""description"":""20 g""},{""unit"":""g"",""grams"":1}]","Open Food Facts (ODbL)"
bb9e8204-3832-4f1e-87f6-417e70c6ec8d,off,"Lays India's magic masala","Lays",8901491000789,537,6.9,52.9,33.1,0,2.5,993,"[{""unit"":""serving"",""grams"":100,""description"":""100g""},{""unit"":""g"",""grams"":1}]","Open Food Facts (ODbL)"
5dfb8a45-a82f-443a-8a80-d24a29a2e2d5,off,"Lays Spanish 50","Lays",8901491001038,525,6.4,53.1,31.9,0,5.6,659,"[{""unit"":""serving"",""grams"":100,""description"":""1 portion (100 g)""},{""unit"":""g"",""grams"":1}]","Open Food Facts (ODbL)"
b4f78ebf-0507-4792-a562-8cccd95be1ee,off,"Oats with Flavour Mix","Quaker",8901491001243,407,11.8,69.7,9.5,10,1.8,10,"[{""unit"":""serving"",""grams"":100,""description"":""100g""},{""unit"":""g"",""grams"":1}]","Open Food Facts (ODbL)"
b3d083fc-326c-4e83-9605-4cd0080a7be1,off,"Doritos dynamita","Doritos",8901491002561,513,6.8,62.6,26.1,0,2.2,765,"[{""unit"":""serving"",""grams"":65.2,""description"":""1 portion (65.2 g)""},{""unit"":""g"",""grams"":1}]","Open Food Facts (ODbL)"
e8adce87-84eb-48fc-b7ab-35e0582692f9,off,"Kurkure",,8901491002905,557,5.5,57.8,33.7,0,4.1,0,"[{""unit"":""serving"",""grams"":100,""description"":""100g""},{""unit"":""g"",""grams"":1}]","Open Food Facts (ODbL)"
ceacb894-8d42-4b43-a98f-8516184aa2e2,off,"20 RICE, CORN & DAL WITH Kurkure Schezwan Ching's","PepsiCo",8901491002912,557,5.5,57.8,33.7,0,4.1,684,"[{""unit"":""serving"",""grams"":100,""description"":""1 portion (100 g)""},{""unit"":""g"",""grams"":1}]","Open Food Facts (ODbL)"
4bd08424-eca9-4791-890e-69efb990039d,off,"Cheetos Masala Balls","Cheetos",8901491003537,504,8.2,65.7,23.1,0,1.6,862,"[{""unit"":""serving"",""grams"":20,""description"":""1 serving (20 g)""},{""unit"":""g"",""grams"":1}]","Open Food Facts (ODbL)"
b0528009-2a2d-4792-aeee-b84a9ff46faa,off,"Rolled Oats (Natural Wholegrain)","Quaker",8901491100106,407,11.8,68.5,9.5,10,1.8,10,"[{""unit"":""serving"",""grams"":40,""description"":""40g""},{""unit"":""g"",""grams"":1}]","Open Food Facts (ODbL)"
c9156d6c-6946-4c20-aeac-1760fdc02c77,off,"Rolled Oats","Quaker",8901491100243,407,11.8,68.5,9.5,10,1.8,10,"[{""unit"":""serving"",""grams"":45,""description"":""1 portion (45 g)""},{""unit"":""g"",""grams"":1}]","Open Food Facts (ODbL)"
c3383118-6b4f-479b-aacc-a45f59a764f7,off,"Kurkure","Kurkure",8901491100519,557,6,57.7,33.7,0,2.2,796,"[{""unit"":""serving"",""grams"":20,""description"":""20 g""},{""unit"":""g"",""grams"":1}]","Open Food Facts (ODbL)"
59dbebdf-47a2-4c48-a78d-22c4fbf77cbd,off,"Chilli Chatka 20rs","Kurkure",8901491100533,562,5.6,55.8,35.1,0,2,723,"[{""unit"":""serving"",""grams"":90,""description"":""90 g""},{""unit"":""g"",""grams"":1}]","Open Food Facts (ODbL)"
cdbc32da-a6d1-4a7b-b0c4-59a8d48ba6fc,off,"lays","Lay's",8901491101820,528,8,56,32,0,8,636,"[{""unit"":""serving"",""grams"":25,""description"":""1 serving (25 g)""},{""unit"":""g"",""grams"":1}]","Open Food Facts (ODbL)"
008d3e33-ea01-4b0a-bae7-e8789fe80763,off,"Lay's Potato Chips","Lay's",8901491101844,539,6.9,53.4,33.1,0,2.5,826,"[{""unit"":""serving"",""grams"":20,""description"":""1 serving (20 g)""},{""unit"":""g"",""grams"":1}]","Open Food Facts (ODbL)"
5b74a314-9121-40d3-8d71-74efeb598269,off,"Green chutney style","Kurkure",8901491103084,561,5.9,56.3,34.7,0,2.1,959,"[{""unit"":""serving"",""grams"":100,""description"":""100g""},{""unit"":""g"",""grams"":1}]","Open Food Facts (ODbL)"
db5abad1-4a4b-42fe-8c7c-b399bea73ed8,off,"Flocon d'avoine pour poridg","Pepsico",8901491103787,407,11.8,68.5,9.5,0,0,3800,"[{""unit"":""serving"",""grams"":100,""description"":""100g""},{""unit"":""g"",""grams"":1}]","Open Food Facts (ODbL)"
3d52b58f-0ebc-4eec-acab-4e01003f673a,off,"Quaker oats","Quaker",8901491103794,407,11.8,68.5,9.5,10,1.8,10,"[{""unit"":""serving"",""grams"":40,""description"":""1 serving (40 g)""},{""unit"":""g"",""grams"":1}]","Open Food Facts (ODbL)"
cf885547-3eb1-45fe-b0d8-ad5b6e349cb9,off,"Oats","Quaker",8901491103800,407,11.8,68.5,9.5,10,1.8,10,"[{""unit"":""serving"",""grams"":100,""description"":""1 portion (100 g)""},{""unit"":""g"",""grams"":1}]","Open Food Facts (ODbL)"
6470c554-fdff-4031-9677-7c63e917fb98,off,"Masala Munch","Kurkure",8901491361026,558,6.4,55.2,34.7,0,1,892,"[{""unit"":""serving"",""grams"":50,""description"":""50g""},{""unit"":""g"",""grams"":1}]","Open Food Facts (ODbL)"
b65cae8f-698e-4123-b934-2e955531d79c,off,"Chilli Chatka","10",8901491363020,558,5.6,59.2,34.5,12,20,723,"[{""unit"":""serving"",""grams"":100,""description"":""100g""},{""unit"":""g"",""grams"":1}]","Open Food Facts (ODbL)"
52a1f5cb-8a46-4cab-b20f-2bdccccf8e18,off,"Puffcorn","Kurkure",8901491366052,555,6,56.2,34.5,0,1,892,"[{""unit"":""serving"",""grams"":100,""description"":""100g""},{""unit"":""g"",""grams"":1}]","Open Food Facts (ODbL)"
481f1c6f-c687-481c-b258-b3048d1f2582,off,"Kurkure Solid Masti Masala Twisteez Crisps","Kurkure",8901491366229,528,8.6,58.7,28.7,0,0.5,878,"[{""unit"":""serving"",""grams"":20,""description"":""20 g""},{""unit"":""g"",""grams"":1}]","Open Food Facts (ODbL)"
0b0242a7-7ac9-4f77-a3c6-ab806a63b14d,off,"India's Magic Masala","Lay's",8901491503020,531,6.6,51.9,33,0,1.6,677,"[{""unit"":""serving"",""grams"":30.5,""description"":""30.5g""},{""unit"":""g"",""grams"":1}]","Open Food Facts (ODbL)"
9b18c57d-c972-4ade-a351-95f5fc575983,off,"Kellogg's Chocos","Kellogg's",8901499006936,387,9,83.6,2.9,5,30,330,"[{""unit"":""serving"",""grams"":12,""description"":""12g""},{""unit"":""g"",""grams"":1}]","Open Food Facts (ODbL)"
8f6515bb-81a7-4598-81a1-818e22f49c31,off,"Chocos","Kellogg's",8901499008169,373,9,81,3,7,27.5,250,"[{""unit"":""serving"",""grams"":22.5,""description"":""22.5 g""},{""unit"":""g"",""grams"":1}]","Open Food Facts (ODbL)"
f231a3ce-865a-4d7a-84cf-3f88026cfd0a,off,"Corn Flakes Original","Kellogg's",8901499008183,380,6.7,87,1,2.7,8.3,500,"[{""unit"":""serving"",""grams"":30,""description"":""30g""},{""unit"":""g"",""grams"":1}]","Open Food Facts (ODbL)"
b214e20f-3a24-49e7-850c-2d75b8aea7bc,off,"Corn flakes","Kelloggs",8901499008190,378,6.7,86.9,1,2.5,9.2,490,"[{""unit"":""serving"",""grams"":30,""description"":""30g""},{""unit"":""g"",""grams"":1}]","Open Food Facts (ODbL)"
e77a7ec1-65be-4b7d-8b67-cc3d6181e3bf,off,"Kellogg's Corn flakes original","Kellogg's",8901499008893,378,6.7,86.9,1,0,9.2,400,"[{""unit"":""serving"",""grams"":100,""description"":""100g""},{""unit"":""g"",""grams"":1}]","Open Food Facts (ODbL)"
4ab779a1-3ef6-4865-9ae3-8b89c58da620,off,"kelloggs chocos multigrain","Kellogg's",8901499009043,373,9,81,3,7,27.5,250,"[{""unit"":""serving"",""grams"":100,""description"":""100g""},{""unit"":""g"",""grams"":1}]","Open Food Facts (ODbL)"
e399fb6a-1862-4ca1-a522-fff4ccb148fe,off,"Cornflakes Almond Honey (Kellogg's)","Kellogg's",8901499009289,410,6.3,82,6.7,1.7,25,433,"[{""unit"":""serving"",""grams"":30,""description"":""30 g""},{""unit"":""g"",""grams"":1}]","Open Food Facts (ODbL)"
58643402-7cc4-44bd-b230-f035644460ec,off,"chocos Fills","Kellogg's",8901499009791,430,8,71,14,6.2,30.5,270,"[{""unit"":""serving"",""grams"":100,""description"":""100g""},{""unit"":""g"",""grams"":1}]","Open Food Facts (ODbL)"
6d8a76ac-0f2b-417f-90f9-510708fa3527,off,"Kelloggs","kellogg's",8901499010483,398,8,80,6,5,16,60,"[{""unit"":""serving"",""grams"":40,""description"":""40g""},{""unit"":""g"",""grams"":1}]","Open Food Facts (ODbL)"
c8c81709-54cc-43f3-88fc-57425e5692d6,off,"Chocos Crunchy Bites","Kellogg's",8901499010742,390,4,84.9,3.1,30,31,180,"[{""unit"":""serving"",""grams"":100,""description"":""100g""},{""unit"":""g"",""grams"":1}]","Open Food Facts (ODbL)"
e43f5db9-2225-4332-9c84-b8b185a9f537,off,"Kellogg's Chocolate Muesli","Kellogg's",8901499011992,444,7.7,71.4,15.5,6,26.9,227,"[{""unit"":""serving"",""grams"":40,""description"":""1 Serving (40 g)""},{""unit"":""g"",""grams"":1}]","Open Food Facts (ODbL)"
15160b53-fbde-4696-a71e-b2367dd76bbf,off,"Kellogg’s Oats","Kellogg’s India",8901499012012,378,11.5,67.8,9,10,1.2,7,"[{""unit"":""serving"",""grams"":40,""description"":""1 portion (40 g)""},{""unit"":""g"",""grams"":1}]","Open Food Facts (ODbL)"
33ef86ab-d569-41cb-87af-696014f86a7f,off,"Kellogg's Muesli","Kellogg's",8901499025531,382,9.3,77.5,5.2,6.4,10.8,132,"[{""unit"":""serving"",""grams"":40,""description"":""40g""},{""unit"":""g"",""grams"":1}]","Open Food Facts (ODbL)"
217ae944-ab3f-43fe-bb38-ffc42c1276cf,off,"Peanut butter","Sundrop",8901512144805,619,26,22.7,48,4,9.2,142,"[{""unit"":""serving"",""grams"":100,""description"":""1 serving (100 g)""},{""unit"":""g"",""grams"":1}]","Open Food Facts (ODbL)"
c4ad58b2-6a56-4973-b985-8cf85ef812cc,off,"Act II Classic Salted","ACT II",8901512540102,494,5,61,28,11,0,0,"[{""unit"":""serving"",""grams"":100,""description"":""100 g""},{""unit"":""g"",""grams"":1}]","Open Food Facts (ODbL)"
0d62c3b8-ed7f-4076-a07e-391a6fe55dc4,off,"Act II Popcorn","Act II",8901512562609,449,8.8,66.2,18.8,11.2,0,900,"[{""unit"":""serving"",""grams"":16,""description"":""16 g""},{""unit"":""g"",""grams"":1}]","Open Food Facts (ODbL)"
c783f724-1ec7-4e00-ad8f-b3930f0260a1,off,"Act II Caramel Bliss","Act II",8901512917805,425,4,84,9,4,37,200,"[{""unit"":""serving"",""grams"":16,""description"":""16 g""},{""unit"":""g"",""grams"":1}]","Open Food Facts (ODbL)"
b9e4d8a5-bba5-449a-a7f7-d5df4e0441e1,off,"Sour Cream & Cheese Flavor Popcorn","Act 2",8901512921604,496,8.3,56,29,11.3,7.5,1000,"[{""unit"":""serving"",""grams"":100,""description"":""100 g""},{""unit"":""g"",""grams"":1}]","Open Food Facts (ODbL)"
a982e065-d717-4108-9d45-ffa333dfa4a8,off,"Ginger Ale (Zero Sugar)","Jameson",8901522005158,0,0,0,0,0,0,6,"[{""unit"":""serving"",""grams"":100,""description"":""100g""},{""unit"":""g"",""grams"":1}]","Open Food Facts (ODbL)"
16f662e7-ff84-4518-a27b-07820732c729,off,"Daawat Rozana Basmati Rice","Daawat",8901537007116,384,8.2,78,0.5,1.9,0,1,"[{""unit"":""serving"",""grams"":100,""description"":""100g""},{""unit"":""g"",""grams"":1}]","Open Food Facts (ODbL)"
4ea808a8-f51b-47b0-8be0-7589aa80ad37,off,"DAWAT ROZANA BASMATI RICE MINI MOGRA 5 KG","Daawat",8901537021631,350,7,78,0.9,1.1,0.2,2,"[{""unit"":""serving"",""grams"":100,""description"":""100g""},{""unit"":""g"",""grams"":1}]","Open Food Facts (ODbL)"
75406e81-c9b7-4d00-b167-55ef90c4d328,off,"Glucon - D","Zydus",8901542001666,364,0,90.5,0,0,0,0,"[{""unit"":""serving"",""grams"":20,""description"":""1 serving (20 g)""},{""unit"":""g"",""grams"":1}]","Open Food Facts (ODbL)"
db2bf0cd-e254-47a4-8787-cc7d0e0f2791,off,"Glucon - D","zydus wellness products ltd",8901542001673,360,0,90,0,0,0,0,"[{""unit"":""serving"",""grams"":100,""description"":""100g""},{""unit"":""g"",""grams"":1}]","Open Food Facts (ODbL)"
cce0dd94-5b57-4955-90ef-a28e3b8b13d7,off,"DoodhShakti Ghee","Nutralite",8901542002090,897,0,0,99.7,0,0,0,"[{""unit"":""serving"",""grams"":100,""description"":""100g""},{""unit"":""g"",""grams"":1}]","Open Food Facts (ODbL)"
1d89b6ba-6918-4fa2-9d39-8a4965823d88,off,"Heinz &quot;Tomato Ketchup&quot; 900GM","Heinz",8901542013157,109,0,26,0,1.4,22,0,"[{""unit"":""serving"",""grams"":100,""description"":""100g""},{""unit"":""g"",""grams"":1}]","Open Food Facts (ODbL)"
cd4515ee-4c03-4535-affe-7174afc48f22,off,"Glucon-D Regular","Glucon-D",8901542016226,360,0,90,0,0,0,0,"[{""unit"":""serving"",""grams"":35,""description"":""35g""},{""unit"":""g"",""grams"":1}]","Open Food Facts (ODbL)"
6d1026b0-5752-4bf1-a636-37f0fb626d7a,off,"DoodhShakti","Nutralite",8901548310403,632,0.5,0.1,70,0,0,983,"[{""unit"":""serving"",""grams"":100,""description"":""100g""},{""unit"":""g"",""grams"":1}]","Open Food Facts (ODbL)"
c23bd814-a7e2-490d-a421-d9608a8fc6f5,off,"Dal Makhani","Ashoka",8901552005036,129,4.3,12.1,6.8,0,0,350429,"[{""unit"":""serving"",""grams"":140,""description"":""140g""},{""unit"":""g"",""grams"":1}]","Open Food Facts (ODbL)"
3c7b2410-1607-4930-a20a-845db9cc3647,off,"Chana Pulao","Ashoka",8901552023450,160,4,26.4,4.2,0,0,440,"[{""unit"":""serving"",""grams"":100,""description"":""100g""},{""unit"":""g"",""grams"":1}]","Open Food Facts (ODbL)"
75711122-fcea-4ee3-8101-4338da08324b,off,"Soul Amritsari Kulcha","Soul",8901552032711,247,8.9,34,9.5,5.2,2.1,0,"[{""unit"":""serving"",""grams"":100,""description"":""100g""},{""unit"":""g"",""grams"":1}]","Open Food Facts (ODbL)"
cabce930-e540-4a75-968b-22cf3eb362a1,off,"Madala Rice Popped Chips","PikNik Pops",8901565000769,474,5.2,58.1,24.1,0,0,1483,"[{""unit"":""serving"",""grams"":100,""description"":""1 portion (100 g)""},{""unit"":""g"",""grams"":1}]","Open Food Facts (ODbL)"
b587065c-5b82-4a00-8935-d83e67322a68,off,"Horlicks - chocolate delight flavour",,8901571000036,370,10,78,2,0,32,29600,"[{""unit"":""serving"",""grams"":100,""description"":""100g""},{""unit"":""g"",""grams"":1}]","Open Food Facts (ODbL)"
fdf29317-3d5d-4068-a21c-ab535dd62452,off,"Chings noodles",,8901595853908,353,10.8,75.6,0.8,8.6,1.3,700000,"[{""unit"":""serving"",""grams"":100,""description"":""100g""},{""unit"":""g"",""grams"":1}]","Open Food Facts (ODbL)"
11771f40-3492-4e1b-9b2f-610fdcf427d5,off,"Dark Soy Sauce","Ching's Secret",8901595862726,143,0,28.6,0,0,14.3,5000,"[{""unit"":""serving"",""grams"":100,""description"":""100g""},{""unit"":""g"",""grams"":1}]","Open Food Facts (ODbL)"
5c410d71-b8df-40c6-96d4-209930238686,off,"Green chilli sauce","Ching's Secret",8901595862733,44,0.2,10.4,0.2,0,6.6,1803,"[{""unit"":""serving"",""grams"":6,""description"":""1 portion (6 g)""},{""unit"":""g"",""grams"":1}]","Open Food Facts (ODbL)"
b2c8e506-4c68-4d5f-b51d-b338b3d182d1,off,"Schezwan Chutney","Ching's Secret",8901595862962,177,1.9,17.2,10.6,2,15.2,1351,"[{""unit"":""serving"",""grams"":100,""description"":""1 portion (100 g)""},{""unit"":""g"",""grams"":1}]","Open Food Facts (ODbL)"
d8715ac2-81aa-4f9e-81ec-1cdeb8f26556,off,"Chilli Oil","Ching",8901595864355,599,3.2,24.5,54.2,9.8,5.5,1285,"[{""unit"":""serving"",""grams"":100,""description"":""1 portion (100 g)""},{""unit"":""g"",""grams"":1}]","Open Food Facts (ODbL)"
882dd71d-771e-45bf-9789-915f7514e22e,off,"Smith & Jones Ginger Garlic Paste","Smith and Jones",8901595873258,11,0.6,2,0,0,0,0,"[{""unit"":""serving"",""grams"":100,""description"":""100g""},{""unit"":""g"",""grams"":1}]","Open Food Facts (ODbL)"
7f40136b-1b67-4285-aa0c-d2ffab4acaec,off,"Manchurian",,8901595963317,100,2.8,15.3,3,0,0,400,"[{""unit"":""serving"",""grams"":100,""description"":""100g""},{""unit"":""g"",""grams"":1}]","Open Food Facts (ODbL)"
908b0233-8635-4fab-ad24-f0e70a18122f,off,"Instant noodles","Chings",8901595963348,117,3.3,18.3,3.3,3.3,0,367,"[{""unit"":""serving"",""grams"":60,""description"":""1 Cake (60 g)""},{""unit"":""g"",""grams"":1}]","Open Food Facts (ODbL)"
cc8ce26a-3134-46bc-bd21-dbd23914021c,off,"Manchow instant soup","Ching's",8901595971220,48,0.6,10.8,0,5,25.8,1191,"[{""unit"":""serving"",""grams"":12,""description"":""12 g""},{""unit"":""g"",""grams"":1}]","Open Food Facts (ODbL)"
b149bf30-dab8-4db1-a408-957651cf4e1a,off,"Sweet Corn Veg Instant Soup","Ching's",8901595971237,346,3.1,80.8,1.5,6.9,35.4,5338,"[{""unit"":""serving"",""grams"":13,""description"":""1 packet (13 g)""},{""unit"":""g"",""grams"":1}]","Open Food Facts (ODbL)"
ad769fe3-4f52-4ff1-ae16-132812723b3b,off,"Veg Manchurian masala","Ching's secret",8901595972142,288,5.7,60.8,2.4,0,15,7734,"[{""unit"":""serving"",""grams"":5,""description"":""5 g""},{""unit"":""g"",""grams"":1}]","Open Food Facts (ODbL)"
07140c01-ae73-4804-adf4-e592e2b445ba,off,"Malai paneer","Mother dairy",8901648000716,324,15.5,2.5,28,0,2.5,10,"[{""unit"":""serving"",""grams"":100,""description"":""100 g""},{""unit"":""g"",""grams"":1}]","Open Food Facts (ODbL)"
ffaaa561-bc89-4746-a316-0e88f989d442,off,"Lassi",,8901648001775,76,1.8,13.5,1.7,0,13.5,0,"[{""unit"":""serving"",""grams"":100,""description"":""100g""},{""unit"":""g"",""grams"":1}]","Open Food Facts (ODbL)"
b2634eff-1bae-4f30-8811-dd368bd39086,off,"Cheese Slice","Mother Dairy",8901648004264,309,17,4,25,0,4,1426,"[{""unit"":""serving"",""grams"":100,""description"":""100g""},{""unit"":""g"",""grams"":1}]","Open Food Facts (ODbL)"
d4599018-24a3-473c-854c-9495efb4984c,off,"Fruit Yoghurt Mango","Mother Diary",8901648014843,132,4.1,18.5,4.6,0,18.5,54,"[{""unit"":""serving"",""grams"":100,""description"":""100g""},{""unit"":""g"",""grams"":1}]","Open Food Facts (ODbL)"
dbdfbda6-636b-488e-8fd5-cc58ed022b54,off,"Ghee","Mother Dairy",8901648019725,897,0,0,99.7,0,0,0,"[{""unit"":""serving"",""grams"":100,""description"":""100g""},{""unit"":""g"",""grams"":1}]","Open Food Facts (ODbL)"
500bdfd0-1142-4ed7-a1b7-82de0dc512a9,off,"Classic Curd","Mother Diary",8901648021537,62,3.7,5,3,0,5,48,"[{""unit"":""serving"",""grams"":100,""description"":""100g""},{""unit"":""g"",""grams"":1}]","Open Food Facts (ODbL)"
31411358-a59c-4936-965c-57fad4edc273,off,"Mother dairy classic dahi","Mother Dairy",8901648022169,62,3.7,5,3,0,0,48,"[{""unit"":""serving"",""grams"":100,""description"":""100g""},{""unit"":""g"",""grams"":1}]","Open Food Facts (ODbL)"
eb8853a3-ca6c-444b-ba02-ffca9c0ecfce,off,"Classic Dahi","Mother Dairy",8901648026167,62,3.7,5,3,0,5,48,"[{""unit"":""serving"",""grams"":100,""description"":""1 serving (100 g)""},{""unit"":""g"",""grams"":1}]","Open Food Facts (ODbL)"
7775b6fb-86d1-4865-af19-f955a928512b,off,"Kesar Elaichi Flavored Milk","Mother Dairy",8901648092513,81,3.4,13.3,1.6,0,13.3,55,"[{""unit"":""serving"",""grams"":100,""description"":""100g""},{""unit"":""g"",""grams"":1}]","Open Food Facts (ODbL)"
0c0d5617-935d-429d-bc90-b159672cc349,off,"Mother Dairy Ultimate Dahi","Mother Dairy",8901648097983,75,3.7,5,4.5,0,0,0,"[{""unit"":""serving"",""grams"":100,""description"":""100g""},{""unit"":""g"",""grams"":1}]","Open Food Facts (ODbL)"
7c371001-d6a4-4837-8d59-541f0e41e681,off,"Live Lite Low Fat Milk","Mother Dairy",8901648921424,47,3.3,5,1.5,0,0,0,"[{""unit"":""serving"",""grams"":100,""description"":""100 ml (100 ml)""},{""unit"":""g"",""grams"":1}]","Open Food Facts (ODbL)"
15920eac-e015-49cc-91fb-8eb61b1d1fe2,off,"Veg magic fruit cake","Priyagold",8901652141047,400,5.5,53,18.5,0,23.7,217,"[{""unit"":""serving"",""grams"":14,""description"":""14g""},{""unit"":""g"",""grams"":1}]","Open Food Facts (ODbL)"
420aa777-e04a-4d6c-a096-169aacb169d7,off,"paneer tikka masala mix","Suhana",8901662024538,391,15,58,11,0,17,0,"[{""unit"":""serving"",""grams"":100,""description"":""100 g provides approx (100 g)""},{""unit"":""g"",""grams"":1}]","Open Food Facts (ODbL)"
ee69a070-ca67-4d0b-b4ed-18fe8ea27a7e,off,"CHICKEN BIRYANI MIX","Suhana",8901662037828,480,13.7,45,27.5,1.5,3.9,2230,"[{""unit"":""serving"",""grams"":12.5,""description"":""12.5g (1 tbsp)""},{""unit"":""g"",""grams"":1}]","Open Food Facts (ODbL)"
06c84492-cd4c-4369-97b6-050d4663065e,off,"MIXED FRUIT Jam","MALA'S",8901689010019,262,0.2,65.3,0,0,64.8,13480,"[{""unit"":""serving"",""grams"":20,""description"":""20g""},{""unit"":""g"",""grams"":1}]","Open Food Facts (ODbL)"
fdc270e7-43f8-4e5c-8cd7-07f9c3f5a082,off,"Mixed Fruit Jam","Mala's",8901689010477,262,0.2,65.3,0,0,64.8,14,"[{""unit"":""serving"",""grams"":20,""description"":""1 portion (20 g)""},{""unit"":""g"",""grams"":1}]","Open Food Facts (ODbL)"
eedffff4-c24c-4683-89f5-d63dca8fbe04,off,"Parle - G","Parle",8901719101038,461,7.1,78,12.4,1.8,24.8,301,"[{""unit"":""serving"",""grams"":56.4,""description"":""56.4g""},{""unit"":""g"",""grams"":1}]","Open Food Facts (ODbL)"
66412567-35c4-4f52-88b3-cbb0833206c8,off,"parles's potato piri piri chips","parles's",8901719122316,560,7.2,57.2,33.6,0,2.2,693,"[{""unit"":""serving"",""grams"":100,""description"":""100g""},{""unit"":""g"",""grams"":1}]","Open Food Facts (ODbL)"
0087aaaa-e799-4c56-855a-9361c5072d3d,off,"Happy Happy Choco-Chip Cookies","Parle",8901719124044,489,5.8,71.3,20.1,0,30.6,197,"[{""unit"":""serving"",""grams"":100,""description"":""100g""},{""unit"":""g"",""grams"":1}]","Open Food Facts (ODbL)"
17d4fb48-4061-4351-adcf-9e97552e38ab,off,"Parle hide and seek milano jazelnut","Parle",8901719125799,536,4.3,63.4,29.5,0,33.5,118,"[{""unit"":""serving"",""grams"":10,""description"":""1 cookie (10 g)""},{""unit"":""g"",""grams"":1}]","Open Food Facts (ODbL)"
682c4db8-37b8-488b-9acc-e29e9dbb75b8,off,"parle 20-20","Parle",8901719126468,490,6.4,70.6,20.2,0,24.4,0,"[{""unit"":""serving"",""grams"":65,""description"":""65 gram""},{""unit"":""g"",""grams"":1}]","Open Food Facts (ODbL)"
bd556263-89c4-4aed-873d-73fd2a054d7d,off,"Happy Happy CAKES Tutti Frutty Flavoured","PARLE",8901719128547,422,5.3,58.8,18.4,0,26.2,152,"[{""unit"":""serving"",""grams"":20,""description"":""20g""},{""unit"":""g"",""grams"":1}]","Open Food Facts (ODbL)"
1f80a5bc-427f-4d84-9d62-eb4a3887ceef,off,"Happy happy - Parl","Parle",8901719129988,469,6.1,75.2,15.9,0,31,205,"[{""unit"":""serving"",""grams"":18,""description"":""18g""},{""unit"":""g"",""grams"":1}]","Open Food Facts (ODbL)"
49537663-e718-40b1-a048-f93482858eff,off,"Melody Chocolate","Parle",8901719130854,451,2.5,71,17.4,0,54,0,"[{""unit"":""serving"",""grams"":3.9,""description"":""1 piece (3.91 g)""},{""unit"":""g"",""grams"":1}]","Open Food Facts (ODbL)"
8a23b340-f320-4f39-8abd-11bd13c5c899,off,"Hide & Seek Black Bourbon","Parle Platina",8901719133121,478,4.5,74.9,17.8,2.7,44.2,180,"[{""unit"":""serving"",""grams"":20,""description"":""20g per serve""},{""unit"":""g"",""grams"":1}]","Open Food Facts (ODbL)"
d0c93681-8f49-4394-afa7-1bd54e2f61c0,off,"Krackjack","Parle",8901719135248,489,6.8,70.5,19.9,0,19.6,371,"[{""unit"":""serving"",""grams"":100,""description"":""100 g""},{""unit"":""g"",""grams"":1}]","Open Food Facts (ODbL)"
649210ca-124a-4a44-bb88-de76b6610ac3,off,"Parle-G ROYALE","Parle",8901719135767,469,6.4,73.6,16.5,0,27.3,268,"[{""unit"":""serving"",""grams"":100,""description"":""100g""},{""unit"":""g"",""grams"":1}]","Open Food Facts (ODbL)"
413a9c61-8957-4b2e-be8d-131e2be74429,off,"Parle Hide&Seek","Hide & Seek",8901719135866,499,4.8,70,22,0,37,142,"[{""unit"":""serving"",""grams"":100,""description"":""1 portion (100 g)""},{""unit"":""g"",""grams"":1}]","Open Food Facts (ODbL)"
8dcea19e-15b9-402d-8d19-6693a054704e,off,"Hide&Seek Vanilla","Parle Platina",8901719136764,525,3.4,66.6,27.2,0,32.4,107,"[{""unit"":""serving"",""grams"":12.5,""description"":""12.5g""},{""unit"":""g"",""grams"":1}]","Open Food Facts (ODbL)"
0a5b7f82-08fa-49b5-8ebd-93c6a8856955,off,"Hide&Seek Milano (Creme)","Parle",8901719136801,521,4.7,64.9,26.9,0,37.3,115,"[{""unit"":""serving"",""grams"":20,""description"":""2 Biscuits (20 g)""},{""unit"":""g"",""grams"":1}]","Open Food Facts (ODbL)"
bf52d724-2827-43de-96cc-871a0355ac3a,off,"parle hide serk","Parle Platina",8901719137037,521,5.3,65.2,26.6,0,31.7,200,"[{""unit"":""serving"",""grams"":10,""description"":""1 biscuit (10 g)""},{""unit"":""g"",""grams"":1}]","Open Food Facts (ODbL)"
2e34cc66-5bb0-4be2-9e14-9a6a51373cc6,off,"Mango bite","Parle",8901719210419,391,0,97.8,0,0,79.3,0,"[{""unit"":""serving"",""grams"":100,""description"":""100g""},{""unit"":""g"",""grams"":1}]","Open Food Facts (ODbL)"
4eb903e2-6cde-4202-91f4-97ad165f7b80,off,"Prabhuji khatta meetha 400g(22)","Prabhuji",8901721000237,571,10.1,46.1,38.4,3.1,20.9,220,"[{""unit"":""serving"",""grams"":25,""description"":""1 portion (25 g)""},{""unit"":""g"",""grams"":1}]","Open Food Facts (ODbL)"
25587298-7019-4978-887e-bdbef383d8c4,off,"Multi -Millet Mix","Aashirvaad",8901725000899,363,9,76.7,4.2,10.8,4.1,7,"[{""unit"":""serving"",""grams"":20,""description"":""20g""},{""unit"":""g"",""grams"":1}]","Open Food Facts (ODbL)"
05434bec-5056-417b-8d34-e0ea4dd40eb4,off,"Sunfeast Dark Fantasy Chocolate Shake 300ml","Sunfeast",8901725001124,109,3.1,17.3,3,0,17,95,"[{""unit"":""serving"",""grams"":100,""description"":""100g""},{""unit"":""g"",""grams"":1}]","Open Food Facts (ODbL)"
78628c85-c02d-496a-b902-3e267264300a,off,"Sunfeast mango smoothie btl","Sunfeast",8901725001230,83,1,17.4,1,0,17,41,"[{""unit"":""serving"",""grams"":150,""description"":""150ml""},{""unit"":""g"",""grams"":1}]","Open Food Facts (ODbL)"
641db564-1126-4fe2-9437-1eec9b3aa958,off,"Potato Chips Salted","Bingo",8901725007096,553,7,54.7,34.9,1.8,0.7,573,"[{""unit"":""serving"",""grams"":100,""description"":""100g""},{""unit"":""g"",""grams"":1}]","Open Food Facts (ODbL)"
92b96773-5dc1-4051-84dc-248c16857c85,off,"B Natural Select Tender Coconut Water","B Natural",8901725008307,21,0,5.2,0,0,5.2,20,"[{""unit"":""serving"",""grams"":150,""description"":""150ml""},{""unit"":""g"",""grams"":1}]","Open Food Facts (ODbL)"
fcc33b9a-8e55-4ec1-9622-23f752b4b5d8,off,"Super Millets Ragi And Jowar Cookies","Sunfeast",8901725010805,496,6.2,56.7,27.9,3.2,21,470,"[{""unit"":""serving"",""grams"":12.5,""description"":""12.5 g""},{""unit"":""g"",""grams"":1}]","Open Food Facts (ODbL)"
7134470a-a089-4ab5-a151-866f8409b4ff,off,"Whole Mustard","Aashirvaad",8901725014759,152,6.9,4.3,11.2,0.5,1.7,1860,"[{""unit"":""serving"",""grams"":100,""description"":""100g""},{""unit"":""g"",""grams"":1}]","Open Food Facts (ODbL)"
e4e0346d-04be-47a7-ad77-52722bd0c357,off,"Sunfeast Marie Light Vita Orange","Sunfeast",8901725015435,449,9.3,73.5,13.4,0,20.8,333,"[{""unit"":""serving"",""grams"":100,""description"":""100g""},{""unit"":""g"",""grams"":1}]","Open Food Facts (ODbL)"
4814bb4f-58cf-4932-b394-d537f7ea1293,off,"Dark Fantasy Bourbon Biscuit","Sunfeast",8901725016296,469,5.9,72.3,17.9,0,38.4,55,"[{""unit"":""serving"",""grams"":20,""description"":""20g""},{""unit"":""g"",""grams"":1}]","Open Food Facts (ODbL)"
2b61dc68-bf1a-4784-8407-e1c94c6f992a,off,"Aashirvaad Superior MP Atta","Aashirvaad",8901725016838,338,10.7,76,1.3,10.4,3.6,0,"[{""unit"":""serving"",""grams"":60,""description"":""60g""},{""unit"":""g"",""grams"":1}]","Open Food Facts (ODbL)"
cca69620-4fcf-4417-a9e1-68b8af77ff04,off,"Aashirvaad Whole Wheat Atta","Aashirvaad is sold by ITC Limited",8901725016869,338,10.7,76,1.3,10.3,3.7,1500,"[{""unit"":""serving"",""grams"":60,""description"":""60 g""},{""unit"":""g"",""grams"":1}]","Open Food Facts (ODbL)"
827c9d76-e0d6-4b54-bd50-5ebba69a746d,off,"Yippee noodles (snack pack)","Sunfeast",8901725018016,466,9,64.5,19.1,0,3.1,1182200,"[{""unit"":""serving"",""grams"":100,""description"":""100g""},{""unit"":""g"",""grams"":1}]","Open Food Facts (ODbL)"
0e1360d5-b781-4398-9c8a-4baf06f20e96,off,"Noodles","Yippee",8901725019747,444,8.5,65.7,17.2,0,3.4,1608200,"[{""unit"":""serving"",""grams"":100,""description"":""100g""},{""unit"":""g"",""grams"":1}]","Open Food Facts (ODbL)"
cd90610c-182a-4434-a142-5f8e7067f945,off,"Yippee! Korean Fiery Hot","Yippee!",8901725019754,439,8.5,64.7,17.1,0,2.7,1771,"[{""unit"":""serving"",""grams"":100,""description"":""100g""},{""unit"":""g"",""grams"":1}]","Open Food Facts (ODbL)"
9ac6f619-601c-4867-8802-9f71969a65f9,off,"B Natural Mixed fruit 1ltr tpk","ITC Limied",8901725100025,48,0.1,12.4,0,0.7,11.6,1,"[{""unit"":""serving"",""grams"":150,""description"":""150ml""},{""unit"":""g"",""grams"":1}]","Open Food Facts (ODbL)"
be03e3f0-b191-4227-8155-9538b880c6ab,off,"B Natural Orange Juice 1ltr tpk","B Natural",8901725100131,33,0.2,7.4,0.1,0.6,7.3,11,"[{""unit"":""serving"",""grams"":150,""description"":""150ml""},{""unit"":""g"",""grams"":1}]","Open Food Facts (ODbL)"
ff8f444e-400f-485e-9fc9-a9f297621ae6,off,"Dark Fantasy Choco Fills","Sunfeast",8901725101381,520,7.3,61.6,27.2,0,35.8,184,"[{""unit"":""serving"",""grams"":100,""description"":""100g""},{""unit"":""g"",""grams"":1}]","Open Food Facts (ODbL)"
07d97a48-2b64-4320-9788-af9058ccf726,off,"Yippee tricolour pasta","Sunfeast",8901725111168,346,10.7,72.6,2.5,0,5.5,1474,"[{""unit"":""serving"",""grams"":100,""description"":""100g""},{""unit"":""g"",""grams"":1}]","Open Food Facts (ODbL)"
1810c488-65fa-4134-b7bb-266adeaf2419,off,"Mishti Doi","Aashirvaad",8901725117948,175,4.3,24.9,6.8,0,24.9,0,"[{""unit"":""serving"",""grams"":75,""description"":""75g""},{""unit"":""g"",""grams"":1}]","Open Food Facts (ODbL)"
dd7917e6-e671-4d26-acba-0b73371f8b88,off,"BINGO! Hashtag Cream & Onion","ITC Limited",8901725119843,540,7.1,56.1,31.9,0,2.4,652600,"[{""unit"":""serving"",""grams"":100,""description"":""100g""},{""unit"":""g"",""grams"":1}]","Open Food Facts (ODbL)"
b25329ec-f048-40ea-b968-9277e445a2f5,off,"Aashirbaad 5kg select aata","Aashirvaad",8901725121228,338,10,76,1.5,10.4,3.5,2,"[{""unit"":""serving"",""grams"":100,""description"":""1 portion (100 g)""},{""unit"":""g"",""grams"":1}]","Open Food Facts (ODbL)"
99669973-945d-441f-af93-7a1b8b2af9d7,off,"Aashirvaad Superior MP Atta","ITC",8901725121723,338,10.7,76,1.3,10.4,3.6,1500,"[{""unit"":""serving"",""grams"":100,""description"":""100g""},{""unit"":""g"",""grams"":1}]","Open Food Facts (ODbL)"
0ff5f78f-e942-4fe6-8063-387635ac20de,off,"dark fantasy Choc Fills","Sunfeast",8901725132873,504,5.7,63.9,25,0,37.6,40,"[{""unit"":""serving"",""grams"":100,""description"":""100g""},{""unit"":""g"",""grams"":1}]","Open Food Facts (ODbL)"
4fcec0d9-0e80-4743-af9c-be6582d0e5de,off,"wai wai noodles","Wai Wai",8901741000910,472,9,66.3,19,3,0,0,"[{""unit"":""serving"",""grams"":65,""description"":""65.0g""},{""unit"":""g"",""grams"":1}]","Open Food Facts (ODbL)"
6f62d7c8-6568-4ddf-b77a-f7edc33bb8f8,off,"Wai Wai instant noodles","Wai Wai",8901741000927,495,10.7,60.5,21.5,0,2.1,1680,"[{""unit"":""serving"",""grams"":100,""description"":""100g""},{""unit"":""g"",""grams"":1}]","Open Food Facts (ODbL)"
6080ceb2-f200-4a90-bcf8-4ae2e500b532,off,"Wagh Bakri navchetan strong leaf tea","Wagh Bakri",8901747000518,0,0,0,0,0,0,2,"[{""unit"":""serving"",""grams"":100,""description"":""100g""},{""unit"":""g"",""grams"":1}]","Open Food Facts (ODbL)"
8038de05-cd56-4b57-8502-57d0fa2035c9,off,"Wagh Bakri premium leaf tea","Wagh Bakri",8901747001539,0,0,0,0,0,0,2,"[{""unit"":""serving"",""grams"":100,""description"":""100g""},{""unit"":""g"",""grams"":1}]","Open Food Facts (ODbL)"
fa2ec8c2-d8aa-48e6-b68a-36edd2cf47c4,off,"Wagh Bakri tea","Wagh Bakri",8901747001546,0,0,0,0,0,0,2,"[{""unit"":""serving"",""grams"":100,""description"":""100g""},{""unit"":""g"",""grams"":1}]","Open Food Facts (ODbL)"
f9e69b15-5f9f-45b2-bafd-9ea917523a5e,off,"Mili premium Strong Leaf Tea","Wagh Bakri",8901747002086,0,0,0,0,0,0,2,"[{""unit"":""serving"",""grams"":100,""description"":""100g""},{""unit"":""g"",""grams"":1}]","Open Food Facts (ODbL)"
fa8336b5-78f3-4ef5-a53b-86d978bd446d,off,"Garam Masala","Ruchi",8901748000852,349,12.8,45.8,12.2,0,0,1023,"[{""unit"":""serving"",""grams"":25,""description"":""25g""},{""unit"":""g"",""grams"":1}]","Open Food Facts (ODbL)"
e96f8db5-766a-442b-978e-1be67e22dcc3,off,"Coca Cola Coke Brand 750ml","Coca-Cola",8901764012273,44,0,11,0,0,11,0,"[{""unit"":""serving"",""grams"":750,""description"":""750g""},{""unit"":""g"",""grams"":1}]","Open Food Facts (ODbL)"
23db770a-27ad-498f-8c73-364779d2d19e,off,"Coke Brand Coca Cola 2ltr","Coca cola",8901764012501,44,0,10.9,0,0,10.6,8,"[{""unit"":""serving"",""grams"":200,""description"":""200 ml""},{""unit"":""g"",""grams"":1}]","Open Food Facts (ODbL)"
98bb0e1e-8274-4d1a-8fe0-517c39eb1ddb,off,"Fanta Orange Flv 750ml","The Coca-cola company",8901764022272,52,0,13,0,0,13,0,"[{""unit"":""serving"",""grams"":200,""description"":""200 ml""},{""unit"":""g"",""grams"":1}]","Open Food Facts (ODbL)"
2243a424-1261-4b0d-a1fe-8cb7aafda3bd,off,"Fanta Orange Flv 2L","Coca-Cola Company",8901764022401,56,0,14,0,0,13.7,22,"[{""unit"":""serving"",""grams"":200,""description"":""200ml""},{""unit"":""g"",""grams"":1}]","Open Food Facts (ODbL)"
65b27320-387a-4939-a1b6-ae67bcfaab85,off,"Sprite","Sprite",8901764032806,49,0,12.2,0,0,11.7,0,"[{""unit"":""serving"",""grams"":200,""description"":""200ml""},{""unit"":""g"",""grams"":1}]","Open Food Facts (ODbL)"
9e9590a6-61ff-4327-9aa0-7e113a439e01,off,"Sprite","Sprite",8901764032905,40,0,10,0,0,9.8,14,"[{""unit"":""serving"",""grams"":100,""description"":""100g""},{""unit"":""g"",""grams"":1}]","Open Food Facts (ODbL)"
1dbe8518-8f24-4a88-8003-baafb01c3725,off,"Sprite","sprite",8901764032912,49,0,12.2,0,0,11.7,10,"[{""unit"":""serving"",""grams"":100,""description"":""100g""},{""unit"":""g"",""grams"":1}]","Open Food Facts (ODbL)"
afd6cdf9-40e0-4338-b808-9ef2a18b0d45,off,"Thums Up 300ml can","Coca Cola",8901764041259,42,0,10.5,0,0,10.5,0,"[{""unit"":""serving"",""grams"":200,""description"":""1.5 serving (200 ml)""},{""unit"":""g"",""grams"":1}]","Open Food Facts (ODbL)"
29cb045a-9e75-4f08-b3c2-da434f14a396,off,"Thumsup","Coca-Cola",8901764042904,39,0,9.7,0,0,9.5,22,"[{""unit"":""serving"",""grams"":100,""description"":""100ml""},{""unit"":""g"",""grams"":1}]","Open Food Facts (ODbL)"
e726fcbc-81fb-47e8-bc5a-27ae53c4e056,off,"Limca lime lemon drink 750ml","Coca-Cola",8901764052279,44,0,11.1,0,0,10.7,0,"[{""unit"":""serving"",""grams"":200,""description"":""200ml""},{""unit"":""g"",""grams"":1}]","Open Food Facts (ODbL)"
fa1c3331-de5d-4dfe-92b7-3a9d4250b52b,off,"Limca","Pepsi",8901764052910,100,0,25,0,0,25,50,"[{""unit"":""serving"",""grams"":250,""description"":""250 ml""},{""unit"":""g"",""grams"":1}]","Open Food Facts (ODbL)"
b725de18-a4d7-4e07-be08-87ff55b1230b,off,"Kinley Soda 750ml","kinley",8901764072277,0,0,0,0,0,0,2,"[{""unit"":""serving"",""grams"":100,""description"":""100ml""},{""unit"":""g"",""grams"":1}]","Open Food Facts (ODbL)"
dc44153a-5089-42b1-b4de-90a6872f0e27,off,"Kinley water","Kinley",8901764082252,0,0,0,0,0,0,0,"[{""unit"":""serving"",""grams"":100,""description"":""100g""},{""unit"":""g"",""grams"":1}]","Open Food Facts (ODbL)"
073b8794-e138-4735-9808-9c6bc2e255fe,off,"Maaza Original 600ml","Maaza",8901764092206,63,0,15.8,0,0,14.9,22,"[{""unit"":""serving"",""grams"":100,""description"":""100g""},{""unit"":""g"",""grams"":1}]","Open Food Facts (ODbL)"
4563c99a-0964-4217-ad7d-dcc948109823,off,"Coke Zero Can","Coca-Cola",8901764111105,0,0,0,0,0,0,3000,"[{""unit"":""serving"",""grams"":100,""description"":""100g""},{""unit"":""g"",""grams"":1}]","Open Food Facts (ODbL)"
beb0fbd8-b195-4e63-bd5c-695cbb050f82,off,"Maaza","Coca-Cola",8901764175015,48,0,12,0,0,11.8,18,"[{""unit"":""serving"",""grams"":125,""description"":""125 ml""},{""unit"":""g"",""grams"":1}]","Open Food Facts (ODbL)"
ee349e21-6337-4779-8cce-df6cdc3dd140,off,"Carbonate Water","Sprite",8901764692017,50,0,12.4,0,0,12.4,0,"[{""unit"":""serving"",""grams"":200,""description"":""1 portion (200 ml)""},{""unit"":""g"",""grams"":1}]","Open Food Facts (ODbL)"
4a91fe35-4e31-421f-ae0e-5ff8cabed98f,off,"Vadilal bomber","Vadilal",8901777960042,394,2.6,34.3,27.4,0,30.8,68,"[{""unit"":""serving"",""grams"":65,""description"":""65 ml""},{""unit"":""g"",""grams"":1}]","Open Food Facts (ODbL)"
8db36122-0e4c-4504-a661-7c7d46729fd4,off,"Meat masala","Everest",8901786151004,400,14,58,10,0,4,1900,"[{""unit"":""serving"",""grams"":5,""description"":""1 teaspoon (5 g)""},{""unit"":""g"",""grams"":1}]","Open Food Facts (ODbL)"
36cb1a1b-060a-4c5b-9fea-8303abbb00b8,off,"Chicken masala Spice Mix","Everest",8901786161003,400,18,38,12,0,0.6,2400,"[{""unit"":""serving"",""grams"":5,""description"":""1 portion (5 g)""},{""unit"":""g"",""grams"":1}]","Open Food Facts (ODbL)"
bab3c218-406b-4aa5-a259-588f0b90a6f2,off,"Everest Kashmiri Lal / Red Mirch Powder","Everest",8901786411009,20,1,2,1,0,0,0,"[{""unit"":""serving"",""grams"":5,""description"":""1 portion (5 g)""},{""unit"":""g"",""grams"":1}]","Open Food Facts (ODbL)"
94f8e186-72aa-42c7-bf75-ad79e645c619,off,"Tasteeto Chilli Flakes","Everest",8901786670307,318,12,56.6,17.3,1.6,10.3,30,"[{""unit"":""serving"",""grams"":0.5,""description"":""0.45g""},{""unit"":""g"",""grams"":1}]","Open Food Facts (ODbL)"
0afa38d8-afe6-4e8e-99b0-bf09e20e773b,off,"Ginger Garlic Paste",,8901786761005,35,0.9,5.3,1.2,0,0.3,853,"[{""unit"":""serving"",""grams"":100,""description"":""100g""},{""unit"":""g"",""grams"":1}]","Open Food Facts (ODbL)"
7208f0b8-f433-4f5c-8162-568e2d93afa3,off,"weikfield corn starch","Weikfield",8901808000044,350,0,87.2,0,0,0,15,"[{""unit"":""serving"",""grams"":8,""description"":""8 g""},{""unit"":""g"",""grams"":1}]","Open Food Facts (ODbL)"
842970f6-5ae1-4755-b852-5659898db8e1,off,"Cornstarch","Weikfield",8901808000051,350,0,87.2,0,0,0,15,"[{""unit"":""serving"",""grams"":1,""description"":""1 g""},{""unit"":""g"",""grams"":1}]","Open Food Facts (ODbL)"
0a470d42-873e-49a0-986b-6b3619151081,off,"WeiKFiELD","Weikfield",8901808000068,358,1,88.4,0,0.8,0,280,"[{""unit"":""serving"",""grams"":100,""description"":""100g""},{""unit"":""g"",""grams"":1}]","Open Food Facts (ODbL)"
8ea78b06-6915-43fb-9bc0-475ae28c7b54,off,"Verka Shakti Milk","Verka",8901826601209,71,3,4.7,4.5,0,4.7,55,"[{""unit"":""serving"",""grams"":100,""description"":""1 portion (100 ml)""},{""unit"":""g"",""grams"":1}]","Open Food Facts (ODbL)"
f0bf6c44-8a6c-4ede-8225-1cdb13f005d2,off,"Verka Dahi Cup","Verka",8901826803702,58,3.7,4,3,0,4,68,"[{""unit"":""serving"",""grams"":100,""description"":""100 g""},{""unit"":""g"",""grams"":1}]","Open Food Facts (ODbL)"
0132a247-d4ce-4006-8028-95cef2fff7d8,off,"Dahi","Verka",8901826902405,43,3.7,4,1.3,0,4,66,"[{""unit"":""serving"",""grams"":100,""description"":""100g""},{""unit"":""g"",""grams"":1}]","Open Food Facts (ODbL)"
57549098-193d-442f-9ba0-0980969ad42b,off,"Apple Juice no added sugars+ no added preservatives",,8901888005366,48,0,12,0,0,12,40,"[{""unit"":""serving"",""grams"":100,""description"":""100g""},{""unit"":""g"",""grams"":1}]","Open Food Facts (ODbL)"
1851d7c3-278d-4aac-bddd-6a2cc111557e,off,"Real active 100% orange juice","Real",8901888005397,44,0,11,0,0,11,8,"[{""unit"":""serving"",""grams"":100,""description"":""100 g""},{""unit"":""g"",""grams"":1}]","Open Food Facts (ODbL)"
5be9adb0-4c22-47d0-91c4-66ce7eaa65a9,off,"Real activ 100% mixed fruit juice","Real",8901888005410,48,0,11.7,0,0,11.4,2,"[{""unit"":""serving"",""grams"":100,""description"":""100g""},{""unit"":""g"",""grams"":1}]","Open Food Facts (ODbL)"
0e1b0da7-012a-4416-90c7-414ac882932a,off,"Real Masala Mixed Fruit Juice","Real",8901888005748,49,0,12.2,0,0,12.2,110,"[{""unit"":""serving"",""grams"":100,""description"":""100ml""},{""unit"":""g"",""grams"":1}]","Open Food Facts (ODbL)"
6887ee13-9e98-45dd-ba41-a7e781b336c5,off,"Real fruit power mixed fruit 1ktr tpk",,8901888040350,52,0.2,13.4,0,0,13.1,0,"[{""unit"":""serving"",""grams"":100,""description"":""100g""},{""unit"":""g"",""grams"":1}]","Open Food Facts (ODbL)"
caccf95b-1a94-4c6a-9e25-e551f70c2324,off,"Tick time","Dukes",8901972086158,484,8.4,61.4,22.7,0,61.4,786,"[{""unit"":""serving"",""grams"":48,""description"":""48 g""},{""unit"":""g"",""grams"":1}]","Open Food Facts (ODbL)"
55f34d7c-d7c6-4c28-850e-78a6fe3dea99,off,"Brown Bread","Kitty",8902027006282,327,12.3,61.4,1.7,8.4,7.3,298,"[{""unit"":""serving"",""grams"":100,""description"":""100g""},{""unit"":""g"",""grams"":1}]","Open Food Facts (ODbL)"
674b5654-4799-4d13-8b74-82b6bb82f170,off,"Sting Energy","Sting",8902080000227,28,0,7,0,0,6.8,53,"[{""unit"":""serving"",""grams"":100,""description"":""100g""},{""unit"":""g"",""grams"":1}]","Open Food Facts (ODbL)"
6feb16b5-8936-4cf7-b605-d6f011ce4289,off,"Gatorade blue bolt flv 500ml","Gatorade",8902080002320,1,0,0,0,0,0,47,"[{""unit"":""serving"",""grams"":100,""description"":""1 1 (100 ml)""},{""unit"":""g"",""grams"":1}]","Open Food Facts (ODbL)"
575dc97e-a5ae-40b1-8aa9-bbfb1f0f5673,off,"Gatorade zero sugar lemon lime","Gatorade",8902080002344,1,0,0,0,0,0,0,"[{""unit"":""serving"",""grams"":100,""description"":""100g""},{""unit"":""g"",""grams"":1}]","Open Food Facts (ODbL)"
a59ef223-cb7a-4a96-9f2f-793730e1ebb4,off,"nimbooz","7up",8902080003075,42,0,10.6,0,0,10.6,65,"[{""unit"":""serving"",""grams"":100,""description"":""1 - (100 ml)""},{""unit"":""g"",""grams"":1}]","Open Food Facts (ODbL)"
8f580efa-4652-4ab2-9486-382c9da7e904,off,"Tropicana Orange Delight juice 1ltr","Tropicana",8902080013296,50,0.1,12.4,0,0,12,0,"[{""unit"":""serving"",""grams"":100,""description"":""100g""},{""unit"":""g"",""grams"":1}]","Open Food Facts (ODbL)"
6970376f-8d0c-451b-9da2-16d633ab575f,off,"Tropicana Mixed Fruit Delight 1ltr Juice","Tropicana",8902080013395,49,0,12.3,0,0,12,0,"[{""unit"":""serving"",""grams"":100,""description"":""100g""},{""unit"":""g"",""grams"":1}]","Open Food Facts (ODbL)"
b91f2711-fac2-40ae-b01d-39f254528df7,off,"Adrenaline rush","PepsiCo",8902080100361,28,0,7,0,0,6.9,38,"[{""unit"":""serving"",""grams"":100,""description"":""100g""},{""unit"":""g"",""grams"":1}]","Open Food Facts (ODbL)"
7bba8596-c645-429e-9a20-24a59a832c2c,off,"Adrenaline Rush Ultimate Performance Energy Drink","Pepsico",8902080100415,28,0,7,0,0,6.8,38,"[{""unit"":""serving"",""grams"":300,""description"":""300 ml""},{""unit"":""g"",""grams"":1}]","Open Food Facts (ODbL)"
a5faa97d-c334-4fb4-99c9-c91c16073f43,off,"Pepsi cola","Pepsico",8902080104024,43,0,10.9,0,0,10.9,300,"[{""unit"":""serving"",""grams"":100,""description"":""100g""},{""unit"":""g"",""grams"":1}]","Open Food Facts (ODbL)"
8e42461a-2bc5-4572-a88a-3f68d7f375de,off,"Mirinda can 330ml",,8902080205042,27,0,6.8,0,0,6.8,6,"[{""unit"":""serving"",""grams"":100,""description"":""100g""},{""unit"":""g"",""grams"":1}]","Open Food Facts (ODbL)"
f6925062-c0f4-4b34-a686-ae69d594dda5,off,"Mountain Dew","Pepsico",8902080364053,49,0,12.3,0,0,0,8,"[{""unit"":""serving"",""grams"":100,""description"":""1 portion (100 ml)""},{""unit"":""g"",""grams"":1}]","Open Food Facts (ODbL)"
033b5260-9f9c-4a14-a9c5-6c73a399b3cb,off,"Mountain Dew","MEWATI 🔔",8902080364565,49,0,12.3,0,0,12.3,8,"[{""unit"":""serving"",""grams"":100,""description"":""100g""},{""unit"":""g"",""grams"":1}]","Open Food Facts (ODbL)"
d9b84e3e-4f7e-4b7a-93ea-c99eb35f51be,off,"slice","PEPSICO INDIA HOLDINGS PVT LTD.",8902080404117,50,0,12.5,0,0,10.8,7,"[{""unit"":""serving"",""grams"":200,""description"":""200 ML""},{""unit"":""g"",""grams"":1}]","Open Food Facts (ODbL)"
62c84ddb-e9cd-402f-b5c4-5b8165289790,off,"Packaged Drinking Water","Aquafina is sold by PepsiCo",8902080504060,0,0,0,0,0,0,1,"[{""unit"":""serving"",""grams"":250,""description"":""250 ml""},{""unit"":""g"",""grams"":1}]","Open Food Facts (ODbL)"
ad9eb828-3244-4149-8ce2-fd568260b01e,off,"Sangam Curd","Sangam",8902133055662,59,3.5,4.4,3,0,0,30,"[{""unit"":""serving"",""grams"":112.5,""description"":""112.5g""},{""unit"":""g"",""grams"":1}]","Open Food Facts (ODbL)"
ce43584c-0bad-49f4-add1-607edbdeb8d3,off,"Chunky chat masala - Préparation pour assaisonner les fruits, les plats salés et les salades","MDH",8902167000065,165,5,25,5,0,0,18400,"[{""unit"":""serving"",""grams"":100,""description"":""100g""},{""unit"":""g"",""grams"":1}]","Open Food Facts (ODbL)"
9ab57e49-5f75-40e3-8dc5-bac60f1d1929,off,"MEAT KA MASALA","Mdh",8902167000140,303,12.5,52.6,15.1,0,0,561,"[{""unit"":""serving"",""grams"":100,""description"":""100g""},{""unit"":""g"",""grams"":1}]","Open Food Facts (ODbL)"
3e34ab91-3be2-4127-8995-6c6ad4737840,off,"anmol swiss roll",,8902268014688,328,6.5,66,3.5,3.5,31,17,"[{""unit"":""serving"",""grams"":100,""description"":""100g""},{""unit"":""g"",""grams"":1}]","Open Food Facts (ODbL)"
6975b576-d775-406a-b44f-4a9ecb071ee2,off,"Top ROYALE Butter & CHEESE","Anmol",8902268015852,504,7.3,65.5,23.7,0,10.1,557,"[{""unit"":""serving"",""grams"":100,""description"":""100g""},{""unit"":""g"",""grams"":1}]","Open Food Facts (ODbL)"
10f4d829-c0f4-43ae-862c-a3c66b7b86be,off,"Oral Rehydration Salts I.P. Electral","FDC LIMITED",8902346012353,250,0,62.5,0,0,62.5,4736,"[{""unit"":""serving"",""grams"":21.6,""description"":""21.6 g""},{""unit"":""g"",""grams"":1}]","Open Food Facts (ODbL)"
17e7a013-30ec-45ce-9ba4-2ea54696ba34,off,"Enerzal Orange Flavour","Enerzal",8902346050560,360,0,90,0,0,90,950,"[{""unit"":""serving"",""grams"":15,""description"":""15g""},{""unit"":""g"",""grams"":1}]","Open Food Facts (ODbL)"
0510ec7d-49e0-42e8-a30e-6c76d132773d,off,"SNICKERS BUTTERSCOTCH FLAVOUR","SNICKERS",8902433003134,501,9.9,56.3,26.6,0,44.8,200,"[{""unit"":""serving"",""grams"":20,""description"":""20 g""},{""unit"":""g"",""grams"":1}]","Open Food Facts (ODbL)"
80f1434a-514c-485b-b7a5-e1e5e590f5a4,off,"galaxy milk chocolate smooth milk","mars International india pvt ltd",8902433003707,539,6.8,55.2,32.3,0.4,54.7,75,"[{""unit"":""serving"",""grams"":100,""description"":""100g""},{""unit"":""g"",""grams"":1}]","Open Food Facts (ODbL)"
f88c5a08-7c2d-4cf6-8125-3bcbbcd99cd4,off,"Galaxy Fusions Dark Chocolate","Galaxy",8902433005688,568,7.5,30.8,43.1,0,27,6,"[{""unit"":""serving"",""grams"":20,""description"":""20 g""},{""unit"":""g"",""grams"":1}]","Open Food Facts (ODbL)"
3ff7e2a2-dc3a-4008-9b7b-82fcaa4b9a4b,off,"70%coCÓA","Galaxy",8902433005763,568,7.5,30.8,43.1,0,26.9,6,"[{""unit"":""serving"",""grams"":100,""description"":""1 portion (100 g)""},{""unit"":""g"",""grams"":1}]","Open Food Facts (ODbL)"
8f859026-ce36-435b-a293-bd1c0b8613f9,off,"Miniatures","Bounty",8902433007989,490,3.9,59.4,25.8,0,0,100,"[{""unit"":""serving"",""grams"":100,""description"":""100 g""},{""unit"":""g"",""grams"":1}]","Open Food Facts (ODbL)"
48824a07-0e7a-4f23-a23a-95ec1fe91dc1,off,"Snickers Chocolate Bar",,8902433030598,477,7.2,61,22.6,0,55.9,231,"[{""unit"":""serving"",""grams"":100,""description"":""100g""},{""unit"":""g"",""grams"":1}]","Open Food Facts (ODbL)"
656c9afa-bce0-42d7-ad01-af7a888139f1,off,"Frooti 125ml","Frooti",8902579001360,63,0,15.8,0,0,15.6,19,"[{""unit"":""serving"",""grams"":125,""description"":""125ml""},{""unit"":""g"",""grams"":1}]","Open Food Facts (ODbL)"
49191e8e-e6d2-4a00-abd8-7fe074d5eed5,off,"Appy fizz","Parle Agro",8902579002053,49,0.3,10.7,0.1,1.3,10.1,0,"[{""unit"":""serving"",""grams"":375,""description"":""1 portion (375 ml)""},{""unit"":""g"",""grams"":1}]","Open Food Facts (ODbL)"
b96ea245-f885-4646-ba3d-fe4ae3e0309a,off,"Appy Fizz","Appy Fuzz",8902579002121,56,0,14,0,0,13.9,0,"[{""unit"":""serving"",""grams"":160,""description"":""160 gran (160 ml)""},{""unit"":""g"",""grams"":1}]","Open Food Facts (ODbL)"
d4369eab-317b-428f-b54e-b9450912a51e,off,"Smoodh chocolate","Parle Agro",8902579002299,84,2.3,14.6,1.8,0,13.7,68,"[{""unit"":""serving"",""grams"":100,""description"":""100g""},{""unit"":""g"",""grams"":1}]","Open Food Facts (ODbL)"
deb712d3-e6e9-44c9-a787-1bbdc754e690,off,"Smoodh Flavoured Milk","Smoodh",8902579003609,82,2.2,14.2,1.8,0,13.7,0,"[{""unit"":""serving"",""grams"":100,""description"":""100g""},{""unit"":""g"",""grams"":1}]","Open Food Facts (ODbL)"
e101ee77-b451-4c82-9950-4f6d6a3b3b26,off,"SMOODH Kesar Badam","Parle Agro",8902579004309,84,1.9,14.9,1.8,0,14.6,63,"[{""unit"":""serving"",""grams"":80,""description"":""80ml""},{""unit"":""g"",""grams"":1}]","Open Food Facts (ODbL)"
9e7dc6ed-794f-4384-9ce6-4fdb8a260a86,off,"SMOODH Flavoured Milk (kesar Badam)","Parlē Agro",8902579004316,84,1.9,14.9,1.8,0,14.6,63,"[{""unit"":""serving"",""grams"":150,""description"":""150ml""},{""unit"":""g"",""grams"":1}]","Open Food Facts (ODbL)"
fda283ca-6761-4990-a8cf-b475a8dcd511,off,"frroti","Parle Agro",8902579103170,65,0,16.2,0,0,13.3,0,"[{""unit"":""serving"",""grams"":100,""description"":""100g""},{""unit"":""g"",""grams"":1}]","Open Food Facts (ODbL)"
a55f06d6-c1b8-489e-afd5-9dc85805ec3a,off,"Packaged Drinking Water","Bailey",8902579203016,0,0,0,0,0,0,0,"[{""unit"":""serving"",""grams"":100,""description"":""100g""},{""unit"":""g"",""grams"":1}]","Open Food Facts (ODbL)"
14a1abb2-ca31-40e3-8960-f6d46640ee71,off,"Baggry’s No Added Sugar muesli","Baggrys",8902710500509,380,10.3,77.3,5,8,1.3,500,"[{""unit"":""serving"",""grams"":30,""description"":""1 portion (30 g)""},{""unit"":""g"",""grams"":1}]","Open Food Facts (ODbL)"
1c1262d8-8a7a-4c65-a4b7-85f2b83debbc,off,"Bagrry`s Crunchy Muesli","Bagrry's",8902710500776,372,9,77.3,6,13.7,10.5,252,"[{""unit"":""serving"",""grams"":100,""description"":""100g""},{""unit"":""g"",""grams"":1}]","Open Food Facts (ODbL)"
c9390bb2-1e35-48a3-8acd-85961de1f24a,off,"Cheese Corn Nuggets","Godrej Yummiez",8902756661943,280,9.9,30.3,12.9,0,2.6,462,"[{""unit"":""serving"",""grams"":100,""description"":""100g""},{""unit"":""g"",""grams"":1}]","Open Food Facts (ODbL)"
fc6f8cf4-0a18-4c39-953b-96857aa64ea1,off,"Besan","Good Life",8902901001594,330,21.9,46.7,5.3,5.5,1.1,21,"[{""unit"":""serving"",""grams"":100,""description"":""100g""},{""unit"":""g"",""grams"":1}]","Open Food Facts (ODbL)"
7bea2036-8c37-4f53-bd94-e864a5b2091c,off,"besan","Good Life",8902901001600,330,21.9,46.7,5.3,5.5,1.1,21,"[{""unit"":""serving"",""grams"":100,""description"":""100g""},{""unit"":""g"",""grams"":1}]","Open Food Facts (ODbL)"
0e0d61d7-dfd2-4d51-92cb-16e23b29f278,off,"Good Life Chakki Atta 5 Kg Bag","good life",8902901001709,340,9.6,68.6,1.5,6.8,1.6,2,"[{""unit"":""serving"",""grams"":100,""description"":""100g""},{""unit"":""g"",""grams"":1}]","Open Food Facts (ODbL)"
64873497-3e20-44e3-a27b-d8eb8063767f,off,"Maida","Good Life",8902901001730,346,10.4,74.3,0.8,6.8,1.8,2,"[{""unit"":""serving"",""grams"":100,""description"":""100g""},{""unit"":""g"",""grams"":1}]","Open Food Facts (ODbL)"
2f71d7b8-fa8a-473e-9896-34b0d6b68786,off,"Desi kitchen Kodo millet","Desi Kitchen",8902901027839,356,11,64.3,4.2,8.5,0,3,"[{""unit"":""serving"",""grams"":100,""description"":""100g""},{""unit"":""g"",""grams"":1}]","Open Food Facts (ODbL)"
f1f9bae9-2e0d-4299-9d66-cac308fabff7,off,"Millet","Desi Kitchen",8902901027853,356,11,64.3,4.2,8.5,0,3,"[{""unit"":""serving"",""grams"":100,""description"":""100g""},{""unit"":""g"",""grams"":1}]","Open Food Facts (ODbL)"
48683492-b183-45fb-a1f1-3cb2ddadc79e,off,"Crystal Sugar","Good Life",8902901031195,392,0,98,0,0,98,0,"[{""unit"":""serving"",""grams"":100,""description"":""100g""},{""unit"":""g"",""grams"":1}]","Open Food Facts (ODbL)"
b470458d-4119-427f-8e04-a4448a0bab7a,off,"Good Life W320 Cashew 200g","GoodLife",8902901223972,616,17.4,23.5,49,5.7,6.6,8,"[{""unit"":""serving"",""grams"":100,""description"":""100g""},{""unit"":""g"",""grams"":1}]","Open Food Facts (ODbL)"
24a8a22a-5c32-404c-b207-055c85be963c,off,"Good Life Fig Anjeer 100g","Good Life",8902901224108,69,1.2,13.5,0.2,4.1,12.2,5,"[{""unit"":""serving"",""grams"":100,""description"":""100g""},{""unit"":""g"",""grams"":1}]","Open Food Facts (ODbL)"
dcb2b610-5431-4c99-aa9d-014a7ea6b5c0,off,"Masoor dal","Good Life",8902901224962,104,9,12.2,0.4,7.9,1.8,2,"[{""unit"":""serving"",""grams"":100,""description"":""100g""},{""unit"":""g"",""grams"":1}]","Open Food Facts (ODbL)"
92a15777-68e1-4c33-8ba8-12672aa22ee5,off,"Cavins kaju Butterscotch Milkshake 180ml","Cavin's",8902979050906,109,3,15,4.1,0,14.8,80,"[{""unit"":""serving"",""grams"":200,""description"":""200ml""},{""unit"":""g"",""grams"":1}]","Open Food Facts (ODbL)"
4edda144-e86f-4b6b-aa73-ef83bca13078,off,"Rose Lassi","Cavin's",8902979051071,99,2.1,18.1,2.1,0,17.3,28,"[{""unit"":""serving"",""grams"":180,""description"":""180g""},{""unit"":""g"",""grams"":1}]","Open Food Facts (ODbL)"
e17f3fed-b877-486b-82ba-6a8da3087536,off,"Raisins","Vedaka",8903023002254,321,3,73.2,0.9,4.2,70.3,5,"[{""unit"":""serving"",""grams"":100,""description"":""100g""},{""unit"":""g"",""grams"":1}]","Open Food Facts (ODbL)"
50196651-e7ee-4b89-8f6f-79cb821aa269,off,"Dessert Protein Powder","Chase",8903081300651,395,74.5,14.2,4,0,1.7,185,"[{""unit"":""serving"",""grams"":35,""description"":""35 g""},{""unit"":""g"",""grams"":1}]","Open Food Facts (ODbL)"
9e4333f4-e547-4b77-8cbe-763e3741630d,off,"Strawberry Cheesecake Protein Bar","Chase Protein",8903081456785,350,40,37.4,5,3.2,0,0,"[{""unit"":""serving"",""grams"":50,""description"":""50 g""},{""unit"":""g"",""grams"":1}]","Open Food Facts (ODbL)"
3ddb084a-e3eb-4fca-a006-5056c1cf2cbc,off,"Cookies And Cream Protein Bar","Chase",8903081678903,350,40,37.4,3.4,3.2,0,0,"[{""unit"":""serving"",""grams"":50,""description"":""50 g""},{""unit"":""g"",""grams"":1}]","Open Food Facts (ODbL)"
7377491f-8867-4587-a000-7910c1b76805,off,"Mango Pickle","Pravin",8903241110038,200,3.3,13.3,14.7,0,2,4770,"[{""unit"":""serving"",""grams"":30,""description"":""30 g""},{""unit"":""g"",""grams"":1}]","Open Food Facts (ODbL)"
6fe42ca3-fa8f-4d84-8c59-e4230993029e,off,"Pravin Mango Pickle","Pravin",8903241110076,138,3.3,24,3.2,0,3.6,1815,"[{""unit"":""serving"",""grams"":30,""description"":""30g""},{""unit"":""g"",""grams"":1}]","Open Food Facts (ODbL)"
d368ba90-36be-40d7-923b-890a89225b06,off,"Pravin","Suhana",8903241110793,130,3.3,24,3.2,0,3.6,1851,"[{""unit"":""serving"",""grams"":100,""description"":""100g""},{""unit"":""g"",""grams"":1}]","Open Food Facts (ODbL)"
6a61ae6f-aebd-4954-a2cc-8de515e03975,off,"Suhana Date Tamarind Chutnet","Pravin",8903241230224,245,0,61,0,0,41.7,830,"[{""unit"":""serving"",""grams"":100,""description"":""100g""},{""unit"":""g"",""grams"":1}]","Open Food Facts (ODbL)"
cc57c1a6-958b-4ea3-b32e-7838d85e0756,off,"Refined Sunflower Oil","Dmart",8903363001726,900,0,0,100,0,0,0,"[{""unit"":""serving"",""grams"":100,""description"":""100g""},{""unit"":""g"",""grams"":1}]","Open Food Facts (ODbL)"
1065bfec-ad24-4e65-96e8-669217c1157b,off,"Foxtail millet","DMart",8903363007032,371,13,68.1,5.2,8.5,0.7,4,"[{""unit"":""serving"",""grams"":100,""description"":""100g""},{""unit"":""g"",""grams"":1}]","Open Food Facts (ODbL)"
147c835d-6089-4a39-aded-3c0489b17c7b,off,"Nutri Delite Crunchies","Nutri Delite",8903363007643,386,6.6,82.5,2.4,7.6,27.9,100,"[{""unit"":""serving"",""grams"":100,""description"":""100g""},{""unit"":""g"",""grams"":1}]","Open Food Facts (ODbL)"
14e2be07-aa58-46ea-aefd-c68ed789cf4f,off,"Roasted Yellow Chana","Dmart Premia",8903363008275,419,16.3,72.2,7.3,0,2,341100,"[{""unit"":""serving"",""grams"":100,""description"":""100g""},{""unit"":""g"",""grams"":1}]","Open Food Facts (ODbL)"
b50c27f7-e1f1-4653-a622-aceacb277be2,off,"Oats","Nutri Delite",8903363008770,407,12.1,67.7,9.7,0,0.9,3,"[{""unit"":""serving"",""grams"":100,""description"":""40 g, (100 g)""},{""unit"":""g"",""grams"":1}]","Open Food Facts (ODbL)"
46cc0dba-40f0-4a70-a9df-c3eec5d6f451,off,"besan","dmart",8903363010179,359,22.4,47,6.7,10.8,10.9,64,"[{""unit"":""serving"",""grams"":100,""description"":""100g""},{""unit"":""g"",""grams"":1}]","Open Food Facts (ODbL)"
ba0a60d5-cc8c-4060-8ba4-b0ce3ae09bba,off,"Brisky Bites Waffle Chips Milk Choco Splash","Brisky Bites",8903363012234,460,6.2,78.6,13.4,0,35.6,244,"[{""unit"":""serving"",""grams"":17.5,""description"":""17.5 g""},{""unit"":""g"",""grams"":1}]","Open Food Facts (ODbL)"
3905fed8-0f99-492a-8635-9d0306114ee8,off,"Mango Pickle","Ram Bandhu",8903553601460,200,3.4,21.3,11.3,0,3.3,0,"[{""unit"":""serving"",""grams"":100,""description"":""100g""},{""unit"":""g"",""grams"":1}]","Open Food Facts (ODbL)"
52ac57c7-7307-4403-826d-8ed25f466972,off,"Palada Payasam Mix","UniTaste",8903666002765,390,5,91,1,1,36,0,"[{""unit"":""serving"",""grams"":25,""description"":""25g""},{""unit"":""g"",""grams"":1}]","Open Food Facts (ODbL)"
de6e4260-cb8f-4804-8625-d05a40d2b862,off,"Gluco+ Strawberry Jelly Energy Drink","Tata",8903754000123,41,0,10.2,0,0,10.2,0,"[{""unit"":""serving"",""grams"":100,""description"":""100g""},{""unit"":""g"",""grams"":1}]","Open Food Facts (ODbL)"
9e65f364-4ddb-4441-9c72-36dc40a62974,off,"Halirams Bhujiya sev 1kg","Haldiram's",8904004400069,592,12.9,37.1,43.5,0,0,308,"[{""unit"":""serving"",""grams"":100,""description"":""100g""},{""unit"":""g"",""grams"":1}]","Open Food Facts (ODbL)"
dc4c24fc-bbb5-4d7a-8b1a-d774cee147a8,off,"Masala moongfali","Haldiram's",8904004400472,637,20.6,21.9,51.9,3.3,0,425,"[{""unit"":""serving"",""grams"":100,""description"":""100g""},{""unit"":""g"",""grams"":1}]","Open Food Facts (ODbL)"
f25ddbc8-9f06-4e8e-82ae-32a8d093dc54,off,"Aloo Bhujia sev","Haldiram",8904004400755,572,9,46.1,37.4,4,0,0,"[{""unit"":""serving"",""grams"":100,""description"":""100g""},{""unit"":""g"",""grams"":1}]","Open Food Facts (ODbL)"
3c05ca7a-fe64-4b0e-b77d-78bbb3de2968,off,"Haldirams Alu Bhujia","Haldiram's",8904004400762,562,8.7,46.1,38.1,0.8,0.2,615,"[{""unit"":""serving"",""grams"":100,""description"":""100g""},{""unit"":""g"",""grams"":1}]","Open Food Facts (ODbL)"
9a269205-bd45-4845-8d6a-7dd590c60824,off,"Haldiram's Aloo Bhujia","Haldiram's",8904004400779,564,9,47.7,37.5,4,0,246,"[{""unit"":""serving"",""grams"":100,""description"":""100g""},{""unit"":""g"",""grams"":1}]","Open Food Facts (ODbL)"
5728662e-0e63-4042-97db-71ca1d3e6086,off,"Haldiram's Khatta Sweet and Salty mix","Haldiram",8904004401134,530,9.3,57.4,29.2,0.5,4.3,144,"[{""unit"":""serving"",""grams"":100,""description"":""100g""},{""unit"":""g"",""grams"":1}]","Open Food Facts (ODbL)"
a011e982-48ca-4350-87d9-0b5c35a910c0,off,"Haldiram's Khatta Meetha","Haldiram's",8904004401189,540,10,58,30,4,14,360,"[{""unit"":""serving"",""grams"":50,""description"":""50 g""},{""unit"":""g"",""grams"":1}]","Open Food Facts (ODbL)"
b23fafc5-8962-464c-8280-e249bc4696a5,off,"All in one","Haldiram's",8904004402056,559,15.4,43.1,36.5,0,0.8,587,"[{""unit"":""serving"",""grams"":100,""description"":""100g""},{""unit"":""g"",""grams"":1}]","Open Food Facts (ODbL)"
86920ffa-e401-4768-863d-6b22d7fc28c8,off,"Panchathanthra mix","Haldiram's",8904004402834,142,1.3,10.5,10.5,0,2.1,96,"[{""unit"":""serving"",""grams"":100,""description"":""1 portion (100 g)""},{""unit"":""g"",""grams"":1}]","Open Food Facts (ODbL)"
1605dad9-c996-44d1-a6de-d5ed8a98092b,off,"tasty nuts","Haldiram's",8904004403633,624,21.2,23.3,49.5,5.2,0,0,"[{""unit"":""serving"",""grams"":100,""description"":""100g""},{""unit"":""g"",""grams"":1}]","Open Food Facts (ODbL)"
a9b5967a-21c7-4752-8e7f-56cb4cc143f0,off,"TASTY NUTS Shing Bhujia","Haldiram's",8904004403671,634,21.2,23.3,49.5,4.9,0,493,"[{""unit"":""serving"",""grams"":20,""description"":""20 g""},{""unit"":""g"",""grams"":1}]","Open Food Facts (ODbL)"
d567f292-67f2-466c-9599-20af8640fdfb,off,"Moong Dal","Haldiram's",8904004403725,476,21.3,50.7,20.9,0,0,160,"[{""unit"":""serving"",""grams"":35,""description"":""35g""},{""unit"":""g"",""grams"":1}]","Open Food Facts (ODbL)"
67231a5c-ee94-4345-9a80-eddfb3dd50c2,off,"salted peanuts","Haldiram's",8904004404647,637,20.6,21.9,51.9,3.3,0.9,425,"[{""unit"":""serving"",""grams"":20,""description"":""20g""},{""unit"":""g"",""grams"":1}]","Open Food Facts (ODbL)"
79c70518-164d-4c6e-895d-e05a02a703b8,off,"salted peanuts","Haldiram's",8904004404661,637,20,21.9,51.9,3.3,0.9,423,"[{""unit"":""serving"",""grams"":36,""description"":""36 g""},{""unit"":""g"",""grams"":1}]","Open Food Facts (ODbL)"
10ac8ee6-fdb5-49ee-b189-ab3f816c88b2,off,"Haldiram's Soan Papdi (indian Sweets)","Haldiram's",8904004405415,490,5.3,63.4,23.1,0,46.1,3200,"[{""unit"":""serving"",""grams"":100,""description"":""100g""},{""unit"":""g"",""grams"":1}]","Open Food Facts (ODbL)"
a7a8b381-d80a-4351-b327-1bcc92b728bc,off,"Chatpata matar","Haldiram's",8904004407860,444,19.9,57.8,13.2,6.6,0,520,"[{""unit"":""serving"",""grams"":18,""description"":""18g""},{""unit"":""g"",""grams"":1}]","Open Food Facts (ODbL)"
64ed7207-7f59-443b-8856-547170acc295,off,"Rusky","Haldiram's",8904004411003,418,7.2,81.9,6.9,0.8,16.3,385,"[{""unit"":""serving"",""grams"":100,""description"":""100g""},{""unit"":""g"",""grams"":1}]","Open Food Facts (ODbL)"
4bad0e92-200b-44e3-8313-4e0c16822abe,off,"Khatta Meetha","Haldiram's",8904004424485,530,9.3,57.4,29.2,4,13.1,368,"[{""unit"":""serving"",""grams"":100,""description"":""100g""},{""unit"":""g"",""grams"":1}]","Open Food Facts (ODbL)"
742d4d10-9afe-4aba-bde5-3890b314a600,off,"Gold Milk","Aavin",8904011302844,73,3.4,4.8,4.5,0,4.8,70000,"[{""unit"":""serving"",""grams"":200,""description"":""200 ml""},{""unit"":""g"",""grams"":1}]","Open Food Facts (ODbL)"
5f35ff57-ca44-42d9-a7c3-4c65db5b9314,off,"Thurbo DARJEELING TEA WHOLE LEAF","Goodricke",8904013460023,0,0,0,0,0,0,2,"[{""unit"":""serving"",""grams"":100,""description"":""100g""},{""unit"":""g"",""grams"":1}]","Open Food Facts (ODbL)"
24fc3770-7b61-4df6-8e52-28d41de60753,off,"Baker's Loaf High Protein Bread","Bimbo",8904043500263,242,15.2,39.1,2.7,6.2,4,387,"[{""unit"":""serving"",""grams"":50,""description"":""50g""},{""unit"":""g"",""grams"":1}]","Open Food Facts (ODbL)"
356a01b8-097a-4a64-b244-e00fb144ce84,off,"Sunbake Rusk","Modern",8904043500393,399,8.3,69.8,9.6,0,21.7,246,"[{""unit"":""serving"",""grams"":100,""description"":""100g""},{""unit"":""g"",""grams"":1}]","Open Food Facts (ODbL)"
d89de2ed-0c56-455c-b623-847675530288,off,"Multigrain Bread","Baker Loaf",8904043501000,235,6.6,47.8,1.3,6.3,5.2,351,"[{""unit"":""serving"",""grams"":100,""description"":""100g""},{""unit"":""g"",""grams"":1}]","Open Food Facts (ODbL)"
e7ac26fe-e92c-4293-ad0a-0acbe19c930a,off,"Baker's Loaf High Protein Bread","Modern",8904043501017,242,15.2,39.1,2.7,6.2,4,387,"[{""unit"":""serving"",""grams"":100,""description"":""1 portion (100 g)""},{""unit"":""g"",""grams"":1}]","Open Food Facts (ODbL)"
594443b7-e577-4b0a-8be2-a35234bdc088,off,"Whole Wheat Bread","Bakers Loaf",8904043501031,232,7.8,46,1.4,0,5.2,343,"[{""unit"":""serving"",""grams"":100,""description"":""100g""},{""unit"":""g"",""grams"":1}]","Open Food Facts (ODbL)"
fd5c8b74-1f23-47fb-9dd4-fc6b5566c5e5,off,"Modern 100% Whole Wheat Bread","Modern",8904043551548,264,8.8,43.5,2.7,6.4,3.7,390,"[{""unit"":""serving"",""grams"":50,""description"":""2 slices (50 g)""},{""unit"":""g"",""grams"":1}]","Open Food Facts (ODbL)"
f035c24a-8bc4-4b82-8b18-ddbaa6553d6e,off,"Pineapple Sweet Fill","Modern",8904043551845,342,6.7,56,10.2,0,21.4,242,"[{""unit"":""serving"",""grams"":100,""description"":""100 g""},{""unit"":""g"",""grams"":1}]","Open Food Facts (ODbL)"
c90d50c9-f1dd-476e-8a6d-8331abf9e634,off,"Crem Treat Vanilla Crem bun","Modern",8904043554716,357,6.9,55.5,11.9,3.8,24.6,235,"[{""unit"":""serving"",""grams"":50,""description"":""50g""},{""unit"":""g"",""grams"":1}]","Open Food Facts (ODbL)"
47a1d15c-254f-460b-bd3d-41c1e3577e7e,off,"Chicken Sausag","Venky's",8904043603407,162,11.8,11.4,7.7,0,0,0,"[{""unit"":""serving"",""grams"":100,""description"":""100g""},{""unit"":""g"",""grams"":1}]","Open Food Facts (ODbL)"
d325a285-9203-4bb6-92a9-776a27548990,off,"Chicken Burger Patty","Venky's",8904043603452,222,11,19.5,11.1,0,2.4,424,"[{""unit"":""serving"",""grams"":50,""description"":""50 g""},{""unit"":""g"",""grams"":1}]","Open Food Facts (ODbL)"
ecae9b49-c9fe-42ff-bee2-666a78772dfd,off,"Tata Salt","Tata",8904043901015,0,0,0,0,0,0,0,"[{""unit"":""serving"",""grams"":1,""description"":""1 g""},{""unit"":""g"",""grams"":1}]","Open Food Facts (ODbL)"
f9e66912-df84-4c3d-8c03-3b07a71626a2,off,"Almond","Tata",8904043904610,596,20.6,29.9,43.8,12.5,5.5,0,"[{""unit"":""serving"",""grams"":100,""description"":""100g""},{""unit"":""g"",""grams"":1}]","Open Food Facts (ODbL)"
655bc41e-ce33-45e6-9454-14256bf3583b,off,"Dried Figs","Tata Sampann",8904043908052,371,4.8,86.3,0.8,15.8,62.6,8,"[{""unit"":""serving"",""grams"":100,""description"":""100g""},{""unit"":""g"",""grams"":1}]","Open Food Facts (ODbL)"
d050bc84-fad3-4972-9607-ba6bf5121d8e,off,"Masoor Dal","Tata Sampann",8904043926582,104,9,12.2,0.4,7.9,1.8,2,"[{""unit"":""serving"",""grams"":100,""description"":""100g""},{""unit"":""g"",""grams"":1}]","Open Food Facts (ODbL)"
e6217805-1485-48da-933d-5dd3f578081a,off,"Besan","Tata Sampann",8904043926711,359,22.4,47,6.7,10.8,10.9,64,"[{""unit"":""serving"",""grams"":100,""description"":""100g""},{""unit"":""g"",""grams"":1}]","Open Food Facts (ODbL)"
1aa6b993-d2c2-47ab-bcc2-d7ac3ea83f2f,off,"Dark Choco Nut Icecream Triple Layered","Dinshaw",8904052504269,313,4,32.2,18.7,0,23.8,53,"[{""unit"":""serving"",""grams"":60,""description"":""60 g""},{""unit"":""g"",""grams"":1}]","Open Food Facts (ODbL)"
7a0421f0-35b1-406b-8c02-30d1cc8fe9e9,off,"Krispy Fried Chicken","Meatzza Snackers",8904055906114,306,20.2,9.3,19.5,0,6.3,698,"[{""unit"":""serving"",""grams"":100,""description"":""100 g""},{""unit"":""g"",""grams"":1}]","Open Food Facts (ODbL)"
13f98707-f417-47d7-a8d9-2a701bec4789,off,"Standardized Milk","Arokya",8904057395107,70,3,4.5,4.5,0,4.5,40,"[{""unit"":""serving"",""grams"":100,""description"":""100g""},{""unit"":""g"",""grams"":1}]","Open Food Facts (ODbL)"
ca8b033b-f06a-42ff-9745-79f4a719f870,off,"Hatsun Curd","Hatsun",8904057395503,67,4,6,3,0,6,50,"[{""unit"":""serving"",""grams"":100,""description"":""100g""},{""unit"":""g"",""grams"":1}]","Open Food Facts (ODbL)"
20096485-c96f-4861-a21d-4efde1671e3a,off,"Curd","HATSUN",8904057395602,65,9.4,5.1,5.4,0,5.1,0,"[{""unit"":""serving"",""grams"":85,""description"":""85g""},{""unit"":""g"",""grams"":1}]","Open Food Facts (ODbL)"
932ec1b9-0d4c-46a1-9283-3bd2bf34487f,off,"Hatsun Curd","Hatsun",8904057396289,76,4,6,4,0,6,50,"[{""unit"":""serving"",""grams"":100,""description"":""100 g""},{""unit"":""g"",""grams"":1}]","Open Food Facts (ODbL)"
16970c24-559d-4228-8b76-f487a2dcf445,off,"Hatsun Yoghurt Shake Strawberry","Hatsun",8904057396531,113,3.2,20.5,2,0,20.5,45,"[{""unit"":""serving"",""grams"":175,""description"":""175 ml (175 ml)""},{""unit"":""g"",""grams"":1}]","Open Food Facts (ODbL)"
609ddc43-33b6-498c-94f1-96ef63982e83,off,"Hatsun Yoghurt Shake Mango","Hatsun",8904057396883,186,5.3,33.3,3.5,0,33.3,70,"[{""unit"":""serving"",""grams"":100,""description"":""100g""},{""unit"":""g"",""grams"":1}]","Open Food Facts (ODbL)"
d3ea446d-f251-47d9-9174-7beef11ccacd,off,"Yogurt shake","Hatsun",8904057396968,110,3,20,2,0,20,0,"[{""unit"":""serving"",""grams"":175,""description"":""175.0g""},{""unit"":""g"",""grams"":1}]","Open Food Facts (ODbL)"
d3a2f076-d3eb-4b43-8004-3cf3d18d6866,off,"Orange Wafers","Gourmet's Delite",8904061400293,494,4,70.4,21.8,0,0,0,"[{""unit"":""serving"",""grams"":100,""description"":""100g""},{""unit"":""g"",""grams"":1}]","Open Food Facts (ODbL)"
d6c7c1da-448d-4c39-a2b1-93c90d3ec677,off,"BHUJIA","Haldiram's",8904063200051,564,20,31,40,0,0,560,"[{""unit"":""serving"",""grams"":100,""description"":""100g""},{""unit"":""g"",""grams"":1}]","Open Food Facts (ODbL)"
6465d3df-6761-4362-8f41-f1326496c3ad,off,"Chips","Haldiram’s",8904063220233,546,7.1,55.2,33,0,1,600000,"[{""unit"":""serving"",""grams"":100,""description"":""100g""},{""unit"":""g"",""grams"":1}]","Open Food Facts (ODbL)"
898021e4-a4ca-4afe-aa32-70dbcd228dd9,off,"Mexilla Flaming Hot","Haldiram's",8904063223036,469,6.5,53.9,25.3,0,3.1,850,"[{""unit"":""serving"",""grams"":100,""description"":""100g""},{""unit"":""g"",""grams"":1}]","Open Food Facts (ODbL)"
95015a5a-3aa2-42ef-b6c9-43da30cb2083,off,"Chips","Haldirams",8904063226402,546,7.1,55.2,33,0,1,600,"[{""unit"":""serving"",""grams"":20,""description"":""20g""},{""unit"":""g"",""grams"":1}]","Open Food Facts (ODbL)"
4ad76ec4-19ea-4ab5-91b0-0c86d84c6bdc,off,"Takatak","Haldiram",8904063233172,543,7.6,53.2,33.3,0,2.6,1172,"[{""unit"":""serving"",""grams"":21.5,""description"":""1 portion (21.5 g)""},{""unit"":""g"",""grams"":1}]","Open Food Facts (ODbL)"
c8d30808-b2d3-4f0a-913e-6eaebe7f5f69,off,"Aloo Bhujia","Haldiram's",8904063240057,577,9.7,44.4,40.1,0,3.7,909,"[{""unit"":""serving"",""grams"":100,""description"":""100g""},{""unit"":""g"",""grams"":1}]","Open Food Facts (ODbL)"
771935f9-487f-49f9-a0bc-a2fe8ce0889b,off,"Aloo Bhujia","Haldiram's",8904063240187,577,9.7,44.1,40.1,4.5,3.7,909,"[{""unit"":""serving"",""grams"":100,""description"":""100g""},{""unit"":""g"",""grams"":1}]","Open Food Facts (ODbL)"
262d1222-e59c-4e83-93c7-3f9283050fc9,off,"Namkeen","Haldiram's",8904063240224,529,11.2,57.8,28.1,7.6,10.8,5920,"[{""unit"":""serving"",""grams"":100,""description"":""100g""},{""unit"":""g"",""grams"":1}]","Open Food Facts (ODbL)"
7f0fc1e1-8629-4b80-ad7e-24713dc919aa,off,"Salted Peanuts","Haldiram Snacks Pvt. Ltd.",8904063254986,610,26,18.5,48,0,0,730,"[{""unit"":""serving"",""grams"":100,""description"":""100g""},{""unit"":""g"",""grams"":1}]","Open Food Facts (ODbL)"
04138c2b-3874-4593-b143-a7c51fc242ef,off,"Haldiram fatafat bhel","Haldiram",8904063257215,526,11,53,30,0,15,550,"[{""unit"":""serving"",""grams"":100,""description"":""100g""},{""unit"":""g"",""grams"":1}]","Open Food Facts (ODbL)"
6b33387f-1a87-43cf-a17a-6715f621a73d,off,"Snac Lite! Soya Katori Masala Dhamaka","Haldiram's",8904063260024,511,9,58,27,5.2,1.5,1640,"[{""unit"":""serving"",""grams"":20,""description"":""20g""},{""unit"":""g"",""grams"":1}]","Open Food Facts (ODbL)"
9d1cc8ec-5bf5-4ce3-b8fb-37744a100a24,off,"Classic Hand Roasted Peanuts","Jabsons",8904067700304,630,20,21,52,9,4,630,"[{""unit"":""serving"",""grams"":30,""description"":""30 g""},{""unit"":""g"",""grams"":1}]","Open Food Facts (ODbL)"
f67b73cd-a727-4c8a-8d32-eb7eee08e605,off,"Khakhra roasted wheat crisps",,8904067700762,489,10,65,21,0,3,800,"[{""unit"":""serving"",""grams"":100,""description"":""100g""},{""unit"":""g"",""grams"":1}]","Open Food Facts (ODbL)"
9980c9b5-aed1-4417-97b2-c3bae76a5c7d,off,"Jonson falari mix",,8904067703367,600,6.7,46.7,40,0,23.3,0,"[{""unit"":""serving"",""grams"":30,""description"":""30g""},{""unit"":""g"",""grams"":1}]","Open Food Facts (ODbL)"
ce20d418-ea52-4b1a-8c49-270ae4650231,off,"Peanut Chikki","Jabsons",8904067712727,540,20,46,31,0,31,0,"[{""unit"":""serving"",""grams"":30,""description"":""1 Bar (30 g)""},{""unit"":""g"",""grams"":1}]","Open Food Facts (ODbL)"
b6a289b2-36b1-4a56-b99d-23a579f94eb3,off,"Salt-n-Pepper Banana Chips","Chheda's",8904071700024,552,2.9,55,35.6,2,0,348,"[{""unit"":""serving"",""grams"":170,""description"":""170g""},{""unit"":""g"",""grams"":1}]","Open Food Facts (ODbL)"
ea59d694-2d0a-468a-883a-c131ca32d429,off,"Farali potato Chivda",,8904071700376,549,9.9,51.6,34.1,4.4,3.3,275,"[{""unit"":""serving"",""grams"":100,""description"":""100g""},{""unit"":""g"",""grams"":1}]","Open Food Facts (ODbL)"
fe4ba57b-2527-4ca8-b915-9236d83c8c87,off,"Chana Chor",,8904071701175,567,13.3,53.3,30,10,0,233,"[{""unit"":""serving"",""grams"":100,""description"":""100g""},{""unit"":""g"",""grams"":1}]","Open Food Facts (ODbL)"
e4cb281c-ec4c-4f02-821f-2cdd166ee8d9,off,"Banana chips","Chheda’s",8904071702196,317,1.3,37.9,17.9,4.1,0,79,"[{""unit"":""serving"",""grams"":100,""description"":""1 r (100 g)""},{""unit"":""g"",""grams"":1}]","Open Food Facts (ODbL)"
ef9b8f3a-de2e-4cd3-87ff-ad18ef16094e,off,"Crunchy Aloo Laccha","Chheda's",8904071709218,483,6.9,53.3,28,4.9,1.9,720000,"[{""unit"":""serving"",""grams"":100,""description"":""100g""},{""unit"":""g"",""grams"":1}]","Open Food Facts (ODbL)"
78bcc759-0690-4556-8b9d-b71c7504b3c8,off,"Manchurian Khakhra","Maniarrs",8904077201730,417,10,56.7,16.7,3.3,0,910,"[{""unit"":""serving"",""grams"":30,""description"":""4 pc (30 g)""},{""unit"":""g"",""grams"":1}]","Open Food Facts (ODbL)"
6618ef99-3f8e-443f-a716-029ed716413d,off,"Strawberry yogurt","Heritage",8904080995336,97,5.5,15.2,0,0,8.8,53,"[{""unit"":""serving"",""grams"":100,""description"":""100g""},{""unit"":""g"",""grams"":1}]","Open Food Facts (ODbL)"
31203d6a-bfda-4648-882a-86be942ddca6,off,"Cow Ghee","Milky Mist",8904083300809,898,0,0,99.8,0,0,6,"[{""unit"":""serving"",""grams"":4.6,""description"":""4.6g""},{""unit"":""g"",""grams"":1}]","Open Food Facts (ODbL)"
b963e7d2-1582-432f-8450-8513c8e4cef9,off,"MilkyMist Strawberry Milk Shake","Milky Mist",8904083300953,117,3.1,17.1,4,0,17.1,50,"[{""unit"":""serving"",""grams"":220,""description"":""220ml""},{""unit"":""g"",""grams"":1}]","Open Food Facts (ODbL)"
5ebe24fc-d6a9-4caf-ad5b-d89ac9d319c9,off,"Pizza Cheese Mozzarella Diced","Milky Mist",8904083301097,288,22.3,2.6,21,0,2.6,193,"[{""unit"":""serving"",""grams"":50,""description"":""50g""},{""unit"":""g"",""grams"":1}]","Open Food Facts (ODbL)"
eb0bb6c8-e67e-4457-bcae-0d01909ff6d2,off,"MilkyMist Cow Ghee","Milky Mist",8904083301158,898,0,0,99.8,0,0,6000,"[{""unit"":""serving"",""grams"":4.6,""description"":""4.6g""},{""unit"":""g"",""grams"":1}]","Open Food Facts (ODbL)"
8169a010-b1fa-4477-94ae-0970e461fea1,off,"Cow Ghee","Milky Mist",8904083301813,898,0,0,99.8,0,0,6,"[{""unit"":""serving"",""grams"":4.6,""description"":""4.6g""},{""unit"":""g"",""grams"":1}]","Open Food Facts (ODbL)"
32ceb421-eca1-4465-956b-420f2397e8db,off,"Yogurt","Milky Mist",8904083302063,104,3.6,15.3,3.1,0,15.3,21000,"[{""unit"":""serving"",""grams"":100,""description"":""100g""},{""unit"":""g"",""grams"":1}]","Open Food Facts (ODbL)"
f1a9c7a8-f58c-43c9-ba09-f89100cf2fb5,off,"MilkyMist Fruit Yogurt","Milky Mist",8904083302070,104,3.6,15.3,3.1,0,15.3,21,"[{""unit"":""serving"",""grams"":100,""description"":""100 g""},{""unit"":""g"",""grams"":1}]","Open Food Facts (ODbL)"
07b5b728-7127-458a-a1d2-cac10e3a47a1,off,"milky mist yogurt peach","Milky Mist",8904083302094,104,3.6,15.3,3.1,0,15.3,21,"[{""unit"":""serving"",""grams"":100,""description"":""1 per pack (100 g)""},{""unit"":""g"",""grams"":1}]","Open Food Facts (ODbL)"
f648b15a-2e31-4ddc-ac37-e4a54f7ab646,off,"Fruit Yogurt Blueberry","Milky Mist",8904083302100,104,3.6,15.3,3.1,0,15.3,21,"[{""unit"":""serving"",""grams"":100,""description"":""100 g* (100 g)""},{""unit"":""g"",""grams"":1}]","Open Food Facts (ODbL)"
c009aa48-8de5-4833-9180-651c50f8a62b,off,"Greek Yogurt","Milky Mist",8904083302292,78,8,6.5,2.2,0,6.5,67,"[{""unit"":""serving"",""grams"":100,""description"":""100 g""},{""unit"":""g"",""grams"":1}]","Open Food Facts (ODbL)"
5eab7d0d-c801-458e-9908-c9850913061e,off,"Greek yogurt","Milky Mist",8904083302339,93,7,11.3,2.2,0.5,10.8,59,"[{""unit"":""serving"",""grams"":100,""description"":""100g""},{""unit"":""g"",""grams"":1}]","Open Food Facts (ODbL)"
a26a7fb0-6443-409f-8749-e4f22e68b1aa,off,"Greek Yogurt","Milky Mist",8904083302346,74,7,6.5,2.2,0,0,67,"[{""unit"":""serving"",""grams"":100,""description"":""100g""},{""unit"":""g"",""grams"":1}]","Open Food Facts (ODbL)"
74886b43-63f4-473f-bce1-209b6709f595,off,"Greek Yoghurt","Milky Mist",8904083302438,80,8.6,6.5,2.2,0,6.5,67,"[{""unit"":""serving"",""grams"":100,""description"":""1 portion (100 g)""},{""unit"":""g"",""grams"":1}]","Open Food Facts (ODbL)"
ceb91b31-a889-405c-9c6f-f8b1ddf420b3,off,"Blueberry Greek Yogurt","Milkmist",8904083302445,102,7,13.9,2,0,13.9,57,"[{""unit"":""serving"",""grams"":100,""description"":""100 g""},{""unit"":""g"",""grams"":1}]","Open Food Facts (ODbL)"
eb3041e7-ed6a-4862-a15a-c687de27f756,off,"Skyr Yogurt","Milky Mist",8904083302483,100,12,9.5,1.5,0,0,144,"[{""unit"":""serving"",""grams"":100,""description"":""1 portion (100 g)""},{""unit"":""g"",""grams"":1}]","Open Food Facts (ODbL)"
f68240b8-4f6b-4626-9424-84dd346dcad2,off,"Skyr","Milky Mist",8904083302490,96,11.2,9.5,1.5,0,9.5,144,"[{""unit"":""serving"",""grams"":100,""description"":""1 serving (100 g)""},{""unit"":""g"",""grams"":1}]","Open Food Facts (ODbL)"
9331421f-79b4-48c4-ac90-f50524fc2612,off,"Farm Fresh Sahi Plain Yoghurt","Milky Mist",8904083303077,62,3.5,5.2,3,0,5.2,45,"[{""unit"":""serving"",""grams"":100,""description"":""1 portion (100 g)""},{""unit"":""g"",""grams"":1}]","Open Food Facts (ODbL)"
b6d36dae-1b97-46ae-aecf-042436c5df21,off,"Probiotic Curd","Milky Mist",8904083305057,62,3.5,5.2,3,0,0,45,"[{""unit"":""serving"",""grams"":200,""description"":""200 g""},{""unit"":""g"",""grams"":1}]","Open Food Facts (ODbL)"
4258f841-c61d-4cff-949a-38aa10fa0589,off,"Pro Biotic Curd","Milky Mist",8904083305071,62,3.5,5.2,3,0,0,45,"[{""unit"":""serving"",""grams"":100,""description"":""100 g""},{""unit"":""g"",""grams"":1}]","Open Food Facts (ODbL)"
19602cd6-1ba9-4f95-b35b-9898b61010f7,off,"Curd","Milky Mist",8904083306047,61,3.5,4.8,3,0,4.8,26,"[{""unit"":""serving"",""grams"":67.5,""description"":""67.5g""},{""unit"":""g"",""grams"":1}]","Open Food Facts (ODbL)"
edae76a6-a473-4d31-9b45-d58a842dff97,off,"Processed Cheese Cubes","Milky Mist",8904083307037,313,19,3,25,0,3,1439,"[{""unit"":""serving"",""grams"":20,""description"":""1 portion (20 g)""},{""unit"":""g"",""grams"":1}]","Open Food Facts (ODbL)"
d8777d02-4bb3-4542-87c6-8243489e2527,off,"Cream Cheese","Milky Mist",8904083309888,334,7.5,4.1,32,0,4.1,377,"[{""unit"":""serving"",""grams"":100,""description"":""100g""},{""unit"":""g"",""grams"":1}]","Open Food Facts (ODbL)"
307b4fa8-2df5-4934-aa85-fab9189c17c1,off,"Cheese Slice","Milky Mist",8904083310112,309,17,4,25,0,4,1512,"[{""unit"":""serving"",""grams"":20,""description"":""20 g""},{""unit"":""g"",""grams"":1}]","Open Food Facts (ODbL)"
bdf357f6-8141-4e66-94b9-163104502efd,off,"Milky Mist Cheese Slices 100 g (5 Slices)","Milky Mist",8904083310136,309,17,4,25,0,4,1510,"[{""unit"":""serving"",""grams"":20,""description"":""20 g""},{""unit"":""g"",""grams"":1}]","Open Food Facts (ODbL)"
85ee442f-3083-4ad5-89b7-8cb8c77bd84b,off,"Shrikand","Milky Mist",8904083312048,261,6.7,44.9,5.1,0,44.9,0,"[{""unit"":""serving"",""grams"":100,""description"":""1 portion (100 g)""},{""unit"":""g"",""grams"":1}]","Open Food Facts (ODbL)"
68587226-31f0-4c23-aaaf-c59b8c7b163d,off,"Skyr Blueberry","Milky Mist",8904083323174,115,9,15.8,1.8,0,15.8,122,"[{""unit"":""serving"",""grams"":100,""description"":""100 g""},{""unit"":""g"",""grams"":1}]","Open Food Facts (ODbL)"
b98be309-85aa-4ad8-9034-3cbffbe154c6,off,"Blueberry Skyr","Milky mist",8904083323181,115,9,15.8,1.8,0,15.8,122,"[{""unit"":""serving"",""grams"":100,""description"":""100g""},{""unit"":""g"",""grams"":1}]","Open Food Facts (ODbL)"
b5eb7906-dedb-4754-ae41-851a0bdcc2cc,off,"24 Mantra Puffed Rice","24 Mantra",8904083504870,378,8,81,1.7,2.7,0,100,"[{""unit"":""serving"",""grams"":100,""description"":""100g""},{""unit"":""g"",""grams"":1}]","Open Food Facts (ODbL)"
a8f24698-1c59-40ce-9c68-f823add79c36,off,"24 mantra peanut","24 Mantra Organic",8904083505693,610,22.8,14.8,49.1,8.6,5.9,9,"[{""unit"":""serving"",""grams"":100,""description"":""100g""},{""unit"":""g"",""grams"":1}]","Open Food Facts (ODbL)"
ec1a471c-2615-4040-9086-2bc3510be03a,off,"Organic Whole Wheat Flour","24 Mantra Organic",8904083519140,333,10,73.3,1.7,13.3,0,0,"[{""unit"":""serving"",""grams"":30,""description"":""1 portion (30 g)""},{""unit"":""g"",""grams"":1}]","Open Food Facts (ODbL)"
a51a15cd-36f1-4b49-bb96-93860a7f7eb5,off,"Fish Fingers","Tilapia",8904084900398,225,9,20,12,0,0,712,"[{""unit"":""serving"",""grams"":100,""description"":""100g""},{""unit"":""g"",""grams"":1}]","Open Food Facts (ODbL)"
c4f45aea-1b97-4770-bfee-864d10aec9fe,off,"Toned Milk","Heritage",8904089915144,58,3.1,4.6,3,0,4.6,40,"[{""unit"":""serving"",""grams"":100,""description"":""100g""},{""unit"":""g"",""grams"":1}]","Open Food Facts (ODbL)"
25367756-81a5-4629-bf00-9432490975a0,off,"Heritage Total Curd","heritage",8904089920490,58,3.3,4.3,3,0,0,45,"[{""unit"":""serving"",""grams"":100,""description"":""1 portion (100 g)""},{""unit"":""g"",""grams"":1}]","Open Food Facts (ODbL)"
e14189f6-4011-4d36-aa77-b7519ff5c1c6,off,"Heritage probiotic curd","Heritage",8904089920551,58,3.3,4.3,3,0,0,45,"[{""unit"":""serving"",""grams"":100,""description"":""100g""},{""unit"":""g"",""grams"":1}]","Open Food Facts (ODbL)"
213f591d-be5a-4046-9688-b9d55e52a510,off,"Curd","Heritage",8904089974776,46,3.3,4.9,1.5,0,0,55,"[{""unit"":""serving"",""grams"":50,""description"":""50 g""},{""unit"":""g"",""grams"":1}]","Open Food Facts (ODbL)"
4c80cbb3-7201-4b61-8fa5-4f3825ba8454,off,"Heritage Milk Shake","Heritage",8904089974844,102,3.4,14.1,3.5,0,8.5,0,"[{""unit"":""serving"",""grams"":180,""description"":""180ml""},{""unit"":""g"",""grams"":1}]","Open Food Facts (ODbL)"
2cabf32c-1652-4087-ba74-24d4e8e303ed,off,"Total Curd","Heritage",8904089975339,58,3.3,4.3,3,0,0,45,"[{""unit"":""serving"",""grams"":100,""description"":""100g""},{""unit"":""g"",""grams"":1}]","Open Food Facts (ODbL)"
709ea09b-d3b2-460b-b716-8335c5256002,off,"Cheese Slices (Processed Cheese)","Heritage",8904089992602,309,17,4,25,0,4,1426,"[{""unit"":""serving"",""grams"":20,""description"":""20 g""},{""unit"":""g"",""grams"":1}]","Open Food Facts (ODbL)"
a261a46e-831b-4780-8baa-c3fdcf3139af,off,"Lite Fit Milk","Heritage",8904089994354,33,3.1,5,0.1,0,5,50,"[{""unit"":""serving"",""grams"":100,""description"":""100g""},{""unit"":""g"",""grams"":1}]","Open Food Facts (ODbL)"
7a468deb-328a-45dd-9a71-e4c4e811c85a,off,"Nourish+ High Protein Paneer","Heritage",8904089995498,203,25,5.4,9,0,5.4,214,"[{""unit"":""serving"",""grams"":50,""description"":""50g""},{""unit"":""g"",""grams"":1}]","Open Food Facts (ODbL)"
f8268b61-b498-4cfd-8d29-3f7b51a91d92,off,"Kulcha","Kabhi b",8904092400118,227,5.8,43,3.5,1.4,2.8,394,"[{""unit"":""serving"",""grams"":100,""description"":""1 portion (100 g)""},{""unit"":""g"",""grams"":1}]","Open Food Facts (ODbL)"
04f89d65-debb-419e-9359-1230a9734c85,off,"Pizza bread","Kabhib",8904092498023,337,8,65,5,2,1.5,633,"[{""unit"":""serving"",""grams"":50,""description"":""50g""},{""unit"":""g"",""grams"":1}]","Open Food Facts (ODbL)"
42b6c9cb-5902-4316-bd43-053a156ee358,off,"Multigrain Bread","Kabhi B",8904092499419,238,8.5,41,4.5,6,2,313,"[{""unit"":""serving"",""grams"":50,""description"":""50 g""},{""unit"":""g"",""grams"":1}]","Open Food Facts (ODbL)"
60824588-0837-47f0-bb06-079521396cd8,off,"Honey",,8904109449222,320,0,80,0,0,80,80,"[{""unit"":""serving"",""grams"":100,""description"":""100g""},{""unit"":""g"",""grams"":1}]","Open Food Facts (ODbL)"
c5af9b92-43cb-4400-9b41-f879a5287bad,off,"Choco Chips Magic Cone","Top N Town",8904119607049,206,3,29.3,8.7,0,16.2,0,"[{""unit"":""serving"",""grams"":64,""description"":""64 g""},{""unit"":""g"",""grams"":1}]","Open Food Facts (ODbL)"
b43ddd53-aec5-4252-ba47-8e3c8cefaeb0,off,"Dahi","ANANDA",8904124116161,56,5,6,1.3,0,5.9,24,"[{""unit"":""serving"",""grams"":100,""description"":""1 portion (100 g)""},{""unit"":""g"",""grams"":1}]","Open Food Facts (ODbL)"
2d0220c9-adfe-4075-9763-29e5bf10651e,off,"Choco Vanilla Creme","Independence",8904132913325,473,7,74.6,16.3,0,37.1,199300,"[{""unit"":""serving"",""grams"":19,""description"":""19 g""},{""unit"":""g"",""grams"":1}]","Open Food Facts (ODbL)"
739b1a0d-356b-4a2e-ae58-731daeeab083,off,"Besan (Coarse)","Good Life",8904132926820,122,6.7,15,2.7,5.5,0.5,216,"[{""unit"":""serving"",""grams"":100,""description"":""100g""},{""unit"":""g"",""grams"":1}]","Open Food Facts (ODbL)"
963a6f12-30e1-4dac-9e69-0b15a202e388,off,"unpolished chana dal","Good Life",8904132932944,122,6.7,15,2.7,5.5,0.5,216,"[{""unit"":""serving"",""grams"":100,""description"":""100g""},{""unit"":""g"",""grams"":1}]","Open Food Facts (ODbL)"
54ea2a02-5589-4986-ba62-48bf7cc196f2,off,"Good Life Lokwan Wheat 10 KG Bag","Good Life",8904132942356,340,9.6,68.6,1.5,6.8,1.6,2,"[{""unit"":""serving"",""grams"":100,""description"":""100g""},{""unit"":""g"",""grams"":1}]","Open Food Facts (ODbL)"
586aaf9d-66ef-45e0-8138-73a656f34561,off,"Campa Lemon","Campa Cola",8904132948198,46,0,11.5,0,0,11.5,5,"[{""unit"":""serving"",""grams"":100,""description"":""100ml""},{""unit"":""g"",""grams"":1}]","Open Food Facts (ODbL)"
4d441571-ae14-4199-a75e-ac5181a52400,off,"Lemon Flavoured 2ltr","Campa",8904132952621,46,0,11.5,0,0,11.5,5,"[{""unit"":""serving"",""grams"":200,""description"":""200ml""},{""unit"":""g"",""grams"":1}]","Open Food Facts (ODbL)"
c9230272-4977-4da1-9fc9-dac2585172b6,off,"Good Life HMT Kolam Rice 26 Kg Bag","Good Life",8904132969995,350,7,78,0.9,1.1,0.2,2,"[{""unit"":""serving"",""grams"":100,""description"":""100g""},{""unit"":""g"",""grams"":1}]","Open Food Facts (ODbL)"
fd9294f9-08ac-46b9-8c34-a91521808abd,off,"RAS KIK MANGO","CAMPA COLA",8904132973084,28,0,7,0,2.6,7,5,"[{""unit"":""serving"",""grams"":200,""description"":""200 ml""},{""unit"":""g"",""grams"":1}]","Open Food Facts (ODbL)"
04fafdab-fcaf-4ffd-896c-b15ff908dd26,off,"Orange Flavoured","Campa",8904132975491,48,0,12,0,0,12,20,"[{""unit"":""serving"",""grams"":200,""description"":""1 bottle (200 ml)""},{""unit"":""g"",""grams"":1}]","Open Food Facts (ODbL)"
b4e2b009-4d02-429a-9a65-fc222bc969d3,off,"Campa Orange Flavour","Campa",8904132975507,48,0,12,0,0,12,20,"[{""unit"":""serving"",""grams"":100,""description"":""100g""},{""unit"":""g"",""grams"":1}]","Open Food Facts (ODbL)"
8c902c50-38cf-4d5e-a595-c6c644bbe686,off,"nimbu pani","Ras Kik",8904132976443,45,0,11.3,0,0,11.3,142,"[{""unit"":""serving"",""grams"":100,""description"":""100g""},{""unit"":""g"",""grams"":1}]","Open Food Facts (ODbL)"
4e59a748-5941-410e-8f18-4c44f9402073,off,"Rajgira Atta","Deepak",8904137703204,372,16.6,64.9,5.1,7.3,1.8,0,"[{""unit"":""serving"",""grams"":100,""description"":""1 portion (100 g)""},{""unit"":""g"",""grams"":1}]","Open Food Facts (ODbL)"
4182f445-3e3c-49b0-9739-b764f2d4c9a1,off,"Ensure Vanilla Flavour","Ensure",8904145911257,410,15.1,59.8,11.5,4,14.7,6000,"[{""unit"":""serving"",""grams"":100,""description"":""100g""},{""unit"":""g"",""grams"":1}]","Open Food Facts (ODbL)"
e55a2bf9-0984-481b-951a-0d3d6f47b696,off,"PediaSure 7+ Vanilla flavour 400g Cbd","pediasure",8904145912025,358,11,77.5,0.5,0,12,274,"[{""unit"":""serving"",""grams"":100,""description"":""100g""},{""unit"":""g"",""grams"":1}]","Open Food Facts (ODbL)"
e0f76cb9-c19a-4d5e-a321-fa50851a078b,off,"Ensure Diabetes Care Vanilla Delight flavour","Abbott",8904145912315,435,20.2,59.8,14.6,5.2,12,324,"[{""unit"":""serving"",""grams"":100,""description"":""100g""},{""unit"":""g"",""grams"":1}]","Open Food Facts (ODbL)"
91b8b3cd-c7ad-4465-9640-10992a31c437,off,"Mix Dried Berries","Nutty Gritties",8904150206461,386,1.7,72.6,9.8,5.2,65.6,2,"[{""unit"":""serving"",""grams"":28,""description"":""1 portion (28 g)""},{""unit"":""g"",""grams"":1}]","Open Food Facts (ODbL)"
fe01de71-3df8-4a00-b425-2b4eba9849ed,off,"Maiyas Moong Dal","maiyas",8904156707320,476,20.2,56.4,18.8,1,0,850,"[{""unit"":""serving"",""grams"":25,""description"":""25g""},{""unit"":""g"",""grams"":1}]","Open Food Facts (ODbL)"
34c652c3-b9b6-4458-98a0-d7c1a2e74b5f,off,"Soy Protein Isolate","AS-IT-IS ONE",8904221694241,377,85.7,5.7,1.4,0,1.7,1080,"[{""unit"":""serving"",""grams"":35,""description"":""35 g""},{""unit"":""g"",""grams"":1}]","Open Food Facts (ODbL)"
446d39aa-c6d3-41ee-b1ed-670f4ecdd7a3,off,"Protein Powder Cookie And Cream","Asitis",8904221697495,389,75,16.1,2.8,0,6.2,254,"[{""unit"":""serving"",""grams"":36,""description"":""1 portion (36 g)""},{""unit"":""g"",""grams"":1}]","Open Food Facts (ODbL)"
78afe402-8b06-461f-9b9f-189563f54e36,off,"High Protein Bar Cookie Latte","Atom",8904221697600,398,33.7,31.8,15.2,9.7,0.7,242,"[{""unit"":""serving"",""grams"":60,""description"":""1 portion (60 g)""},{""unit"":""g"",""grams"":1}]","Open Food Facts (ODbL)"
9eddf9dc-8bd7-4edc-88c7-72aa914f0cba,off,"Peanut Butter Chocolate","Atom",8904221697693,609,25,21.9,46.9,6.2,9.4,266,"[{""unit"":""serving"",""grams"":32,""description"":""32 g""},{""unit"":""g"",""grams"":1}]","Open Food Facts (ODbL)"
b604630b-2f83-4e30-b90c-bbec83cbad11,off,"Whey Protein Concentrate","Asitis",8904221698997,403,80,9.1,5.1,0,4.3,266,"[{""unit"":""serving"",""grams"":35,""description"":""1 portion (35 g)""},{""unit"":""g"",""grams"":1}]","Open Food Facts (ODbL)"
44a82a60-a008-493a-ac27-cbd0e257a296,off,"Natural Peanut Butter, Creamy","asitis",8904221699161,641,25.8,19.4,50.9,0,4.1,45,"[{""unit"":""serving"",""grams"":32,""description"":""2 Tbsp (32 g)""},{""unit"":""g"",""grams"":1}]","Open Food Facts (ODbL)"
1fc8a551-e894-48b7-b946-118e091a34fd,off,"Soy Protein Isolate","Asitis",8904221699390,377,85.7,5.7,1.4,0,0,1080,"[{""unit"":""serving"",""grams"":35,""description"":""35 g""},{""unit"":""g"",""grams"":1}]","Open Food Facts (ODbL)"
2ac2100a-10e4-44d6-83d4-2d2f22135e6c,off,"Mixed Fruit Jam",,8904234100616,208,0,52,0,0,48,3,"[{""unit"":""serving"",""grams"":100,""description"":""100g""},{""unit"":""g"",""grams"":1}]","Open Food Facts (ODbL)"
9c3f5151-4efb-40ff-ba40-fc5760fc5676,off,"Palak Paneer","Kohinoor",8904250701521,176,5.6,9,13,0,2.6,98,"[{""unit"":""serving"",""grams"":100,""description"":""100g""},{""unit"":""g"",""grams"":1}]","Open Food Facts (ODbL)"
eee27823-617a-4f38-a001-146cb97ded4c,off,"Fuili Semolina Pasta","Happy Chef",8904256704502,381,12,80,0.7,4.6,0,5,"[{""unit"":""serving"",""grams"":100,""description"":""1 portion (100 g)""},{""unit"":""g"",""grams"":1}]","Open Food Facts (ODbL)"
ccf3874e-8c5e-4c55-8c87-4c37ebb9c8b5,off,"Whole Wheat Bread","Tasties",8904256724494,285,9,54.6,3.5,8,6.4,513,"[{""unit"":""serving"",""grams"":30,""description"":""30 g""},{""unit"":""g"",""grams"":1}]","Open Food Facts (ODbL)"
2613af3f-12b5-4b40-8797-c6efb232d18b,off,"Goat Meat, Mince","fresho!",8904256734592,134,21.9,0,5.1,0,0,456,"[{""unit"":""serving"",""grams"":50,""description"":""1 serving (50 g)""},{""unit"":""g"",""grams"":1}]","Open Food Facts (ODbL)"
f4f3c7ec-1706-45f9-aca1-582025402152,off,"Mixed Fruit","Raw Pressery",8904258700748,46,1.2,10.2,0,1,6.5,9,"[{""unit"":""serving"",""grams"":100,""description"":""100ml""},{""unit"":""g"",""grams"":1}]","Open Food Facts (ODbL)"
d075cc9a-78ed-4a62-b28e-5c15df4c6005,off,"Grapefruit Juice","Raw",8904258701318,38,0.5,8.9,0,0.6,6.7,0,"[{""unit"":""serving"",""grams"":100,""description"":""1 glass (100 ml)""},{""unit"":""g"",""grams"":1}]","Open Food Facts (ODbL)"
9cecb027-d9e8-443d-95de-1440d6826862,off,"Coconut Water","RAW Pressery",8904258701707,25,0.2,5.6,0.2,0.8,4.4,0,"[{""unit"":""serving"",""grams"":200,""description"":""200ml""},{""unit"":""g"",""grams"":1}]","Open Food Facts (ODbL)"
c7d4225a-cd17-473b-89cd-3d52cdc30be9,off,"Coconut Water","Raw Pressery",8904258703848,25,0.2,5.6,0.2,0.8,4.4,12,"[{""unit"":""serving"",""grams"":200,""description"":""1 glass (200 ml)""},{""unit"":""g"",""grams"":1}]","Open Food Facts (ODbL)"
aba785f9-1678-4103-b5b2-c6beda0e2106,off,"Jal Jeera","Raw",8904258703985,18,0.1,4.4,0.1,0.2,3.5,0,"[{""unit"":""serving"",""grams"":100,""description"":""100g""},{""unit"":""g"",""grams"":1}]","Open Food Facts (ODbL)"
94389079-dc18-442f-9e12-62bbd6539258,off,"Storia Tender Coconut Water","Storia",8904272600154,20,0.1,5.1,0,0,0,21,"[{""unit"":""serving"",""grams"":100,""description"":""100g""},{""unit"":""g"",""grams"":1}]","Open Food Facts (ODbL)"
432ea1cc-4369-4531-965f-1315d445da8a,off,"Storia 100% Tender Coconut Water 1L","Storia Foods & Beverages",8904272600291,20,0.1,4.9,0,0,4.9,21,"[{""unit"":""serving"",""grams"":100,""description"":""100 ml""},{""unit"":""g"",""grams"":1}]","Open Food Facts (ODbL)"
e0138c8f-adb1-4c09-9d89-d8955f645583,off,"Storia Pomegranate 750ml","storia",8904272600895,46,0,11.4,0,0,11.4,50,"[{""unit"":""serving"",""grams"":100,""description"":""100 ml""},{""unit"":""g"",""grams"":1}]","Open Food Facts (ODbL)"
baf2e2bb-01e1-4ca7-ba62-22a6e14224a9,off,"Coconut Water","storia",8904272601311,20,0.1,4.9,0,0,4.9,21,"[{""unit"":""serving"",""grams"":100,""description"":""100g""},{""unit"":""g"",""grams"":1}]","Open Food Facts (ODbL)"
b2ece920-5f04-4f30-b457-e106dbb6e29d,off,"Dilicia Classic Curd","Dilicia",8904284201035,63,4,5,3,0,5,50,"[{""unit"":""serving"",""grams"":100,""description"":""100g""},{""unit"":""g"",""grams"":1}]","Open Food Facts (ODbL)"
5ecd859f-7b31-4de6-a2e3-ee5725c89cdc,off,"Nutraawell Spirali","Bambino",8904287001199,357,12,75,1,3,2.3,0,"[{""unit"":""serving"",""grams"":100,""description"":""100g""},{""unit"":""g"",""grams"":1}]","Open Food Facts (ODbL)"
0ada7ca1-345d-4c37-9874-21b84e1be22e,off,"Pasta Macaroni","Bambino",8904287001281,357,12,75,1,0,2,0,"[{""unit"":""serving"",""grams"":50,""description"":""50 g""},{""unit"":""g"",""grams"":1}]","Open Food Facts (ODbL)"
c5df5d65-632d-453e-8c5d-29fc51786603,off,"Tops Tomato Ketchup","Tops",8904288603613,135,1.6,32.1,0,0,27.2,1200000,"[{""unit"":""serving"",""grams"":100,""description"":""100g""},{""unit"":""g"",""grams"":1}]","Open Food Facts (ODbL)"
d19e619e-8497-41fe-a836-7a83fd1fed59,off,"Tops junior tomato ketchup","Tops",8904288604023,131,1.6,31.1,0,0,24,1200,"[{""unit"":""serving"",""grams"":100,""description"":""100g""},{""unit"":""g"",""grams"":1}]","Open Food Facts (ODbL)"
7c95b6a2-3450-4da0-9f99-2b260200f887,off,"Mixed pickles","Tops gold",8904288612028,99,2.4,13.1,4.1,0,1.6,5140,"[{""unit"":""serving"",""grams"":15,""description"":""15g""},{""unit"":""g"",""grams"":1}]","Open Food Facts (ODbL)"
59c1f016-9b1d-4fde-80a0-08eda6fbff72,off,"Whole Wheat Bread","Delish",8904293739956,276,8.9,53.8,2.8,6.1,3.2,384,"[{""unit"":""serving"",""grams"":50,""description"":""50 g""},{""unit"":""g"",""grams"":1}]","Open Food Facts (ODbL)"
c0adfa32-07de-4f58-94a9-127ef31b97b0,off,"OATS","Disano",8904320002565,398,17.8,65.1,7.4,14.1,1,0,"[{""unit"":""serving"",""grams"":100,""description"":""100g""},{""unit"":""g"",""grams"":1}]","Open Food Facts (ODbL)"
fb5564e9-5dde-4790-9ee5-876535b907e0,off,"Fuzilli pasta","DiSano",8904320007775,349,11.5,76.1,0.3,7,3.8,1,"[{""unit"":""serving"",""grams"":100,""description"":""100g""},{""unit"":""g"",""grams"":1}]","Open Food Facts (ODbL)"
f8135d45-31ef-47ce-aa8f-5e0fd05684af,off,"Peanut butter Creamy","Disano",8904320015398,612,25,19,49,4.2,9,132,"[{""unit"":""serving"",""grams"":32,""description"":""32 g""},{""unit"":""g"",""grams"":1}]","Open Food Facts (ODbL)"
e91f6db4-6cde-4c4e-8143-3318f8d5f8e6,off,"Pasta","Di sano",8904320018245,349,11.5,76.1,0.3,7,0,0,"[{""unit"":""serving"",""grams"":11.5,""description"":""11.5g""},{""unit"":""g"",""grams"":1}]","Open Food Facts (ODbL)"
cd8c10b3-34e7-49e0-8c48-002aa01960da,off,"Raw Peanut Butter","DiSano",8904320059668,639,28.3,18,49,9,3.7,19,"[{""unit"":""serving"",""grams"":100,""description"":""100 g""},{""unit"":""g"",""grams"":1}]","Open Food Facts (ODbL)"
5f881222-09f0-436a-8ad5-bea117e58a0d,off,"Chocolate Peanut Butter","Disano",8904320075446,635,23,23.3,50,6.4,7,170,"[{""unit"":""serving"",""grams"":32,""description"":""32 g""},{""unit"":""g"",""grams"":1}]","Open Food Facts (ODbL)"
d5aefbaf-12c7-40b3-8273-590f6800e821,off,"CHOCOLATE PEANUT BUTTER","MYFITNESS",8904327600337,637,23,24,50,9,12,136,"[{""unit"":""serving"",""grams"":100,""description"":""100 g""},{""unit"":""g"",""grams"":1}]","Open Food Facts (ODbL)"
9f95f8a1-8783-478e-a7eb-5669bd19fcd5,off,"Myfitness Peanut butter","Myfitness",8904327600399,625,26,19,50,5,10,350,"[{""unit"":""serving"",""grams"":32,""description"":""32 g""},{""unit"":""g"",""grams"":1}]","Open Food Facts (ODbL)"
dbe40052-d591-4a7d-93dc-386ed8a28763,off,"Peanut Butter","My Fitness",8904327600818,641,25,21.9,50,6.2,6.2,225,"[{""unit"":""serving"",""grams"":32,""description"":""32 g""},{""unit"":""g"",""grams"":1}]","Open Food Facts (ODbL)"
3221c49c-3ea9-4073-90e3-f75bc435bf72,off,"Unsweetened Peanut Butter Crunchy","Myfitness",8904327600917,204,10.1,6.2,15.4,2.6,1,4,"[{""unit"":""serving"",""grams"":32,""description"":""32g""},{""unit"":""g"",""grams"":1}]","Open Food Facts (ODbL)"
677a60e0-c550-48c2-a02f-f267d2bbec75,off,"MYFITNESS Peanut Butter - Chocolate","MYFITNESS",8904327600955,201,8.4,7.1,15.4,0,2.7,48,"[{""unit"":""serving"",""grams"":100,""description"":""100g""},{""unit"":""g"",""grams"":1}]","Open Food Facts (ODbL)"
cda44bed-1bd4-415c-98a1-82737af1b5b6,off,"MYFITNESS Peanut Butter Smooth - Dark Chocolate","MYFITNESS",8904327601914,638,31.2,21.9,50,6.2,6.2,69,"[{""unit"":""serving"",""grams"":32,""description"":""32g""},{""unit"":""g"",""grams"":1}]","Open Food Facts (ODbL)"
3bbf4c03-89a5-4617-9bcc-4e7c40ab1149,off,"Dark Chocolate Peanut Butter with added Whey","Myfitness",8904327601969,638,25,21.9,50,6.2,6.2,69,"[{""unit"":""serving"",""grams"":32,""description"":""1 portion (32 g)""},{""unit"":""g"",""grams"":1}]","Open Food Facts (ODbL)"
3eaee3c2-e62a-4b7d-ae66-734c68ce74d6,off,"Dark Chocolate Peanut Butter","My fitness",8904327601976,647,25,18.8,53.1,6.2,12.5,59,"[{""unit"":""serving"",""grams"":32,""description"":""1 portion (32 g)""},{""unit"":""g"",""grams"":1}]","Open Food Facts (ODbL)"
34638f9a-183e-4f1c-9b24-5e0538fd2789,off,"Prime Whey Protein","Big Flex",8904330008588,351,68.6,10.3,4,0,0,0,"[{""unit"":""serving"",""grams"":35,""description"":""35 g""},{""unit"":""g"",""grams"":1}]","Open Food Facts (ODbL)"
60b091f2-4be2-4e03-a068-54a3a9b001a1,off,"Dark Chocolate And Cranberry Muesli","Yoga Bar",8904335600329,408,12,69,11.6,10,14.9,114,"[{""unit"":""serving"",""grams"":100,""description"":""100 g""},{""unit"":""g"",""grams"":1}]","Open Food Facts (ODbL)"
9429fc91-871b-434e-9110-d748cad25975,off,"Muesli+","Yoga Bar",8904335600336,418,13,70,9.5,7.5,4.8,61,"[{""unit"":""serving"",""grams"":40,""description"":""40g""},{""unit"":""g"",""grams"":1}]","Open Food Facts (ODbL)"
74d2eff9-e3b3-45e9-a692-24677debacb3,off,"Peanut butter","YogaBar",8904335600671,632,30.6,14,50.4,6.2,0.5,0,"[{""unit"":""serving"",""grams"":32,""description"":""32g""},{""unit"":""g"",""grams"":1}]","Open Food Facts (ODbL)"
fbc7a40b-5f1d-4be2-805b-92fb02265a82,off,"Yoga bar 23G protein muesli + choco almond + cranberry","Yoga bar",8904335601869,386,23,53.1,10.7,7.5,20.2,90,"[{""unit"":""serving"",""grams"":100,""description"":""1 portion (100 g)""},{""unit"":""g"",""grams"":1}]","Open Food Facts (ODbL)"
47df6617-5834-4984-a9a8-76ab3375194d,off,"Yoga bar High Protein Muesli+","Yoga bar",8904335601890,386,23,53.1,10.7,7.5,20.2,90,"[{""unit"":""serving"",""grams"":50,""description"":""1 serving (50 g)""},{""unit"":""g"",""grams"":1}]","Open Food Facts (ODbL)"
1fcb1cd2-3081-480d-a274-e00706b1d939,off,"100% Rolled Oats","Yoga Bar",8904335601951,388,12.5,66.5,8.2,10,1.8,10,"[{""unit"":""serving"",""grams"":40,""description"":""40 g""},{""unit"":""g"",""grams"":1}]","Open Food Facts (ODbL)"
fdf1afeb-e03a-4ee3-9c03-03f17e693fca,off,"Yoga Bar Protein Bar","Yoga Bar",8904335602385,362,20.2,53.8,9.4,10.4,43,128,"[{""unit"":""serving"",""grams"":50,""description"":""1 serving (50 g)""},{""unit"":""g"",""grams"":1}]","Open Food Facts (ODbL)"
60d28c9e-7d2e-493f-928e-37bc7b694d3e,off,"Daily 10g Protein Bar","Yoga Bar",8904335602392,380,20,55,10.6,15.6,37,243,"[{""unit"":""serving"",""grams"":50,""description"":""1 bar (50 g)""},{""unit"":""g"",""grams"":1}]","Open Food Facts (ODbL)"
ead78256-6225-4622-83b4-f5c9a1bee300,off,"Coffe Rush 10g Protein Bar","Yoga Bar",8904335602408,348,20,52,8.6,7.8,39.6,189,"[{""unit"":""serving"",""grams"":50,""description"":""50g""},{""unit"":""g"",""grams"":1}]","Open Food Facts (ODbL)"
f3014768-918a-4e21-931f-74821dc7dac9,off,"Chocolate Muesli","Yogabar",8904335602521,437,12.3,67,13.3,9.4,6.7,91,"[{""unit"":""serving"",""grams"":100,""description"":""1 portion (100 g)""},{""unit"":""g"",""grams"":1}]","Open Food Facts (ODbL)"
ba4933a3-4bab-4ad0-84f7-d1ea5a7f0f39,off,"Protein Muesli","Yogabar",8904335603405,386,23,53.1,10.7,7.5,20.2,90,"[{""unit"":""serving"",""grams"":100,""description"":""1 4 (100 g)""},{""unit"":""g"",""grams"":1}]","Open Food Facts (ODbL)"
d3d1dbb4-6d56-4380-b51a-785fa6b6c592,off,"26g High Protein Oats Dark Chocolate","Yogabar",8904335603429,354,26,52,7.2,11.2,12.3,100,"[{""unit"":""serving"",""grams"":50,""description"":""1 serving (50 g)""},{""unit"":""g"",""grams"":1}]","Open Food Facts (ODbL)"
26bd281e-6ec1-4086-8971-b5bed3566cdf,off,"Protein shake cold cofee","Yoga bar",8904335603894,88,10.4,10.5,0.5,0,5.4,71,"[{""unit"":""serving"",""grams"":250,""description"":""250 ml""},{""unit"":""g"",""grams"":1}]","Open Food Facts (ODbL)"
2a32c8c7-d5f0-434f-b313-7fafcfb9a90b,off,"High Protein Muesli Fruit+ Nuts & Seeds","Yogabar",8904335603931,403,23.5,57.2,10.5,7.1,19.3,221,"[{""unit"":""serving"",""grams"":100,""description"":""100g""},{""unit"":""g"",""grams"":1}]","Open Food Facts (ODbL)"
a0e26241-8274-414d-989c-3615cfdf8dc1,off,"Yogabar Protein Muesli Fruit & Nuts","Yogabar",8904335603948,403,23.5,57.2,10.5,7.1,19.3,221,"[{""unit"":""serving"",""grams"":50,""description"":""1 50g (50 g)""},{""unit"":""g"",""grams"":1}]","Open Food Facts (ODbL)"
c63d48b7-865d-42e5-9076-cbd2bf3f89a7,off,"High Protein Muesli Fruits Nuts And Seeds","Yoga Bar",8904335604204,403,23.5,57.2,10.5,7.1,19.3,221,"[{""unit"":""serving"",""grams"":25,""description"":""1 portion (25 g)""},{""unit"":""g"",""grams"":1}]","Open Food Facts (ODbL)"
4c31eed5-9657-4762-b7e1-48e08af970c3,off,"Seeds Mix","Yoga Bar",8904335604242,552,28.4,21.2,42,11.6,1.2,476,"[{""unit"":""serving"",""grams"":25,""description"":""1 serving (25 g)""},{""unit"":""g"",""grams"":1}]","Open Food Facts (ODbL)"
3dd82f1f-0069-43f5-9236-2b163f200c45,off,"Protein Minis","Yoga Bar",8904335604280,397,20,58,12.8,15,28.9,160,"[{""unit"":""serving"",""grams"":20,""description"":""1 portion (20 g)""},{""unit"":""g"",""grams"":1}]","Open Food Facts (ODbL)"
63c611e3-1c43-4520-b5bb-145581013b16,off,"Daily Energy Bar Mixed Fruit Flavour","Yoga Bar",8904335604327,338,8.8,75,2.8,11.2,34.2,70,"[{""unit"":""serving"",""grams"":40,""description"":""40 g""},{""unit"":""g"",""grams"":1}]","Open Food Facts (ODbL)"
d0fa25ce-b3bd-4422-8e6d-948606aa52af,off,"Power Up Bar Choco Peanut Butter","Yoga Bar",8904335604402,360,28.6,44.1,13.7,18.1,3,0,"[{""unit"":""serving"",""grams"":70,""description"":""1 bar (70 g)""},{""unit"":""g"",""grams"":1}]","Open Food Facts (ODbL)"
a9fc88a9-896d-4469-a7c9-75359d4a5941,off,"Unflavoured Plant Protein","Yoga Bar",8904335605225,406,80,0.6,9.7,1.9,0.3,1080,"[{""unit"":""serving"",""grams"":100,""description"":""100g""},{""unit"":""g"",""grams"":1}]","Open Food Facts (ODbL)"
557cc69d-6239-44c4-9437-10388aba7793,off,"High Protein Oats","Yoga Bar",8904335605522,360,26,52.5,7.3,11,14.5,0,"[{""unit"":""serving"",""grams"":50,""description"":""50 g""},{""unit"":""g"",""grams"":1}]","Open Food Facts (ODbL)"
5481a27a-fc4b-4932-91e9-5beda14ae72c,off,"High Protein Oats Korean Fire","Yoga Bar",8904335605546,369,26,52.5,8.9,12.5,11.9,1607,"[{""unit"":""serving"",""grams"":100,""description"":""1 portion (100 g)""},{""unit"":""g"",""grams"":1}]","Open Food Facts (ODbL)"
5c1a5fbc-8fbc-474e-9291-1d9b1555ad59,off,"High Protein Oats","Yogabar",8904335605713,327,26,45.6,6.8,10.4,8.5,312,"[{""unit"":""serving"",""grams"":100,""description"":""1 serving (100 g)""},{""unit"":""g"",""grams"":1}]","Open Food Facts (ODbL)"
a95c0d23-2bda-4b7a-8d18-091cb07b0549,off,"High Protein Oats Dark Chocolate","Yoga Bar",8904335605737,354,26,52,7.2,11.2,12.4,100,"[{""unit"":""serving"",""grams"":50,""description"":""1 portion (50 g)""},{""unit"":""g"",""grams"":1}]","Open Food Facts (ODbL)"
e41ff6a9-21fe-4a94-ac13-508f729b9003,off,"High Protein Oats","Yoga Bar",8904335605799,370,26,52.5,9,12.5,12,1608,"[{""unit"":""serving"",""grams"":40,""description"":""1 portion (40 g)""},{""unit"":""g"",""grams"":1}]","Open Food Facts (ODbL)"
684fe0ae-4e70-48a2-ba0a-d664f3f6435e,off,"pulse",,8904340700007,400,0,75,0,0,50,925,"[{""unit"":""serving"",""grams"":100,""description"":""100g""},{""unit"":""g"",""grams"":1}]","Open Food Facts (ODbL)"
7499c6f4-a05f-45bb-9dff-491de4710b2f,off,"Pulse Kachcha aam",,8904340700328,390,0,97,0,0,55,0,"[{""unit"":""serving"",""grams"":100,""description"":""100g""},{""unit"":""g"",""grams"":1}]","Open Food Facts (ODbL)"
e0d0405c-cdf1-48bc-8c4d-574b3fbd5e0f,off,"Arabian Dates","Apollo Life",8904355407762,342,2.7,82.7,0,6.3,60.4,2,"[{""unit"":""serving"",""grams"":25,""description"":""25g""},{""unit"":""g"",""grams"":1}]","Open Food Facts (ODbL)"
771c63a7-82d9-43f0-8c64-068ae029bbfa,off,"Punjabi Masala Traditional Urad Crisps","ol'tymes",8904359402091,316,18.6,48.8,2.2,0.7,1.1,1464,"[{""unit"":""serving"",""grams"":24,""description"":""24 g""},{""unit"":""g"",""grams"":1}]","Open Food Facts (ODbL)"
fc04179a-d612-4aef-813c-d85b5de1b3d2,off,"Mango Ice Cream","Get-A-Way",8904406097256,110,7,10.8,4.1,1.4,6.4,0,"[{""unit"":""serving"",""grams"":100,""description"":""1 tub (100 ml)""},{""unit"":""g"",""grams"":1}]","Open Food Facts (ODbL)"
4c63499c-fdbd-4c0e-b876-539cfa4bf838,off,"Chocolate Brownie Fudge","Get A Way",8904406102172,116,9,8.3,5.3,1.3,5.8,41,"[{""unit"":""serving"",""grams"":100,""description"":""1 portion (100 ml)""},{""unit"":""g"",""grams"":1}]","Open Food Facts (ODbL)"
2bb89494-fba4-45fe-a43d-b11767f0cf0d,off,"Chocolate brownie fudge","Get-A-Way",8904406102226,116,9,8.3,5.3,1.3,5.8,41,"[{""unit"":""serving"",""grams"":100,""description"":""100 ml""},{""unit"":""g"",""grams"":1}]","Open Food Facts (ODbL)"
d6480259-52a4-4151-8bf3-059e6c15f56d,off,"PUSHTAHAR DALIA","PATANJALI",8904422700260,368,12.9,72.3,3.1,4.2,0,28000,"[{""unit"":""serving"",""grams"":50,""description"":""50 gm""},{""unit"":""g"",""grams"":1}]","Open Food Facts (ODbL)"
a99e3ec7-cf61-4f6d-91b0-b93e12ea6cbd,off,"daliya","Patanjali",8904422700901,340,9.6,68.6,1.5,6.8,1.6,2,"[{""unit"":""serving"",""grams"":100,""description"":""100g""},{""unit"":""g"",""grams"":1}]","Open Food Facts (ODbL)"
81f00309-434b-4f80-8591-57ef2aa28fa6,off,"Refined Sunflower Oil","Sunrich",8904422710894,899,0,0,99.9,0,0,0,"[{""unit"":""serving"",""grams"":100,""description"":""100g""},{""unit"":""g"",""grams"":1}]","Open Food Facts (ODbL)"
9a7a77cd-c860-4e0d-9929-ee942428aeff,off,"Dry Fruit Mix","Happilo",8904424804270,418,8,66,13.3,6.7,45.3,12,"[{""unit"":""serving"",""grams"":35,""description"":""1 packet (35 g)""},{""unit"":""g"",""grams"":1}]","Open Food Facts (ODbL)"
d911527f-a44e-42a9-b11d-aa588d27c059,off,"Organic Wild Honey","Indigenous Honey",8904471310939,330,0.2,82.3,0,0,81.8,4,"[{""unit"":""serving"",""grams"":21,""description"":""21 g""},{""unit"":""g"",""grams"":1}]","Open Food Facts (ODbL)"
03d68986-0b3a-4975-b204-6b33266d3ab4,off,"Millet Cookies (Chocolate)","Tummy Friendly",8904491700093,413,13.5,64.2,11.3,0,16.5,179,"[{""unit"":""serving"",""grams"":100,""description"":""100 g""},{""unit"":""g"",""grams"":1}]","Open Food Facts (ODbL)"
629ec3b3-7946-415d-8145-6025ad38bfa1,off,"Whole Wheat  Bread","Naturbaked",8904494110066,266,7.7,56.8,0.1,3.8,8.7,433,"[{""unit"":""serving"",""grams"":100,""description"":""100g""},{""unit"":""g"",""grams"":1}]","Open Food Facts (ODbL)"
187a3163-e1d4-4fff-a44c-0da74cd5b0f8,off,"Coconut Dry Fruit Gujia","Haldiram's",8904508701402,521,5.1,53.5,31,0,16.1,8,"[{""unit"":""serving"",""grams"":100,""description"":""1 portion (100 g)""},{""unit"":""g"",""grams"":1}]","Open Food Facts (ODbL)"
4ef4eebc-80a6-4ecd-b714-c3ada4cc6442,off,"spoton jucie","RMHA",8905632021107,63,1,14.4,0,0,11.5,0,"[{""unit"":""serving"",""grams"":100,""description"":""100g""},{""unit"":""g"",""grams"":1}]","Open Food Facts (ODbL)"
d8b50347-265e-45e1-a793-050be7e7df0a,off,"A2 Buffalo Milk","Sid’s Farm",8905694508257,89,3.7,5.1,6,0,4.9,40,"[{""unit"":""serving"",""grams"":100,""description"":""100 ml""},{""unit"":""g"",""grams"":1}]","Open Food Facts (ODbL)"
68e05cc0-dbfe-41c0-b4d4-57acdd7fb21d,off,"Soya Sticks","Bikaji",8905950003892,550,9,50,35,3,5,1162,"[{""unit"":""serving"",""grams"":100,""description"":""100g""},{""unit"":""g"",""grams"":1}]","Open Food Facts (ODbL)"
5db5d16e-1f9c-4482-9d99-91d2bcb0f595,off,"Smiles","Mc Cain",8906000610701,192,3,27.6,7.7,1.6,0.4,16,"[{""unit"":""serving"",""grams"":100,""description"":""100g""},{""unit"":""g"",""grams"":1}]","Open Food Facts (ODbL)"
ae1506c7-bc54-4cc9-bc3f-68ab211f2190,off,"French Fries","McCain",8906000610770,142,3.1,24.4,3.5,0,0.5,29,"[{""unit"":""serving"",""grams"":100,""description"":""100 g""},{""unit"":""g"",""grams"":1}]","Open Food Facts (ODbL)"
8772fd0c-59ff-44d4-ba87-0b429b68250d,off,"veggiee fingers","McCain",8906000610930,181,3.1,24.6,7,0,0,0,"[{""unit"":""serving"",""grams"":100,""description"":""100g""},{""unit"":""g"",""grams"":1}]","Open Food Facts (ODbL)"
6d81855d-196c-4504-9663-eb50699cf2a5,off,"Air Fryer French Fries","McCain",8906000612590,149,2.7,24.9,4.3,0,0.5,202,"[{""unit"":""serving"",""grams"":100,""description"":""100 g""},{""unit"":""g"",""grams"":1}]","Open Food Facts (ODbL)"
79aeb3c5-13ff-48e0-857d-00ed2cf868e3,off,"Go Cheese Slices","Go",8906001020196,280,14,2,24,0,0,600,"[{""unit"":""serving"",""grams"":20,""description"":""20g""},{""unit"":""g"",""grams"":1}]","Open Food Facts (ODbL)"
42830fbe-bb9d-4464-9994-ea846bee0721,off,"Gowardhan Star Dahi","Gowardhan",8906001022626,40,3.2,5,0.5,0,0,50,"[{""unit"":""serving"",""grams"":100,""description"":""100g""},{""unit"":""g"",""grams"":1}]","Open Food Facts (ODbL)"
8bb8eb50-1428-42f0-bd32-13f06819a2eb,off,"Protein powder","Avvatar",8906001022848,403,78.9,8.6,6,0,0,220,"[{""unit"":""serving"",""grams"":35,""description"":""1 scoop (35 g)""},{""unit"":""g"",""grams"":1}]","Open Food Facts (ODbL)"
a3c4e583-e104-4332-a2a8-b737a91f65b7,off,"Whey Protein","Avatar",8906001025252,394,80,8.3,4.9,0,0,257,"[{""unit"":""serving"",""grams"":35,""description"":""35 gl (35 g)""},{""unit"":""g"",""grams"":1}]","Open Food Facts (ODbL)"
323fe80b-ddd2-4d40-87c2-e52524692298,off,"Mother's APPALAM","Mother's Recipe",8906001055471,335,19,58,3,0,0,3000,"[{""unit"":""serving"",""grams"":10,""description"":""1 portion (10 g)""},{""unit"":""g"",""grams"":1}]","Open Food Facts (ODbL)"
fdd69ad7-e7cf-4e7b-909c-01089a40702e,off,"burger bun","English Oven",8906001387213,274,8.9,53.3,2.2,0,0,388,"[{""unit"":""serving"",""grams"":50,""description"":""1 portion (50 g)""},{""unit"":""g"",""grams"":1}]","Open Food Facts (ODbL)"
d257caf8-6667-437c-9d1d-dd98d7a2a0d7,off,"Bread","English oven",8906001388319,274,10.5,54.1,1.1,3,5.9,362,"[{""unit"":""serving"",""grams"":100,""description"":""100 g""},{""unit"":""g"",""grams"":1}]","Open Food Facts (ODbL)"
fed5a64d-7dfa-42dd-99f9-a9052ad203b9,off,"Pasteurised Toned Milk Dahi","Paras",8906001721017,63,3.7,5.3,3,0,5.3,50,"[{""unit"":""serving"",""grams"":100,""description"":""1 portion (100 g)""},{""unit"":""g"",""grams"":1}]","Open Food Facts (ODbL)"
5ae5cd41-478d-4ddd-a1b4-7c5d51c970a9,off,"Veg mayonnaise for burger","Dr. Oetker",8906002000876,466,1.3,20,42,0,14,648,"[{""unit"":""serving"",""grams"":15,""description"":""15g""},{""unit"":""g"",""grams"":1}]","Open Food Facts (ODbL)"
d995b5e7-85dd-40ef-9a9e-7c0b96c1fb9a,off,"Dr. otekar Supreme brownie",,8906002009053,417,6.7,54,17.7,0,27.3,236,"[{""unit"":""serving"",""grams"":100,""description"":""100g""},{""unit"":""g"",""grams"":1}]","Open Food Facts (ODbL)"
e8c43eb0-cef8-42db-882c-7cfd8a0c3d41,off,"Snickers","Mars",8906002482481,481,7.6,60,23.3,0,55,229,"[{""unit"":""serving"",""grams"":20,""description"":""20g""},{""unit"":""g"",""grams"":1}]","Open Food Facts (ODbL)"
0296a8be-dc7b-4a29-be42-cee07e0f6842,off,"Coconãd Coconut Milk","KLF",8906002661176,173,1,4,17,0,0,12,"[{""unit"":""serving"",""grams"":100,""description"":""100g""},{""unit"":""g"",""grams"":1}]","Open Food Facts (ODbL)"
71010e9a-1d80-46f2-9353-c1925fb1160e,off,"Instant Gulab Jamun mix","Chitale Foods",8906002730018,431,20.5,54.6,14.6,1.6,18.8,414,"[{""unit"":""serving"",""grams"":100,""description"":""100g""},{""unit"":""g"",""grams"":1}]","Open Food Facts (ODbL)"
86cb65ef-34ee-4791-8ff7-8c0291403728,off,"cullbulle","diamond",8906004562877,546,7.2,57.1,32,0,0,283,"[{""unit"":""serving"",""grams"":100,""description"":""100g""},{""unit"":""g"",""grams"":1}]","Open Food Facts (ODbL)"
1219251e-b6fd-4fc6-be13-dde788b8e6b9,off,"Pipes - Salted Crunch","Yellow Diamond",8906004563539,514,7.5,61,26.7,0,2.4,1558,"[{""unit"":""serving"",""grams"":100,""description"":""100 g""},{""unit"":""g"",""grams"":1}]","Open Food Facts (ODbL)"
c80c7422-5ad7-49a7-90bd-06691294e2e4,off,"Chips Piri Piri Flavour","Yellow Diamond",8906004564741,539,7.8,54.9,32,0,2.3,934,"[{""unit"":""serving"",""grams"":100,""description"":""100g""},{""unit"":""g"",""grams"":1}]","Open Food Facts (ODbL)"
4e94d4e7-240f-4b5d-bf93-2f27934ccbd5,off,"Spicy Korean Chips","Diamond",8906004565342,533,7.4,55.4,31.4,0,3.8,904,"[{""unit"":""serving"",""grams"":100,""description"":""5 serving (100 g)""},{""unit"":""g"",""grams"":1}]","Open Food Facts (ODbL)"
979c7ef5-36fd-4d39-aca8-a0248ad5f6a1,off,"Tana-bana","Bikaji",8906005504395,534,11,55,30,8,15,880,"[{""unit"":""serving"",""grams"":100,""description"":""100g""},{""unit"":""g"",""grams"":1}]","Open Food Facts (ODbL)"
8cedcb2f-2e49-4f3e-b1a7-5a7fafb0dd35,off,"Soya sticks","Bikaji",8906005505040,551,6,51,36,0,5,530,"[{""unit"":""serving"",""grams"":100,""description"":""100g""},{""unit"":""g"",""grams"":1}]","Open Food Facts (ODbL)"
442cbdc9-325a-4745-8a44-03e6a76970df,off,"Fruit cake sliced",,8906005618351,426,6.2,53.9,20.5,0,34.6,76,"[{""unit"":""serving"",""grams"":100,""description"":""100g""},{""unit"":""g"",""grams"":1}]","Open Food Facts (ODbL)"
c4848dda-9fed-44e9-a561-b493993d22f6,off,"Choco Cake Sliced","Winkies",8906005618368,428,7.2,52.1,21.1,0,29.5,230,"[{""unit"":""serving"",""grams"":20,""description"":""20 g""},{""unit"":""g"",""grams"":1}]","Open Food Facts (ODbL)"
d842792f-46c3-4589-97ff-bf675edff72e,off,"Mini Swiss Roll (Choco-Vanilla) [10 Rs]","Winkles",8906005618603,415,5.6,67.1,13.8,0,41.5,655,"[{""unit"":""serving"",""grams"":25,""description"":""1 Mini Roll Pack (25 g)""},{""unit"":""g"",""grams"":1}]","Open Food Facts (ODbL)"
fb30e375-0557-4fcf-99dc-caff9bbc75d1,off,"Haldi Chana","Charliee",8906005672780,410,20,70,5,15,0,470,"[{""unit"":""serving"",""grams"":20,""description"":""1 portion (20 g)""},{""unit"":""g"",""grams"":1}]","Open Food Facts (ODbL)"
6c103e56-9ae7-43f7-883b-834a4214a41c,off,"Manchurian Puffs","O'yes",8906006170308,451,5.8,68.7,17,1.1,7.4,835,"[{""unit"":""serving"",""grams"":20,""description"":""1 portion (20 g)""},{""unit"":""g"",""grams"":1}]","Open Food Facts (ODbL)"
f5e2d59e-7f9b-4d64-84e8-26adabad0b14,off,"Qyno Dates","Lion",8906006720107,320,2.8,77.2,0.2,5.6,69.2,4,"[{""unit"":""serving"",""grams"":25,""description"":""25g""},{""unit"":""g"",""grams"":1}]","Open Food Facts (ODbL)"
03076eea-ede8-4163-a713-b8f06890f50e,off,"Three Cheers Chocolate","Baskin Robbins",8906006850897,229,3.7,29.2,10.8,0.5,26.3,50,"[{""unit"":""serving"",""grams"":65,""description"":""65 g""},{""unit"":""g"",""grams"":1}]","Open Food Facts (ODbL)"
bceb0b34-bca7-4c8e-b1f8-218bc9b5f3a7,off,"Black Currant Ice Cream","Baskin Robbins",8906006850903,129,2.3,14.9,6.7,0,13.2,35,"[{""unit"":""serving"",""grams"":60,""description"":""60 ml""},{""unit"":""g"",""grams"":1}]","Open Food Facts (ODbL)"
2d2bcff2-caa8-4100-96cd-d17a173e02f6,off,"Very Berry Strawberry Ice Cream","Baskin Robbin’s",8906006852129,197,3.7,24.6,9.4,0.2,23.7,0,"[{""unit"":""serving"",""grams"":58,""description"":""1 portion (58 g)""},{""unit"":""g"",""grams"":1}]","Open Food Facts (ODbL)"
a9058d96-8b9e-43a0-b6d3-59db57352839,off,"Rice Bran Oil","Fortune",8906007280693,900,0,0,100,0,0,0,"[{""unit"":""serving"",""grams"":100,""description"":""100g""},{""unit"":""g"",""grams"":1}]","Open Food Facts (ODbL)"
2048df23-e3e6-49bf-b766-3de0a1f42333,off,"Mustard Oil","Fortune",8906007280945,900,0,0,100,0,0,0,"[{""unit"":""serving"",""grams"":15,""description"":""15ml""},{""unit"":""g"",""grams"":1}]","Open Food Facts (ODbL)"
0c9db5f6-0184-403c-a125-94fb7a918bcb,off,"Sona Masuri Supreme  Rice","Fortune",8906007289238,350,7,78,0.9,1.1,0.2,2,"[{""unit"":""serving"",""grams"":100,""description"":""100g""},{""unit"":""g"",""grams"":1}]","Open Food Facts (ODbL)"
69fc2599-6b9c-445a-a262-cbecf31e7333,off,"Multi Millet Atta","Manna",8906008350784,365,11,74,3,9,0,3,"[{""unit"":""serving"",""grams"":100,""description"":""1 portion (100 g)""},{""unit"":""g"",""grams"":1}]","Open Food Facts (ODbL)"
6cafff45-4836-488f-8add-0a503f17618a,off,"Toor Dal","Parry's",8906009010434,322,21.7,55.2,1.6,9.1,2.1,18,"[{""unit"":""serving"",""grams"":100,""description"":""100g""},{""unit"":""g"",""grams"":1}]","Open Food Facts (ODbL)"
419c8836-8ac6-45ec-afda-1aa50a36acce,off,"Choco chip cookies","UNIBIC",8906009071800,480,5.8,68,19.5,6,28,213,"[{""unit"":""serving"",""grams"":30,""description"":""30g""},{""unit"":""g"",""grams"":1}]","Open Food Facts (ODbL)"
af1072f6-6458-48d5-8824-7fe90739b2e4,off,"Pista Badam Cookies","UNIBIC",8906009072029,497,7.4,60,25.3,0,23.7,196,"[{""unit"":""serving"",""grams"":30,""description"":""30g""},{""unit"":""g"",""grams"":1}]","Open Food Facts (ODbL)"
71621fc1-4376-4317-ae8d-d1dd7f671614,off,"Biscott","Unibic",8906009072784,470,6,71,18,0,30,240,"[{""unit"":""serving"",""grams"":100,""description"":""1 portion (100 g)""},{""unit"":""g"",""grams"":1}]","Open Food Facts (ODbL)"
6e47417f-b322-477f-b09f-53e88d922c9e,off,"Danish Coconut Cookies","Unibic",8906009073965,532,6.5,60.3,29.4,8,34.7,260,"[{""unit"":""serving"",""grams"":30,""description"":""30 g""},{""unit"":""g"",""grams"":1}]","Open Food Facts (ODbL)"
087bbc46-b1d8-4ef2-ab67-de7cc371a000,off,"Oatmeal cookies Sugar free","Unibic",8906009077291,469,6.2,56,24.5,0,0,185,"[{""unit"":""serving"",""grams"":30,""description"":""30g""},{""unit"":""g"",""grams"":1}]","Open Food Facts (ODbL)"
cdd01d1d-ca81-404a-8b98-9630711259fd,off,"UNIBIC Cashew Cookies","UNIBIC",8906009078021,496,7.5,63,23.8,0,25,123,"[{""unit"":""serving"",""grams"":30,""description"":""30g""},{""unit"":""g"",""grams"":1}]","Open Food Facts (ODbL)"
3cb22c67-ce99-4639-a58b-d6cdd5319065,off,"Unibic oats digestive600g",,8906009079462,484,8.3,68,19.4,9.2,18.8,655700,"[{""unit"":""serving"",""grams"":100,""description"":""100g""},{""unit"":""g"",""grams"":1}]","Open Food Facts (ODbL)"
ab105824-9376-4184-9782-880aeeae3ab4,off,"Saras Chhach","Saras",8906009440569,31,2.4,2.1,1.5,0,2.1,30,"[{""unit"":""serving"",""grams"":100,""description"":""100 5 (100 ml)""},{""unit"":""g"",""grams"":1}]","Open Food Facts (ODbL)"
41ffaf82-d362-476a-a7a2-0d12578e824f,off,"Saras Dahi","Saras",8906009440682,58,3.2,4.6,3,0,4.6,40,"[{""unit"":""serving"",""grams"":100,""description"":""1 serving (100 g)""},{""unit"":""g"",""grams"":1}]","Open Food Facts (ODbL)"
81794932-1e0e-45af-8bf0-ba391d46736d,off,"Max protein active choco fudge bar",,8906009531335,313,20,33.9,12.5,5,10.7,186,"[{""unit"":""serving"",""grams"":75,""description"":""75g""},{""unit"":""g"",""grams"":1}]","Open Food Facts (ODbL)"
508734ce-225e-4755-95d6-b7588a413254,off,"max protein bar","Ritebite",8906009532363,346,20,55.6,11.6,10,18.2,276,"[{""unit"":""serving"",""grams"":50,""description"":""50g""},{""unit"":""g"",""grams"":1}]","Open Food Facts (ODbL)"
83ed3877-4f40-447b-9c99-4574878d8a79,off,"RiteBite Max Protein Peri Peri 7 Grain Protein Snack","RiteBite",8906009532882,494,17,48.6,22.9,6.8,8,1193,"[{""unit"":""serving"",""grams"":100,""description"":""100g""},{""unit"":""g"",""grams"":1}]","Open Food Facts (ODbL)"
0f875058-fb4b-40e5-9ada-9a4668490043,off,"RiteBite Max Protein 7 Grain Breakfast Cookie Oats & Raisins","RiteBite",8906009533155,451,18.2,47.6,20.9,7.3,20.5,227,"[{""unit"":""serving"",""grams"":55,""description"":""1 cookie (55 g)""},{""unit"":""g"",""grams"":1}]","Open Food Facts (ODbL)"
983990ec-e944-467b-b677-e45d0cdda280,off,"7 Grain Breakfast Cookie Choco Almond","Max Protein",8906009535159,463,20,36.8,27.2,13.3,5.8,293,"[{""unit"":""serving"",""grams"":60,""description"":""1 cookie (60 g)""},{""unit"":""g"",""grams"":1}]","Open Food Facts (ODbL)"
740fb295-1f34-4c54-84be-1d3c63ef6b88,off,"Blueberry blast","Ritebite",8906009536590,362,3,58.2,13,10.8,28.2,112,"[{""unit"":""serving"",""grams"":40,""description"":""40 g""},{""unit"":""g"",""grams"":1}]","Open Food Facts (ODbL)"
f590bced-438d-4871-b3cb-8c20bae7ce0b,off,"Date et almond bar","Max Protein",8906009536675,420,22.4,45.1,20.4,10,0,0,"[{""unit"":""serving"",""grams"":45,""description"":""1 bar (45 g)""},{""unit"":""g"",""grams"":1}]","Open Food Facts (ODbL)"
2171956f-2e9c-4b08-905a-7fdbbee28870,off,"Max Protein - Coffee Mousse","RiteBite",8906009537047,474,25,41,27.5,8.2,1,114,"[{""unit"":""serving"",""grams"":40,""description"":""1 f al taxes (40 g)""},{""unit"":""g"",""grams"":1}]","Open Food Facts (ODbL)"
fc93b7b8-862c-4ba5-8be1-9e0db6f6ba88,off,"Gochujang","Max Protein",8906009537306,440,16.6,49,22.4,6.7,6.7,1075,"[{""unit"":""serving"",""grams"":100,""description"":""100g""},{""unit"":""g"",""grams"":1}]","Open Food Facts (ODbL)"
dfcb55e0-a866-47ec-b171-e1382b2a289c,off,"Brownie",,8906009993737,467,6.2,50,29.2,0,0,0,"[{""unit"":""serving"",""grams"":24,""description"":""24.0g""},{""unit"":""g"",""grams"":1}]","Open Food Facts (ODbL)"
9a442880-5168-4d25-ac6f-72766f7fdb16,off,"Cream Cheese","D’lecta",8906010090289,340,6.9,5,32.5,0,0,698,"[{""unit"":""serving"",""grams"":100,""description"":""1 portion (100 g)""},{""unit"":""g"",""grams"":1}]","Open Food Facts (ODbL)"
30ea5518-a683-41f0-9aa5-02059f398adf,off,"Feta","D'lecta",8906010090296,262,16.4,3.3,20.4,0,0,0,"[{""unit"":""serving"",""grams"":100,""description"":""1 portion (100 g)""},{""unit"":""g"",""grams"":1}]","Open Food Facts (ODbL)"
9b130243-a27c-41ee-a38c-468a1e99d2f8,off,"Chilli Cheese Slice","D’lecta",8906010090319,278,8.4,14.4,21.4,0,0,1586,"[{""unit"":""serving"",""grams"":100,""description"":""1 piece (100 g)""},{""unit"":""g"",""grams"":1}]","Open Food Facts (ODbL)"
9a74e350-8182-4636-8171-44484ba51ab9,off,"D'lecta Mozzarella Cheese","D'lecta",8906010090739,284,24.5,0.5,20.5,0,0.5,640,"[{""unit"":""serving"",""grams"":20,""description"":""20g""},{""unit"":""g"",""grams"":1}]","Open Food Facts (ODbL)"
7963729b-123e-4168-8d2c-26d2c5e48ce0,off,"Cheese slices","D'lecta",8906010090777,310,16,4,25.5,0,4,1446,"[{""unit"":""serving"",""grams"":100,""description"":""100 g""},{""unit"":""g"",""grams"":1}]","Open Food Facts (ODbL)"
7f0c6c4b-2d2f-476a-8722-719172874d5d,off,"Dlecta 100 % cheese","Dlecta",8906010090869,282,24,0.5,20.5,0,0.5,640,"[{""unit"":""serving"",""grams"":10,""description"":""1 serving (10 g)""},{""unit"":""g"",""grams"":1}]","Open Food Facts (ODbL)"
6c5c72b5-400e-4175-9629-990ad3de68aa,off,"Ghee","GRB",8906010360085,897,0,0,99.7,0,0,0,"[{""unit"":""serving"",""grams"":14,""description"":""14 g""},{""unit"":""g"",""grams"":1}]","Open Food Facts (ODbL)"
d671fbfb-2a0c-4e96-94ee-b925f31708e3,off,"Budhani Bros Potato Wafers","Budhani Bros",8906010450021,548,8.5,47.8,35,0,0.5,710,"[{""unit"":""serving"",""grams"":25,""description"":""25g""},{""unit"":""g"",""grams"":1}]","Open Food Facts (ODbL)"
b0da095f-d255-4e86-ac10-496f3e11ad79,off,"Balaji Farali Chivda","Balaji Namkeen",8906010500078,589,15.2,8,38.9,7.6,8,404,"[{""unit"":""serving"",""grams"":100,""description"":""100g""},{""unit"":""g"",""grams"":1}]","Open Food Facts (ODbL)"
c1cefd17-2e2a-4be6-a98e-2290d8bb5477,off,"Balaji Wafers Sev Murmura","Balaji Wafers",8906010500214,507,10.9,60.6,23.4,5,0,808,"[{""unit"":""serving"",""grams"":25,""description"":""25g""},{""unit"":""g"",""grams"":1}]","Open Food Facts (ODbL)"
620efc41-66bb-4b71-9af2-f852fc991699,off,"BALAJI Mung Dal",,8906010500238,504,22.7,54.5,17.5,0,1,385,"[{""unit"":""serving"",""grams"":30,""description"":""30g""},{""unit"":""g"",""grams"":1}]","Open Food Facts (ODbL)"
69ff1d8a-1f58-4497-9b22-7228552b0b76,off,"Balaji Wafers Masala Sev Murmura","Balaji Wafers",8906010500245,482,10.9,53.8,23.2,7,9.4,811,"[{""unit"":""serving"",""grams"":100,""description"":""100g""},{""unit"":""g"",""grams"":1}]","Open Food Facts (ODbL)"
7b19c67e-c89d-48c0-b674-39a073155d2a,off,"Ratlami Sev","Balaji Wafers",8906010500306,570,14.8,42.1,36.1,0,2,1084,"[{""unit"":""serving"",""grams"":100,""description"":""100g""},{""unit"":""g"",""grams"":1}]","Open Food Facts (ODbL)"
5e065122-9f86-47b2-8ce7-431493022a5e,off,"Unknown Product",,8906010500429,594,13.4,41.1,39.9,0,0.9,1,"[{""unit"":""serving"",""grams"":100,""description"":""100g""},{""unit"":""g"",""grams"":1}]","Open Food Facts (ODbL)"
352c6915-1d2f-46dc-98a8-69d4a55d491f,off,"Crunchm","Balaji",8906010500481,80,1.8,16.7,0.3,1.8,0.9,21,"[{""unit"":""serving"",""grams"":100,""description"":""100g""},{""unit"":""g"",""grams"":1}]","Open Food Facts (ODbL)"
b53f5fd2-692e-4ba6-bc08-97c66331d934,off,"balaji wafers tomato twist",,8906010500498,556,6.5,53.5,33.8,0,6,691,"[{""unit"":""serving"",""grams"":30,""description"":""30g""},{""unit"":""g"",""grams"":1}]","Open Food Facts (ODbL)"
2af1d3b9-5e23-498d-8646-91afdf34c774,off,"Chata Pataka Tomato","Balaji",8906010500610,552,6.5,56.2,33.2,0,5,710,"[{""unit"":""serving"",""grams"":50,""description"":""1 portion (50 g)""},{""unit"":""g"",""grams"":1}]","Open Food Facts (ODbL)"
7378b090-2d07-4e2a-9127-43d5e6a63f5a,off,"Shing Bhujiya - Nimbu Chatka","Balaji Wafers",8906010500863,616,20.2,28.1,44.2,0,3.1,1109000,"[{""unit"":""serving"",""grams"":100,""description"":""100g""},{""unit"":""g"",""grams"":1}]","Open Food Facts (ODbL)"
e2c132f5-75a8-4c08-bd96-17f0991d4011,off,"Chataka pataka","Balaji wafers",8906010500894,546,6.6,57.4,31.6,2.8,3,649000,"[{""unit"":""serving"",""grams"":100,""description"":""100g""},{""unit"":""g"",""grams"":1}]","Open Food Facts (ODbL)"
c9896204-d462-4a6d-af27-27bb9da4c831,off,"Scoopitos Masala Flavour","Balaji Wafers",8906010501228,519,7.1,57.8,27.8,4.8,40,1353,"[{""unit"":""serving"",""grams"":20,""description"":""1 portion (20 g)""},{""unit"":""g"",""grams"":1}]","Open Food Facts (ODbL)"
b5b13e06-2255-49e4-8b1a-b7081477ef27,off,"wheelos masala flavour","BALAJI WAFERS",8906010501242,484,7.5,62.6,21.5,0,1.9,1423,"[{""unit"":""serving"",""grams"":30,""description"":""1 portion (30 g)""},{""unit"":""g"",""grams"":1}]","Open Food Facts (ODbL)"
d196a3c4-aa7c-4554-a7ad-0e56d8845d74,off,"Masala sev murmura","Balaji wafers",8906010501259,482,10.9,53.8,23.2,7,9.4,811,"[{""unit"":""serving"",""grams"":20,""description"":""20g""},{""unit"":""g"",""grams"":1}]","Open Food Facts (ODbL)"
4a6f475f-1a52-455b-960f-05da4b6960a5,off,"Flaming hot nachos",,8906010502294,557,9,57,30.9,0,0.1,716,"[{""unit"":""serving"",""grams"":100,""description"":""100g""},{""unit"":""g"",""grams"":1}]","Open Food Facts (ODbL)"
be5d0fee-8805-46d9-8158-07d841a03545,off,"Stack Up - Simply Salted","Balaji Wafer",8906010502782,541,4.8,58.7,31.1,0,0.5,850,"[{""unit"":""serving"",""grams"":30,""description"":""30g""},{""unit"":""g"",""grams"":1}]","Open Food Facts (ODbL)"
1f7587aa-a668-4931-97f7-7bc064e63fe9,off,"Noodle Sticks Masala","Balaji Wafers",8906010503451,508,7.2,62.5,25.5,0,3.5,1282,"[{""unit"":""serving"",""grams"":100,""description"":""100g""},{""unit"":""g"",""grams"":1}]","Open Food Facts (ODbL)"
64d68c34-4acc-4a49-8ef4-58ac681c4c6c,off,"Tomato Twist",,8906010503482,550,5,55,35,0,5,500,"[{""unit"":""serving"",""grams"":100,""description"":""100g""},{""unit"":""g"",""grams"":1}]","Open Food Facts (ODbL)"
1d90cc4f-a7c1-4439-8fbb-7fa8e71bcd71,off,"Balaji wafers","Balaji",8906010503512,554,7.7,53.4,32.9,0,0.8,385,"[{""unit"":""serving"",""grams"":135,""description"":""135g""},{""unit"":""g"",""grams"":1}]","Open Food Facts (ODbL)"
f3e6f810-00f8-4e62-a410-b30f47a31056,off,"CHRUNCHEM Masala Masti","Balaji",8906010503529,539,7.4,56.9,29.5,8.5,5.2,760,"[{""unit"":""serving"",""grams"":100,""description"":""1 portion (100 g)""},{""unit"":""g"",""grams"":1}]","Open Food Facts (ODbL)"
b7d184ca-bcbc-4623-8ddd-47922beea3f8,off,"Chataka Pataka","Balaji Wafers",8906010503949,542,6.7,55,32.8,0,0,550,"[{""unit"":""serving"",""grams"":100,""description"":""100g""},{""unit"":""g"",""grams"":1}]","Open Food Facts (ODbL)"
4312ca2c-e153-4eb9-900b-2059021b8eba,off,"Blueberry Flavored Cone Ice Cream","Milky Mist",8906010913304,170,2,23,8,0,0,0,"[{""unit"":""serving"",""grams"":73,""description"":""73 g""},{""unit"":""g"",""grams"":1}]","Open Food Facts (ODbL)"
da16e431-a4ac-4264-b70d-161162f54703,off,"MMS Infant Formula","British Life Sciences",8906011141829,511,12.5,58.9,25,0,0,160,"[{""unit"":""serving"",""grams"":100,""description"":""100g""},{""unit"":""g"",""grams"":1}]","Open Food Facts (ODbL)"
0819feb7-8a57-45e1-a19e-49fa2b339f9c,off,"Jeera udad papad","Ganesh",8906011410079,314,19.9,57,0.6,0,0,680,"[{""unit"":""serving"",""grams"":100,""description"":""100g""},{""unit"":""g"",""grams"":1}]","Open Food Facts (ODbL)"
1c11deb1-935b-4024-9643-bc8b241e58e5,off,"CUSTARD POWDER","BAKERS",8906012890047,369,2.5,89.7,0,0,0,247,"[{""unit"":""serving"",""grams"":25,""description"":""25g""},{""unit"":""g"",""grams"":1}]","Open Food Facts (ODbL)"
b972dc2c-751e-451b-ac4c-ff985391b7a4,off,"X-press Instant Noodles Vegetable Flavour 70g","WAI WAI",8906013030947,481,10,63,21,2,1.5,1620,"[{""unit"":""serving"",""grams"":100,""description"":""100g""},{""unit"":""g"",""grams"":1}]","Open Food Facts (ODbL)"
dc60ede6-af85-46cb-a2fe-1df625e7d4b7,off,"Chukku Kappi","Brahmins",8906014086509,317,3.1,85.6,0.9,5.3,85.4,0,"[{""unit"":""serving"",""grams"":100,""description"":""100g""},{""unit"":""g"",""grams"":1}]","Open Food Facts (ODbL)"
9a87a1b3-5a9d-4790-b899-3451ff15c80a,off,"Peanut Oil (Filtered)","Gulab",8906014882040,898,0,0,100,0,0,0,"[{""unit"":""serving"",""grams"":100,""description"":""1 portion (100 g)""},{""unit"":""g"",""grams"":1}]","Open Food Facts (ODbL)"
93c7bc62-8b12-4a4c-bd9f-1a6384e08c45,off,"Godrej Jersey Doodh Peda","Godrej Jersey",8906016411606,426,11.3,48.1,20.9,0,48.1,24,"[{""unit"":""serving"",""grams"":20,""description"":""20g""},{""unit"":""g"",""grams"":1}]","Open Food Facts (ODbL)"
63e124c9-e410-4dc0-917e-27ade1bc06c5,off,"Jersey Curd",,8906016413259,61,3.2,5.2,3,0,5.2,32,"[{""unit"":""serving"",""grams"":50,""description"":""50g""},{""unit"":""g"",""grams"":1}]","Open Food Facts (ODbL)"
4fc1a75a-f99f-470b-808b-979331cf7afe,off,"Bisleri 1ltr MADE IN INDIA","Bisleri",8906017290040,0,0,0,0,0,0,0,"[{""unit"":""serving"",""grams"":100,""description"":""100g""},{""unit"":""g"",""grams"":1}]","Open Food Facts (ODbL)"
301d33f8-107b-49a6-85b9-69c53a47a935,off,"Frozen Sweet Corn","Pagro",8906018553137,101,3.5,16.4,2.4,6.8,2,9,"[{""unit"":""serving"",""grams"":40,""description"":""1 portion (40 g)""},{""unit"":""g"",""grams"":1}]","Open Food Facts (ODbL)"
46ebe1df-008d-41e0-bb7c-30ec53050ad3,off,"Nutrulicious Curd","Lotus",8906018901563,47,3.8,5.2,1.3,0,5.2,44,"[{""unit"":""serving"",""grams"":100,""description"":""1 1 (100 g)""},{""unit"":""g"",""grams"":1}]","Open Food Facts (ODbL)"
bb60d838-7987-41d6-88f3-6bcb41438036,off,"Yakult","Yakult",8906019270002,37,1.2,7.7,0,0,6.2,19,"[{""unit"":""serving"",""grams"":65,""description"":""65 ml""},{""unit"":""g"",""grams"":1}]","Open Food Facts (ODbL)"
73ed4fdb-83ee-4d55-9105-6e530be2e2dc,off,"Yakult","Yakult",8906019270019,50,0.8,11.5,0.1,0,10.5,0,"[{""unit"":""serving"",""grams"":100,""description"":""100g""},{""unit"":""g"",""grams"":1}]","Open Food Facts (ODbL)"
322d31e3-2349-48a1-9a85-40683b296556,off,"Yakult Lite Mango","Yakult",8906019270026,37,1.2,7.7,0.2,0,6.2,19,"[{""unit"":""serving"",""grams"":65,""description"":""1 portion (65 ml)""},{""unit"":""g"",""grams"":1}]","Open Food Facts (ODbL)"
341d4982-a737-41ee-a9c3-145d579d968c,off,"Dahi","Prabhat",8906019731596,58,3.3,4.5,3,0,4.5,55,"[{""unit"":""serving"",""grams"":100,""description"":""100g""},{""unit"":""g"",""grams"":1}]","Open Food Facts (ODbL)"
929996d7-c0ec-41d3-85e5-523315998e5a,off,"Pumpkin Seeds","Nutraj",8906019772032,587,34.3,8.2,46.2,0,0,0,"[{""unit"":""serving"",""grams"":28,""description"":""1 portion (28 g)""},{""unit"":""g"",""grams"":1}]","Open Food Facts (ODbL)"
66a5fd8a-14ef-47d8-a400-c1a5c13caca5,off,"Arabian Premium Dates","Nutraj",8906019776092,84,0.5,19.6,0.4,0,15.5,2000,"[{""unit"":""serving"",""grams"":25,""description"":""25g""},{""unit"":""g"",""grams"":1}]","Open Food Facts (ODbL)"
7c28abbc-f221-4bd9-be7a-72eb26b873ad,off,"High Protein Bread","Baker's Loaf",8906020462038,242,15.2,39.1,2.7,6.2,4,387,"[{""unit"":""serving"",""grams"":100,""description"":""1 portion (100 g)""},{""unit"":""g"",""grams"":1}]","Open Food Facts (ODbL)"
c083c2c1-17c4-475d-bac3-ab89d00f799e,off,"Mysore pak","Lal sweets",8906020491342,560,3,54,37,0,38,0,"[{""unit"":""serving"",""grams"":40,""description"":""1 piece (40 g)""},{""unit"":""g"",""grams"":1}]","Open Food Facts (ODbL)"
f4fb6dad-d02e-49a0-9e26-7dc3f1cb2510,off,"Malabar Parota","iD",8906020580121,300,9.7,36.7,14.3,1.9,0.5,202,"[{""unit"":""serving"",""grams"":100,""description"":""100g""},{""unit"":""g"",""grams"":1}]","Open Food Facts (ODbL)"
c35e17d0-31c8-426c-aca4-9ec32c0666f3,off,"Whole Wheat Chapati","iD",8906020580138,256,8,47,4,3,1.4,270,"[{""unit"":""serving"",""grams"":100,""description"":""1 Portion (100 g)""},{""unit"":""g"",""grams"":1}]","Open Food Facts (ODbL)"
8ef87835-7b60-42c8-be26-bc4db9a42d57,off,"Tomato Chutney","iD",8906020580190,117,1.6,6.7,9.3,0,0,383,"[{""unit"":""serving"",""grams"":30,""description"":""1 portion (30 g)""},{""unit"":""g"",""grams"":1}]","Open Food Facts (ODbL)"
8e0fa465-5132-46e7-a1ab-4a3a53945a5c,off,"Creamy Thick Curd","ID",8906020580565,66,3.9,4.9,3.4,0,0,472,"[{""unit"":""serving"",""grams"":100,""description"":""100 g""},{""unit"":""g"",""grams"":1}]","Open Food Facts (ODbL)"
1f24fd1d-8bce-4701-9975-e8218064f248,off,"High Protein Paneer","iD",8906020581876,163,28,4.9,3,0.1,0,122,"[{""unit"":""serving"",""grams"":100,""description"":""2 portion (100 g)""},{""unit"":""g"",""grams"":1}]","Open Food Facts (ODbL)"
79a5f136-4c0f-4408-9bed-3b29f40ece47,off,"Protein Rich Chapati","Fresh ID",8906020582002,264,14.4,48.2,1.5,0,0,0,"[{""unit"":""serving"",""grams"":40,""description"":""1 portion (40 g)""},{""unit"":""g"",""grams"":1}]","Open Food Facts (ODbL)"
caf75178-d0e5-4888-853b-2f2d5e61d5df,off,"Protein Rich Paratha","ID",8906020582019,332,15,35.6,14.5,0,0,0,"[{""unit"":""serving"",""grams"":80,""description"":""80 g""},{""unit"":""g"",""grams"":1}]","Open Food Facts (ODbL)"
35107d73-15a7-4ed1-a7e0-fc51a5e0bd61,off,"Mixed Masala Powder","Aachi",8906021121064,383,11.9,62,9.7,0,0,2422,"[{""unit"":""serving"",""grams"":15,""description"":""15g""},{""unit"":""g"",""grams"":1}]","Open Food Facts (ODbL)"
2d7d23e9-eed2-41b3-8b58-8e4bb2a96753,off,"Kulambu Chilli Masala","Aachi",8906021121859,439,17,55.7,16.5,0,1,56,"[{""unit"":""serving"",""grams"":20,""description"":""20g""},{""unit"":""g"",""grams"":1}]","Open Food Facts (ODbL)"
a9e9d4a5-0b74-40a3-83c4-8fd4cd444a2f,off,"Turmeric Powder/ Haldi","Aachi",8906021123105,291,9.7,44.4,3.2,22.7,3.2,27,"[{""unit"":""serving"",""grams"":100,""description"":""100g""},{""unit"":""g"",""grams"":1}]","Open Food Facts (ODbL)"
752c922a-a97c-4cfa-8b77-81f31e8f59ac,off,"Aachi kashmiri chilli powder","Aachi",8906021128377,44,1.9,7.7,0.3,1.6,5.3,8,"[{""unit"":""serving"",""grams"":100,""description"":""100g""},{""unit"":""g"",""grams"":1}]","Open Food Facts (ODbL)"
52259756-d167-4d7c-b3ef-2d9736c3e64e,off,"Mango Ginger Pickle","Aachi",8906021128735,146,2,12,10,0,0,5200,"[{""unit"":""serving"",""grams"":100,""description"":""100g""},{""unit"":""g"",""grams"":1}]","Open Food Facts (ODbL)"
1723fea9-9bda-44ba-98ca-40de3685fa14,off,"Fruit Blast Mixed Fruit Jam",,8906021927406,265,2,65.5,2,0,65.3,0,"[{""unit"":""serving"",""grams"":100,""description"":""100g""},{""unit"":""g"",""grams"":1}]","Open Food Facts (ODbL)"
dfc8db48-8c70-4987-8500-4918508d73fe,off,"Organic Ginger With Honey","Natures Nectar",8906022070804,325,0.4,80.8,0.1,0,80.8,0,"[{""unit"":""serving"",""grams"":100,""description"":""100 g""},{""unit"":""g"",""grams"":1}]","Open Food Facts (ODbL)"
f8d30cab-e39c-4c99-a0ca-173156fef631,off,"Toned Milk","Thirumala",8906023644028,35,3.3,5,0.2,0,4.9,43,"[{""unit"":""serving"",""grams"":100,""description"":""100g""},{""unit"":""g"",""grams"":1}]","Open Food Facts (ODbL)"
f6f91608-c940-48ed-916f-96cbee703cf9,off,"Thirumala Curd","Thirumala",8906023649832,56,3,4.2,3,0,4.2,53,"[{""unit"":""serving"",""grams"":100,""description"":""100g""},{""unit"":""g"",""grams"":1}]","Open Food Facts (ODbL)"
35249225-5072-4380-b3ab-51ed7347ba05,off,"Cheese Slice Herb & Spices","Dairy Craft",8906023920573,312,20,5,24,0,5,0,"[{""unit"":""serving"",""grams"":100,""description"":""100 g""},{""unit"":""g"",""grams"":1}]","Open Food Facts (ODbL)"
fdd0ae4f-df71-4adc-aff1-f35ac232d43a,off,"Vijaya Curd","Vijaya",8906025502777,72,3.1,4.7,4.5,0,4.7,50,"[{""unit"":""serving"",""grams"":100,""description"":""100g""},{""unit"":""g"",""grams"":1}]","Open Food Facts (ODbL)"
7457f505-243c-4ffa-a3a0-f81cda0086b3,off,"Skimmed Milk Powder","Govind",8906027712440,357,34,54,0.6,0,0,549,"[{""unit"":""serving"",""grams"":100,""description"":""100g""},{""unit"":""g"",""grams"":1}]","Open Food Facts (ODbL)"
5458c8f1-3194-40b7-9882-99ef458eaf95,off,"Dahi",,8906027713546,60,3.6,4.5,3,0,0,0,"[{""unit"":""serving"",""grams"":100,""description"":""100g""},{""unit"":""g"",""grams"":1}]","Open Food Facts (ODbL)"
48115be0-9a8f-4d6a-858c-44aff801511f,off,"Tora Tora Butterscotch Cone Icecream","Milma",8906029780621,197,3.5,24,9,0,18,40,"[{""unit"":""serving"",""grams"":100,""description"":""100g""},{""unit"":""g"",""grams"":1}]","Open Food Facts (ODbL)"
74f3569c-6f94-4cc5-b9d5-009aa4cd108f,off,"Brown Bread","Moreish",8906030460161,248,7.8,48,1.7,6.6,2.4,450,"[{""unit"":""serving"",""grams"":100,""description"":""100g""},{""unit"":""g"",""grams"":1}]","Open Food Facts (ODbL)"
8a726bbf-6a4c-4616-9fe1-71b2422903cd,off,"Nutrela Soya Chunks","Nutrela",8906032010982,333,53.3,33.3,0,13.3,0,0,"[{""unit"":""serving"",""grams"":15,""description"":""1 serving (15 g)""},{""unit"":""g"",""grams"":1}]","Open Food Facts (ODbL)"
d0b7c3f2-4f11-4f30-bf5f-833b23a49783,off,"Nutrela Soya Chunks","Nutrela",8906032016571,217,53.2,33.5,0.8,0,7.2,8,"[{""unit"":""serving"",""grams"":100,""description"":""1 portion (100 g)""},{""unit"":""g"",""grams"":1}]","Open Food Facts (ODbL)"
a10a8a1d-fe27-43f3-be01-34cbd5f30282,off,"Garam Masala","Eagle",8906032550464,419,12.2,57.8,15.4,0,0,0,"[{""unit"":""serving"",""grams"":100,""description"":""100g""},{""unit"":""g"",""grams"":1}]","Open Food Facts (ODbL)"
6d8a61b0-cc41-49e2-9020-85e33d0098e8,off,"SNAPIN PIZZA MIX","SNAPIN",8906033530083,71,2.9,9.1,0.9,7.3,0.8,22349,"[{""unit"":""serving"",""grams"":100,""description"":""100g""},{""unit"":""g"",""grams"":1}]","Open Food Facts (ODbL)"
78c2304e-0151-49ba-8d84-64766568e2ef,off,"Snapin crunchy garlic","Snapin",8906033530199,361,17.3,70.2,1.2,0,0,0,"[{""unit"":""serving"",""grams"":1,""description"":""1.0g""},{""unit"":""g"",""grams"":1}]","Open Food Facts (ODbL)"
23a75b57-136d-4000-af73-eb1a967aa0a4,off,"Oregano Pizza Seasoning","Snapin",8906033531882,220,9.4,40.7,2.2,0,0,16272,"[{""unit"":""serving"",""grams"":1,""description"":""1g""},{""unit"":""g"",""grams"":1}]","Open Food Facts (ODbL)"
99676591-a27d-41c7-947f-eb6905120bc6,off,"Mcvities TASTIES CASHEW ALMOND","mc vities",8906033740215,492,7,68.3,21.2,0,0,0,"[{""unit"":""serving"",""grams"":100,""description"":""100g""},{""unit"":""g"",""grams"":1}]","Open Food Facts (ODbL)"
b4f873b9-2890-4b50-852d-f42180de411f,off,"Mc vities hobnobs",,8906033743773,492,6.9,68.2,21.3,0,23.2,370,"[{""unit"":""serving"",""grams"":100,""description"":""100g""},{""unit"":""g"",""grams"":1}]","Open Food Facts (ODbL)"
5f783710-0352-410a-a4a5-ede7b928c5e7,off,"MEVities Hobnobs","mcvities",8906033744329,492,6.9,68.2,21.3,6,23.2,0,"[{""unit"":""serving"",""grams"":75,""description"":""7 biscuit (75 g)""},{""unit"":""g"",""grams"":1}]","Open Food Facts (ODbL)"
278e5e86-8425-4fc5-be06-5d287c035001,off,"McVities Tasties Cashew & Almond Cookies","McVities",8906033744725,492,7,68.3,21.2,3.4,0,281,"[{""unit"":""serving"",""grams"":100,""description"":""100g""},{""unit"":""g"",""grams"":1}]","Open Food Facts (ODbL)"
fecd9794-7bd5-4d1e-a971-f0996e07a834,off,"Mcvities Butter Cookie 68 GR.","McVities",8906033745050,469,7.7,68.9,18.2,0,24.9,300,"[{""unit"":""serving"",""grams"":7.6,""description"":""Un biscuit 7,6 g""},{""unit"":""g"",""grams"":1}]","Open Food Facts (ODbL)"
23096af0-5988-4937-88d6-f0d9d55c0e62,off,"Freedom Kacchi Ghani Mustard Oil","Freedom",8906035030741,884,0,0,100,0,0,0,"[{""unit"":""serving"",""grams"":100,""description"":""100g""},{""unit"":""g"",""grams"":1}]","Open Food Facts (ODbL)"
bb73001c-0493-4b6b-af07-2855f832b8f1,off,"Banana Chips","Chipo",8906035140143,530,2.6,61.3,30.4,6.2,0,366,"[{""unit"":""serving"",""grams"":25,""description"":""1 portion (25 g)""},{""unit"":""g"",""grams"":1}]","Open Food Facts (ODbL)"
4dd45bc5-8456-4a49-9d48-d6bf0f4cd4e8,off,"Buttermilk","Nandini",8906036670632,23,1.4,1.8,1.2,0,1.8,340,"[{""unit"":""serving"",""grams"":200,""description"":""200ml""},{""unit"":""g"",""grams"":1}]","Open Food Facts (ODbL)"
8d08b997-ac3d-4ae0-bbca-0d8deef8fa16,off,"Ghee","Nandini",8906036670861,897,0,0,99.7,0,0,0,"[{""unit"":""serving"",""grams"":100,""description"":""100g""},{""unit"":""g"",""grams"":1}]","Open Food Facts (ODbL)"
43311d13-d044-463e-9c5e-94d8ebfb6c0c,off,"Pure Ghee","Nandini",8906036670878,897,0,0,99.7,0,0,0,"[{""unit"":""serving"",""grams"":100,""description"":""100g""},{""unit"":""g"",""grams"":1}]","Open Food Facts (ODbL)"
20b0325e-6b4a-4d5e-a68f-5e4f8a11a162,off,"Slim UHT Sterilised Skimmed Milk","Nandini",8906036672995,35,3.5,5.1,0.1,0,5.1,50,"[{""unit"":""serving"",""grams"":100,""description"":""1 portion (100 ml)""},{""unit"":""g"",""grams"":1}]","Open Food Facts (ODbL)"
2d78679c-7f1e-4fdf-a1c8-9799f0209ca2,off,"Soya Chunks","Pushp",8906040412976,331,52,28.6,0.5,0,0.5,108,"[{""unit"":""serving"",""grams"":20,""description"":""20g""},{""unit"":""g"",""grams"":1}]","Open Food Facts (ODbL)"
c7e952aa-1152-4e65-a38b-bc3aeeba388d,off,"Roasted Short Vermicelli","Anil",8906042150029,340,9.6,68.6,1.5,6.8,1.6,2,"[{""unit"":""serving"",""grams"":45,""description"":""45g""},{""unit"":""g"",""grams"":1}]","Open Food Facts (ODbL)"
b4567940-49b8-4522-8d47-cc3d482e637a,off,"ROASTED SHORT VERMICELLI","Anil",8906042150067,356,11.1,77.8,0,6.7,6.7,22,"[{""unit"":""serving"",""grams"":45,""description"":""45g""},{""unit"":""g"",""grams"":1}]","Open Food Facts (ODbL)"
f1f08b37-3702-45ba-9bdf-8911376c5c5b,off,"Soan Papdi","Pramod Multifold pvt ltd",8906043190451,506,5,66.8,24.3,0,29.6,10,"[{""unit"":""serving"",""grams"":20,""description"":""20g""},{""unit"":""g"",""grams"":1}]","Open Food Facts (ODbL)"
0bf28284-5850-4ca6-bd63-124ddc7e60ba,off,"Whey Protein Isolate","Nutrabay",8906045140881,357,80.6,5.7,1.3,0,1.7,493,"[{""unit"":""serving"",""grams"":32,""description"":""1 portion (32 g)""},{""unit"":""g"",""grams"":1}]","Open Food Facts (ODbL)"
abbccee9-db4b-4cf6-8b69-856db61f27d8,off,"Disano Olive Oil","Disano",8906047521558,900,0,0,100,0,0,0,"[{""unit"":""serving"",""grams"":14,""description"":""14 g""},{""unit"":""g"",""grams"":1}]","Open Food Facts (ODbL)"
6a6f038c-b9ec-4d45-be8c-e827f656ec76,off,"Disano  peanut butter","Disano",8906047529547,612,26,19,49.6,4.2,9,132,"[{""unit"":""serving"",""grams"":32,""description"":""1 serving (32 g)""},{""unit"":""g"",""grams"":1}]","Open Food Facts (ODbL)"
74c4e4b8-d7ad-4aa8-8b51-ef605df1ae5a,off,"Moong Sada","Utsav",8906048239773,317,21.3,55.6,1,17.6,2.6,541,"[{""unit"":""serving"",""grams"":100,""description"":""100g""},{""unit"":""g"",""grams"":1}]","Open Food Facts (ODbL)"
63cf12fc-f550-43fc-879b-b0fb6d5bf248,off,"Protinex Original","Danone",8906048500361,354,34,53.3,0.5,0,32,245000,"[{""unit"":""serving"",""grams"":30,""description"":""30g""},{""unit"":""g"",""grams"":1}]","Open Food Facts (ODbL)"
0293ff16-0684-4414-81b0-c808f80f52f1,off,"Protinex Chocolate Flavour","Protinex",8906048501382,359,34,51.8,1.7,0,18,300,"[{""unit"":""serving"",""grams"":100,""description"":""100g""},{""unit"":""g"",""grams"":1}]","Open Food Facts (ODbL)"
2dcee352-5fe9-480c-ae6f-f8cd6f3eb4cf,off,"Protinex Rich Chocolate Flavour","Protinex",8906048502105,125,12,18.1,0.6,0,6.3,0,"[{""unit"":""serving"",""grams"":100,""description"":""100g""},{""unit"":""g"",""grams"":1}]","Open Food Facts (ODbL)"
2b8c0230-5429-48e8-901a-27c108d42a98,off,"Panner","Sudha",8906049970439,200,20,3.6,24,0,0,0,"[{""unit"":""serving"",""grams"":100,""description"":""100g""},{""unit"":""g"",""grams"":1}]","Open Food Facts (ODbL)"
1d3927af-e254-4a50-b763-45870425c6cc,off,"Dark Chocolate Compound","Morde",8906051682207,558,3.3,58,36,5.4,50,22,"[{""unit"":""serving"",""grams"":20,""description"":""20 g""},{""unit"":""g"",""grams"":1}]","Open Food Facts (ODbL)"
97a5ca4d-9998-4e3f-9248-58bd489ea274,off,"Jeera Cumin khakhra","SHANTA G",8906054210018,440,9.7,63,21.9,9.8,5,1100,"[{""unit"":""serving"",""grams"":16.6,""description"":""16.600000381469727g""},{""unit"":""g"",""grams"":1}]","Open Food Facts (ODbL)"
7899a147-f633-4e26-ac85-2fe43d05d537,off,"Kuttu Flour","Organic Tattva",8906055441657,383,11.4,74.6,3.5,4,0.5,6,"[{""unit"":""serving"",""grams"":100,""description"":""1 portion (100 g)""},{""unit"":""g"",""grams"":1}]","Open Food Facts (ODbL)"
3843688a-907c-4b78-8d7a-8d3e09783a88,off,"Danedar Ghee","Sonai",8906056450320,899,0,0,99.9,0,0,0,"[{""unit"":""serving"",""grams"":9,""description"":""9g""},{""unit"":""g"",""grams"":1}]","Open Food Facts (ODbL)"
129b5007-3bd6-431d-bf22-e9267544c41f,off,"Tomato Ketchup","Tikks",8906057206254,92,1.6,21.5,0,0.8,20,1200000,"[{""unit"":""serving"",""grams"":8,""description"":""8 g""},{""unit"":""g"",""grams"":1}]","Open Food Facts (ODbL)"
0b52af2f-a811-40f8-b00f-a57c314fc4fa,off,"Epigamia Greek yogurt","Epigamia",8906059635007,69,7.6,4.7,2.2,0,4.7,61,"[{""unit"":""serving"",""grams"":85,""description"":""85 g""},{""unit"":""g"",""grams"":1}]","Open Food Facts (ODbL)"
aaf612ff-9e7d-47a3-bec4-37ac8fd5a7d7,off,"Greek Yogurt Mango Flavour","Epigamia",8906059635014,100,6.1,14.1,1.6,0,14.1,47,"[{""unit"":""serving"",""grams"":85,""description"":""1 serving (85 g)""},{""unit"":""g"",""grams"":1}]","Open Food Facts (ODbL)"
2d7472c0-184e-4d2e-b5f7-e2dc25dd1856,off,"Epigamia Greek Yogurt Strawberry","epigamia",8906059635021,111,6.2,17,2,0,0,0,"[{""unit"":""serving"",""grams"":100,""description"":""100g""},{""unit"":""g"",""grams"":1}]","Open Food Facts (ODbL)"
e3576759-6373-4a6e-94b1-e79b77bb53cd,off,"Greek yogurt wild raspberry","Epigamia",8906059635069,94,6.5,12.9,1.9,0,12.9,52,"[{""unit"":""serving"",""grams"":85,""description"":""85 g""},{""unit"":""g"",""grams"":1}]","Open Food Facts (ODbL)"
2438fb0d-2984-456e-a505-10a1efef6e54,off,"Greek yogurt","epigama",8906059635090,94,6.5,12.9,1.9,0,12.9,52,"[{""unit"":""serving"",""grams"":85,""description"":""85 g""},{""unit"":""g"",""grams"":1}]","Open Food Facts (ODbL)"
25e69682-63a9-4e84-88d2-0e8faae2ef87,off,"Crunchy Cup Natural Greek Yogurt With Granola","Epigamia",8906059635229,119,7.8,12.2,4.3,0,7,53,"[{""unit"":""serving"",""grams"":115,""description"":""115 g""},{""unit"":""g"",""grams"":1}]","Open Food Facts (ODbL)"
0eae58fc-0962-4112-93aa-1ef9aae498dd,off,"Greek Yoghurt Zero Added Sugar Mixed Berries","Epigamia",8906059636264,90,7,11,2.2,0,6,59,"[{""unit"":""serving"",""grams"":110,""description"":""1 Pack (110 g)""},{""unit"":""g"",""grams"":1}]","Open Food Facts (ODbL)"
f553362e-eb56-4cf8-915f-32fcbb84c43d,off,"Protein Milkshake","Epigamia Turbo",8906059636615,33,3.1,4.5,0.3,0.1,4.4,1026,"[{""unit"":""serving"",""grams"":250,""description"":""1 bottle (250 ml)""},{""unit"":""g"",""grams"":1}]","Open Food Facts (ODbL)"
95871c30-4c59-4f89-abc4-4176587209c7,off,"Epigamia turbo protein shake","Epigamia",8906059636639,56,10,3.6,0.1,0,3.2,98,"[{""unit"":""serving"",""grams"":250,""description"":""1 serving (250 g)""},{""unit"":""g"",""grams"":1}]","Open Food Facts (ODbL)"
ef1272aa-074e-4ad0-a850-2fc446a12990,off,"alphonso mango protein greek yoghurt","epigamia",8906059636714,70,10.7,6.4,0.1,0,6.4,54,"[{""unit"":""serving"",""grams"":140,""description"":""1 portion (140 g)""},{""unit"":""g"",""grams"":1}]","Open Food Facts (ODbL)"
28e0ba5b-9d72-4426-8d54-f1b016ac87a4,off,"Turbo 17g Greek Yogurt","Epigamia",8906059636745,65,12.1,4,0.1,0,4,62,"[{""unit"":""serving"",""grams"":140,""description"":""1 portion (140 g)""},{""unit"":""g"",""grams"":1}]","Open Food Facts (ODbL)"
cb8034ed-a045-45f5-9453-bb18817ade52,off,"epigamia TURBO 50g protein yogurt","epigamia",8906059636752,65,12,4,0.1,0,0,0,"[{""unit"":""serving"",""grams"":100,""description"":""1 portion (100 g)""},{""unit"":""g"",""grams"":1}]","Open Food Facts (ODbL)"
fd01f1c9-fe18-4e1e-97c6-ab0a6e6cd46c,off,"Everyday Yogurt","Epigamia",8906059636912,95,4,17.3,1.3,0,17.3,59,"[{""unit"":""serving"",""grams"":75,""description"":""75 g""},{""unit"":""g"",""grams"":1}]","Open Food Facts (ODbL)"
6353c460-03cf-487c-b9ca-48aa3f653be8,off,"Epigamia Everyday Yogurt Mango","Epigamia",8906059636936,95,4,17.3,1.3,0,17.3,59,"[{""unit"":""serving"",""grams"":75,""description"":""75 g""},{""unit"":""g"",""grams"":1}]","Open Food Facts (ODbL)"
1349b546-a84b-4159-a1ce-6458d39b52ee,off,"Turbo+ 30gr Protein Shake","Epigamia",8906059637452,65,12,4,0.1,0,4,75,"[{""unit"":""serving"",""grams"":250,""description"":""250 ml""},{""unit"":""g"",""grams"":1}]","Open Food Facts (ODbL)"
b793314c-2e41-4961-9a25-a1ab2fb3f518,off,"Zero Fat Coffee Protein Milkshake","Epigama",8906059637469,65,12,4,0.1,0,4,77,"[{""unit"":""serving"",""grams"":250,""description"":""1 bottle (250 ml)""},{""unit"":""g"",""grams"":1}]","Open Food Facts (ODbL)"
8e10f5f0-f580-4e9c-ad85-2ee74613742c,off,"Turbo Protein Milk","Epigamia",8906059637605,64,10,5.2,0.3,0,5.2,30,"[{""unit"":""serving"",""grams"":250,""description"":""250 ml""},{""unit"":""g"",""grams"":1}]","Open Food Facts (ODbL)"
8551964b-6b5a-480f-9107-4461d0e8d9d7,off,"Mishti Doi","Epigamia",8906059638329,136,5,17.5,5,0,17.5,79,"[{""unit"":""serving"",""grams"":80,""description"":""1 serving (80 g)""},{""unit"":""g"",""grams"":1}]","Open Food Facts (ODbL)"
43156d74-dc39-4b2a-9475-76b819d673cb,off,"Greek yoghurt smoothie","Epigamia",8906059638541,72,4.3,10,1.6,0,10,26,"[{""unit"":""serving"",""grams"":180,""description"":""180 ml""},{""unit"":""g"",""grams"":1}]","Open Food Facts (ODbL)"
1ba70207-7784-442b-90af-8e0ef5d249d6,off,"50g Paneer","Epigamia Turbo",8906059639784,229,25,3,13,0,2,24,"[{""unit"":""serving"",""grams"":100,""description"":""100 g""},{""unit"":""g"",""grams"":1}]","Open Food Facts (ODbL)"
1c875364-d16f-4db5-baab-4a099f7a25bf,off,"Crushed peanut chikki","Maganlal's chikki",8906060010107,537,15.6,54.2,28.6,5.1,43.9,0,"[{""unit"":""serving"",""grams"":100,""description"":""100g""},{""unit"":""g"",""grams"":1}]","Open Food Facts (ODbL)"
ad2e69b1-26db-4fdc-87a5-875cd65dd37b,off,"Dahi","Pragati",8906060690026,65,3.7,5.8,3,0,5.8,62,"[{""unit"":""serving"",""grams"":100,""description"":""100g""},{""unit"":""g"",""grams"":1}]","Open Food Facts (ODbL)"
48f5a362-14ac-4000-b8e4-f949b1652412,off,"Spaghetti","VeroBella",8906060910780,353,11.5,76,0.3,2.9,3.1,1,"[{""unit"":""serving"",""grams"":100,""description"":""100g""},{""unit"":""g"",""grams"":1}]","Open Food Facts (ODbL)"
cb7849e6-0131-4c71-b04b-e36451fb98b2,off,"Chicken Chorizo Sausages","Meat the World",8906063892304,190,19,0.3,12,0,0,442,"[{""unit"":""serving"",""grams"":100,""description"":""100 g""},{""unit"":""g"",""grams"":1}]","Open Food Facts (ODbL)"
6d45a73a-d5f5-46f4-8713-6f1c8faf02d0,off,"Whole Wheat Bread","Theobroma",8906064621552,206,6.8,37,3.2,6.1,2.3,408,"[{""unit"":""serving"",""grams"":100,""description"":""100g""},{""unit"":""g"",""grams"":1}]","Open Food Facts (ODbL)"
00fbc254-4730-4f9b-97fe-19fdfd7dae26,off,"olive hummus","wingreens",8906064651108,252,5.4,10.1,21.1,0,1.2,0,"[{""unit"":""serving"",""grams"":35,""description"":""1 portion (35 g)""},{""unit"":""g"",""grams"":1}]","Open Food Facts (ODbL)"
b86774d9-7db8-4f15-b5ea-581de2d3d0e6,off,"Cheesy Chipotle Sauce","Wingreens Farms",8906064651511,398,1.2,13,37.9,0,10.6,1378,"[{""unit"":""serving"",""grams"":15,""description"":""15 g""},{""unit"":""g"",""grams"":1}]","Open Food Facts (ODbL)"
31cd9e41-c0b7-4978-92c8-c9cee9d5dd06,off,"pizza pasta sauce 450g","Wingreens Farm",8906064655663,229,2.4,31.2,10.5,0,29.5,1440,"[{""unit"":""serving"",""grams"":15,""description"":""15 g""},{""unit"":""g"",""grams"":1}]","Open Food Facts (ODbL)"
2f6fd51b-a384-4e1a-b000-6b9d95bee700,off,"Dried Blueberry","Candor Foods",8906064917464,343,1.5,82,1.1,7,73,0,"[{""unit"":""serving"",""grams"":100,""description"":""100g""},{""unit"":""g"",""grams"":1}]","Open Food Facts (ODbL)"
ce0e5cb2-95cb-4e46-b76d-b80d4d872358,off,"Dried Cranberry","Candor Foods",8906064917501,349,0.3,84.9,0.9,6.8,72.4,10,"[{""unit"":""serving"",""grams"":100,""description"":""100g""},{""unit"":""g"",""grams"":1}]","Open Food Facts (ODbL)"
f0c161c7-e496-4e6c-a152-495fd1d249b9,off,"ITC Large Prawns","ITc",8906065160883,96,17.1,1.5,2.4,0,0,926,"[{""unit"":""serving"",""grams"":100,""description"":""100 g""},{""unit"":""g"",""grams"":1}]","Open Food Facts (ODbL)"
977fc3b6-2787-423a-96f7-5253449787e1,off,"Chicken Breast Strips","ITC",8906065169329,194,14.9,14.3,8.6,0,2.7,540,"[{""unit"":""serving"",""grams"":42,""description"":""42 g""},{""unit"":""g"",""grams"":1}]","Open Food Facts (ODbL)"
9b399327-5840-4c10-b235-faca5fccd647,off,"Lebanese Falafel Kebab","ITC",8906065169510,244,10.3,24.9,11.5,0,1.2,405,"[{""unit"":""serving"",""grams"":100,""description"":""100g""},{""unit"":""g"",""grams"":1}]","Open Food Facts (ODbL)"
658b031d-abfa-4f97-a58b-8ee683feab2c,off,"Itc master  chef","Itc",8906065169749,157,3.5,25.6,4.5,0,1.3,66,"[{""unit"":""serving"",""grams"":100,""description"":""100 g""},{""unit"":""g"",""grams"":1}]","Open Food Facts (ODbL)"
25f6753d-0941-4fa3-8854-ec79e05c99bc,off,"Keya Oregano Seasoning","Keya",8906066200601,175,9,30,2,17.9,9,11766,"[{""unit"":""serving"",""grams"":7,""description"":""7 g""},{""unit"":""g"",""grams"":1}]","Open Food Facts (ODbL)"
d6725a31-dfe2-4ce7-88a9-3ed62a5f3933,off,"Keya Piri Piri","Keyafood",8906066202476,238,7,49,6,0,26,0,"[{""unit"":""serving"",""grams"":100,""description"":""100g""},{""unit"":""g"",""grams"":1}]","Open Food Facts (ODbL)"
9a92163e-9694-4bed-b564-ae40ca0087ee,off,"Pizza Chilli Flakes","Keya",8906066206191,44,1.9,7.7,0.3,1.6,5.3,8,"[{""unit"":""serving"",""grams"":100,""description"":""100g""},{""unit"":""g"",""grams"":1}]","Open Food Facts (ODbL)"
81d039b8-598a-4504-818c-9e4c85fcc135,off,"Kettle Studio Mature Cheddar qnd Red Onion","Kettle Studio",8906066700873,564,4.3,62.9,30,2.5,3.2,571,"[{""unit"":""serving"",""grams"":28,""description"":""1 portion (28 g)""},{""unit"":""g"",""grams"":1}]","Open Food Facts (ODbL)"
5b7d6f02-9620-45da-bfa0-04c4101c2b69,off,"Tabasco Sauce Flavour Potato Chips","Kettle Studio",8906066701900,550,7.1,60.7,30.4,3.6,0,368,"[{""unit"":""serving"",""grams"":28,""description"":""16 chips (28 g)""},{""unit"":""g"",""grams"":1}]","Open Food Facts (ODbL)"
c8a1d642-d95a-4a66-bef0-70c59cdddc71,off,"Air Fried Spicy Dill Pickle","Kettle Studio",8906066702013,482,7.1,66.1,22.5,3.6,0,750,"[{""unit"":""serving"",""grams"":28,""description"":""1 portion (28 g)""},{""unit"":""g"",""grams"":1}]","Open Food Facts (ODbL)"
a15c76bc-bf61-4a6e-b04d-c9bd80de75b0,off,"Air Fried Potato Chips BBQ","Kettle",8906066702020,471,7.1,65,22.1,3.6,0,732,"[{""unit"":""serving"",""grams"":28,""description"":""28 g""},{""unit"":""g"",""grams"":1}]","Open Food Facts (ODbL)"
bdfbf102-08f9-46f2-8dd5-5d0f13a4da0e,off,"Proteni dar","Muscle Blaze",8906067025371,423,28.6,39.2,19.1,10.1,0,0,"[{""unit"":""serving"",""grams"":70,""description"":""70 g""},{""unit"":""g"",""grams"":1}]","Open Food Facts (ODbL)"
8d590006-06e3-4341-b160-9d4597a23fcd,off,"Salsa","Veeba",8906069400589,138,1,33.6,0,0,27,0,"[{""unit"":""serving"",""grams"":100,""description"":""1 portion (100 g)""},{""unit"":""g"",""grams"":1}]","Open Food Facts (ODbL)"
be9b6054-8e73-4d39-918f-21706d02cfd6,off,"Sriracha","VEEBA",8906069400657,83,0.5,20.1,0.1,0,16.2,0,"[{""unit"":""serving"",""grams"":100,""description"":""100g""},{""unit"":""g"",""grams"":1}]","Open Food Facts (ODbL)"
2508339b-ca8e-43c7-bb87-d6836e800d39,off,"Veeba Veg Mayonnaise Tandori","Veeba",8906069402767,248,1.5,13.2,21,0,0,0,"[{""unit"":""serving"",""grams"":15,""description"":""1 tbsp (15 g)""},{""unit"":""g"",""grams"":1}]","Open Food Facts (ODbL)"
dcd63c22-e8d4-4dc1-aa09-26430d6afd06,off,"Ketchup With Sugar","Veeba",8906069402927,176,0.9,43.1,0,0,39.2,1300,"[{""unit"":""serving"",""grams"":100,""description"":""100 g""},{""unit"":""g"",""grams"":1}]","Open Food Facts (ODbL)"
24a03f05-5f0d-4260-8aba-310549687b4a,off,"Veeba pazta sauce","Veeba",8906069403054,210,1.5,29.9,9.4,0,23.5,1960,"[{""unit"":""serving"",""grams"":15,""description"":""1 tbsp (15 g)""},{""unit"":""g"",""grams"":1}]","Open Food Facts (ODbL)"
8eb97df9-840d-4df1-bd34-13a041eb2984,off,"Chef's Special Tomato Ketchup","VEEBA",8906069403412,99,0.8,23.8,0,0,20.5,760,"[{""unit"":""serving"",""grams"":9,""description"":""1/2 Tbsp. (Approx. 9g)""},{""unit"":""g"",""grams"":1}]","Open Food Facts (ODbL)"
1c5aa15d-03c6-4079-8177-ed920668e1c4,off,"Instant Noodles Manchurian","WokTok",8906069406130,424,9.8,60.7,17,5.4,5,1452,"[{""unit"":""serving"",""grams"":75.5,""description"":""75.5 g""},{""unit"":""g"",""grams"":1}]","Open Food Facts (ODbL)"
f4517f1b-7be3-4380-adee-4cd4628d404c,off,"8906069406154","VEEBA",8906069406154,336,0,46,16.7,3.3,5.5,0,"[{""unit"":""serving"",""grams"":92.5,""description"":""1 cup (92.5 g)""},{""unit"":""g"",""grams"":1}]","Open Food Facts (ODbL)"
ef836237-6c17-4eea-b4a3-9c4d25b24c69,off,"Wok Tok By Veena Instant Noodles Masala","Wok Tok By Veeba",8906069407120,448,9.5,61.8,19.3,5.5,3.2,1147,"[{""unit"":""serving"",""grams"":66,""description"":""66 g""},{""unit"":""g"",""grams"":1}]","Open Food Facts (ODbL)"
36c42d27-7aaf-4cdd-a12e-bac1a9395ef9,off,"Wok Tok Korean Noodles","Wok Tok",8906069407151,445,9.6,60.9,19.3,5.3,1.9,1261,"[{""unit"":""serving"",""grams"":66,""description"":""1 portion (66 g)""},{""unit"":""g"",""grams"":1}]","Open Food Facts (ODbL)"
aeff8bed-aef5-4536-abd4-7ed69182fc66,off,"Tandoori Mayonnaise","Veeba",8906069407595,163,0.2,14.6,11.5,0,5.5,1200,"[{""unit"":""serving"",""grams"":100,""description"":""100g""},{""unit"":""g"",""grams"":1}]","Open Food Facts (ODbL)"
5762bede-af03-404c-a604-9d506b3d39f9,off,"Strawberry And Watermelon 0 Sugar","Zyro",8906069408141,0,0,0,0,0,0,52,"[{""unit"":""serving"",""grams"":100,""description"":""1 bottle (100 ml)""},{""unit"":""g"",""grams"":1}]","Open Food Facts (ODbL)"
8491a92a-3f1f-4f72-88e1-cef7fb8d01f0,off,"Dried Fruits & Berries","Jewel Farmer",8906069410991,359,1.4,88.3,0,0,0,0,"[{""unit"":""serving"",""grams"":100,""description"":""100g""},{""unit"":""g"",""grams"":1}]","Open Food Facts (ODbL)"
4cd3a231-00ca-416b-8662-a7bbf81c9398,off,"Jolliz Namkeen Harissa Chilli Potato Chips","Anand",8906069612272,541,8,57,31,7,7,568,"[{""unit"":""serving"",""grams"":100,""description"":""100g""},{""unit"":""g"",""grams"":1}]","Open Food Facts (ODbL)"
132c4a14-5dde-4872-87c4-4e1a636238e9,off,"Jolliz Namkeen Cream Onion Chips","Anand",8906069612371,534,6.8,52,32.1,5,3.6,264,"[{""unit"":""serving"",""grams"":100,""description"":""100g""},{""unit"":""g"",""grams"":1}]","Open Food Facts (ODbL)"
d8f0aaa2-b504-44b1-8a68-30eb5a26cc70,off,"Gold","Sanchi",8906069960038,88,3.4,5.1,6,0,0,0,"[{""unit"":""serving"",""grams"":100,""description"":""100g""},{""unit"":""g"",""grams"":1}]","Open Food Facts (ODbL)"
b850661e-1e93-452c-8a27-14603b4be6b9,off,"Chatpata Snacks Sauce","9 am",8906071454259,101,1.2,24.1,0,0.5,21.2,1202,"[{""unit"":""serving"",""grams"":15,""description"":""15g""},{""unit"":""g"",""grams"":1}]","Open Food Facts (ODbL)"
eb5ec081-24ec-47d8-8583-3e29a2561721,off,"Whole Wheat Loaf","The Baker’s Dozen",8906076132640,253,10,49,2,10,11,425,"[{""unit"":""serving"",""grams"":100,""description"":""100 g""},{""unit"":""g"",""grams"":1}]","Open Food Facts (ODbL)"
c22b0d24-c79e-4f6e-b449-e1ca7d0edfbd,off,"Ragi Loaf Bread","The Baker's Dozen",8906076132886,244,10,48,1,11,11,451,"[{""unit"":""serving"",""grams"":100,""description"":""100 g""},{""unit"":""g"",""grams"":1}]","Open Food Facts (ODbL)"
6ad41bab-0645-4ff6-8097-68b6c3042ff7,off,"Zero Maida Donut Cake","Baker's Dozen",8906076133067,462,6,57,23,2,22,165,"[{""unit"":""serving"",""grams"":42,""description"":""1 portion (42 g)""},{""unit"":""g"",""grams"":1}]","Open Food Facts (ODbL)"
61b35c8e-a998-4f0d-af00-97f041c956dd,off,"Milk Bread","The Baker's Dozen",8906076133111,307,8,65,2,3,6,439,"[{""unit"":""serving"",""grams"":100,""description"":""100 g""},{""unit"":""g"",""grams"":1}]","Open Food Facts (ODbL)"
979bb165-06fe-4ed0-bf25-1525cd046a51,off,"Malabar Parota","The Bakers Dozen",8906076133241,335,10,42,14,2,2,250,"[{""unit"":""serving"",""grams"":100,""description"":""1 parota (100 g)""},{""unit"":""g"",""grams"":1}]","Open Food Facts (ODbL)"
6e58bd45-beb6-41ee-9b09-0119f64c60ca,off,"Protein Chips","The Bakers Dozen",8906076133258,431,22.2,64.4,8.9,6.7,2.2,611,"[{""unit"":""serving"",""grams"":45,""description"":""1 portion (45 g)""},{""unit"":""g"",""grams"":1}]","Open Food Facts (ODbL)"
b7e5c04b-68d4-4856-9c05-0e4ca3c81972,off,"Protein Chips","The Baker's Dozen",8906076133265,431,22.2,64.4,8.9,8.9,2.2,531,"[{""unit"":""serving"",""grams"":45,""description"":""1 portion (45 g)""},{""unit"":""g"",""grams"":1}]","Open Food Facts (ODbL)"
b193a456-7f40-4d7e-8dc2-200a20091cd8,off,"protein chips Korean Kimchi","the bakers dozen",8906076133289,429,22.2,64.4,8.9,0,2.2,591,"[{""unit"":""serving"",""grams"":45,""description"":""1 portion (45 g)""},{""unit"":""g"",""grams"":1}]","Open Food Facts (ODbL)"
82c9f236-addb-41f7-9b29-c1520c2e441f,off,"Bourbo","Mrs. Bector's Cremica",8906078262178,480,5,70,20,1.7,36,76,"[{""unit"":""serving"",""grams"":100,""description"":""100g""},{""unit"":""g"",""grams"":1}]","Open Food Facts (ODbL)"
89e23276-3c5a-4514-9179-63a11a244e05,off,"Coconut Cookies","Cremica Mrs Bectors",8906078263861,442,5,80,11,0,35.7,200,"[{""unit"":""serving"",""grams"":100,""description"":""100g""},{""unit"":""g"",""grams"":1}]","Open Food Facts (ODbL)"
87edd3c3-c173-4697-bdf2-d12967807756,off,"paper boat orange pch","Paper Boat",8906080600357,60,0,15,0,0,13.9,62,"[{""unit"":""serving"",""grams"":150,""description"":""150 ml""},{""unit"":""g"",""grams"":1}]","Open Food Facts (ODbL)"
6f03c045-942c-4066-8b56-9d417c2ee4a6,off,"Paper Boat Lychee Drink",,8906080600586,64,0,16,0,0,14,0,"[{""unit"":""serving"",""grams"":100,""description"":""100g""},{""unit"":""g"",""grams"":1}]","Open Food Facts (ODbL)"
3f7b9819-3f8d-4db2-b4fa-270bc7c46ce3,off,"Jus de mangue","Paper boat",8906080600982,62,0.1,15.5,0.1,0,12.5,40,"[{""unit"":""serving"",""grams"":100,""description"":""100g""},{""unit"":""g"",""grams"":1}]","Open Food Facts (ODbL)"
4b33f54a-80db-40bd-862d-dbf83c17068a,off,"Paper boat coconut water 200ml pet","Paper Boat",8906080601248,18,0.2,4,0.1,0.2,3.2,20,"[{""unit"":""serving"",""grams"":100,""description"":""100 ml""},{""unit"":""g"",""grams"":1}]","Open Food Facts (ODbL)"
9474d97c-6ec9-47fb-81ac-d25ec5ee2079,off,"8906080602948",,8906080602948,0,0,0,0,0,0,4,"[{""unit"":""serving"",""grams"":100,""description"":""100g""},{""unit"":""g"",""grams"":1}]","Open Food Facts (ODbL)"
1700fc97-59b7-4369-b4d2-22d709deed64,off,"Paperboat Smoked Almonds","Paperboat",8906080603075,611,20.5,22,49,12.7,4.7,501,"[{""unit"":""serving"",""grams"":30,""description"":""30 g""},{""unit"":""g"",""grams"":1}]","Open Food Facts (ODbL)"
e00ee142-c32f-4260-a88a-7b700bfe09c7,off,"Coconut Water Drink","Paper Boat",8906080603266,31,0,7.7,0,0,7.5,18,"[{""unit"":""serving"",""grams"":100,""description"":""100g""},{""unit"":""g"",""grams"":1}]","Open Food Facts (ODbL)"
b5908f03-8db5-4461-9ac5-d8aff4d01db0,off,"Sparkling Cranberry Lime Carbonated Water","Paper Boat",8906080603433,0,0,0,0,0,0,26,"[{""unit"":""serving"",""grams"":250,""description"":""250 ml""},{""unit"":""g"",""grams"":1}]","Open Food Facts (ODbL)"
39373f3f-5670-4347-85a0-80e179f46622,off,"Classic salted cashews","Paperboat",8906080603747,584,17.5,29.4,44,3.2,5.8,597,"[{""unit"":""serving"",""grams"":30,""description"":""30 g""},{""unit"":""g"",""grams"":1}]","Open Food Facts (ODbL)"
5bebc71f-a5b0-430b-8836-a256dd92028f,off,"8906080603761",,8906080603761,57,0,14.3,0,0,10.9,66000,"[{""unit"":""serving"",""grams"":100,""description"":""100g""},{""unit"":""g"",""grams"":1}]","Open Food Facts (ODbL)"
58afaea3-8d9a-4326-a618-df18de5d94d0,off,"Sparkling Water Lemon Lime","paper boat",8906080603990,0,0,0,0,0,0,51,"[{""unit"":""serving"",""grams"":250,""description"":""250ml""},{""unit"":""g"",""grams"":1}]","Open Food Facts (ODbL)"
cfe96942-82de-4844-81c8-1f436481c73f,off,"Swing+","Paper Boat",8906080604294,56,0,13.9,0,0,13.3,12000,"[{""unit"":""serving"",""grams"":250,""description"":""250ml""},{""unit"":""g"",""grams"":1}]","Open Food Facts (ODbL)"
54d6f670-43b3-480c-88e0-dff699ba1828,off,"zero sparkling cranberry lime","paper boat",8906080604300,0,0,0,0,0,0,6,"[{""unit"":""serving"",""grams"":100,""description"":""100g""},{""unit"":""g"",""grams"":1}]","Open Food Facts (ODbL)"
afd85569-c552-42e9-8762-feb63dc49b8b,off,"Sparkling Water Mint Mojito","Paper Boat",8906080604416,0,0,0,0,0,0,31,"[{""unit"":""serving"",""grams"":200,""description"":""200ml""},{""unit"":""g"",""grams"":1}]","Open Food Facts (ODbL)"
e65a4cf1-6d19-4d62-bafb-2be72070e0c9,off,"Paper boat lychee 250ml pet",,8906080604652,62,0,15.6,0,0,15.4,50000,"[{""unit"":""serving"",""grams"":250,""description"":""250ml""},{""unit"":""g"",""grams"":1}]","Open Food Facts (ODbL)"
644a5c81-c8e1-45ee-a2b4-d95b27709a63,off,"Swing Coconut Water","Paper Boat",8906080604690,29,0,7.2,0,0,6.9,23,"[{""unit"":""serving"",""grams"":270,""description"":""270ml""},{""unit"":""g"",""grams"":1}]","Open Food Facts (ODbL)"
88ddb610-1211-405c-8646-75806059ba2d,off,"100% natural premium whole cashew nuts","Happilo",8906081123626,553,18,29,43,4,4,11,"[{""unit"":""serving"",""grams"":100,""description"":""100g""},{""unit"":""g"",""grams"":1}]","Open Food Facts (ODbL)"
75622870-dd83-46c9-b0bb-ae444496a97a,off,"Salted Roasted Almonds","Happilo",8906081123657,648,22.7,19.3,53.3,9.3,2.7,307,"[{""unit"":""serving"",""grams"":20,""description"":""1 portion (20 g)""},{""unit"":""g"",""grams"":1}]","Open Food Facts (ODbL)"
477ff1d1-8e7a-4acf-b6be-60ba7cd9b13b,off,"Happilo Arabian Dates","Happilo",8906081126900,287,2.7,77.3,0.7,9.3,62.7,3,"[{""unit"":""serving"",""grams"":15,""description"":""15g""},{""unit"":""g"",""grams"":1}]","Open Food Facts (ODbL)"
ad91f2c2-c2fa-4462-af3f-da603b0cc966,off,"Katsu Sauce","Meishi",8906081945495,120,0,29.3,0.7,0,26.7,2587,"[{""unit"":""serving"",""grams"":15,""description"":""1 15g (15 g)""},{""unit"":""g"",""grams"":1}]","Open Food Facts (ODbL)"
aee122f4-d65e-41a5-8b3a-b9bc0a5e55ad,off,"Halkidiki Olives Greek Stuffed With Jalapenos","Kouzina",8906081949936,103,0.8,3.4,9.6,0,1.3,1270,"[{""unit"":""serving"",""grams"":15,""description"":""2 olives (15 g)""},{""unit"":""g"",""grams"":1}]","Open Food Facts (ODbL)"
2f4e3715-2053-473e-99c3-4e160c17956e,off,"Papad","Parag",8906082000216,308,19.8,55.5,0.5,12.3,1.6,2195,"[{""unit"":""serving"",""grams"":12,""description"":""12g""},{""unit"":""g"",""grams"":1}]","Open Food Facts (ODbL)"
3e959434-c7c1-42b6-9715-7a005633cbb4,off,"Moong Punjabi Papad","Parag",8906082000254,308,20.8,54.7,0.5,13.5,2.1,2280,"[{""unit"":""serving"",""grams"":12,""description"":""12g""},{""unit"":""g"",""grams"":1}]","Open Food Facts (ODbL)"
1807eb62-2a19-4506-a813-9d8a9e1688fa,off,"Chana Papad","Parag",8906082000292,314,20.5,55.2,1.4,12.4,4.4,2342,"[{""unit"":""serving"",""grams"":14,""description"":""14g""},{""unit"":""g"",""grams"":1}]","Open Food Facts (ODbL)"
8b829702-5cb1-402b-9174-7d61a37c8344,off,"Chocochips","nic",8906082372603,204,4.4,24,10,1.9,12.3,34,"[{""unit"":""serving"",""grams"":100,""description"":""100 ml""},{""unit"":""g"",""grams"":1}]","Open Food Facts (ODbL)"
eb15350a-e2a4-4578-8213-5000e2957d7f,off,"choco xplosion ice cream bar","mimo ice creams",8906082374683,437,2.7,37.2,30.8,0,30.2,29,"[{""unit"":""serving"",""grams"":60,""description"":""1 bar (60 ml)""},{""unit"":""g"",""grams"":1}]","Open Food Facts (ODbL)"
7c0a287c-92e7-47d0-8a99-1acec4ee8f55,off,"Sour Cream & Onion Crusties","Cornitos",8906082577626,511,6.7,65.7,24.7,0,8.3,700,"[{""unit"":""serving"",""grams"":30,""description"":""1 portion (30 g)""},{""unit"":""g"",""grams"":1}]","Open Food Facts (ODbL)"
9c7fd58b-00ee-409d-8259-c2118b255ec6,off,"Henfruit White","Henfruit Eggs",8906082580008,157,13,0.6,11.4,0,0,0,"[{""unit"":""serving"",""grams"":100,""description"":""100g""},{""unit"":""g"",""grams"":1}]","Open Food Facts (ODbL)"
ae4e0a10-5581-49c3-86cb-987c107376d6,off,"Protein Max Eggs","Henfruit",8906082580046,150,14.7,1,9.7,0,1,0,"[{""unit"":""serving"",""grams"":60.5,""description"":""1 egg (60.5 g)""},{""unit"":""g"",""grams"":1}]","Open Food Facts (ODbL)"
ef13a7d8-0537-4a9c-83d8-79d66a56f37f,off,"Achal Banana Chips","Achal",8906082880177,519,2.3,58,34,7.7,35,6,"[{""unit"":""serving"",""grams"":100,""description"":""100g""},{""unit"":""g"",""grams"":1}]","Open Food Facts (ODbL)"
bd2ebb14-f9a3-479f-aeda-a5a8f8228815,off,"A2 Set Curd","Organic Mandya",8906083037020,68,3.5,4.5,4,0,4.5,0,"[{""unit"":""serving"",""grams"":100,""description"":""100 g""},{""unit"":""g"",""grams"":1}]","Open Food Facts (ODbL)"
a96033b8-69a7-443f-84d7-61a95c7c5b17,off,"Low Fat Paneer","Desi Farms",8906084521597,156,17,4,8,0,1.2,62,"[{""unit"":""serving"",""grams"":200,""description"":""200 g""},{""unit"":""g"",""grams"":1}]","Open Food Facts (ODbL)"
a7513b04-a00b-4db7-bfae-e5ab2c32ca05,off,"Low Fat Dahi","Desi Farms",8906084521962,49,4,4.4,1.7,0,4.4,55,"[{""unit"":""serving"",""grams"":100,""description"":""100g""},{""unit"":""g"",""grams"":1}]","Open Food Facts (ODbL)"
364ee8db-c5a6-45b2-b47d-8e3f461edd8d,off,"High Protein Paneer (50g)","Desi Farms",8906084522181,171,25,2,7,0,2,100,"[{""unit"":""serving"",""grams"":100,""description"":""100g""},{""unit"":""g"",""grams"":1}]","Open Food Facts (ODbL)"
95e9e8c0-2bb9-4d6e-a340-57b841895253,off,"Makhana","Om",8906084691764,526,7.5,46.3,34.6,0,0,480,"[{""unit"":""serving"",""grams"":100,""description"":""3 portion (100 g)""},{""unit"":""g"",""grams"":1}]","Open Food Facts (ODbL)"
8d884ea2-b74e-4fb9-94c9-3b6d409c53d0,off,"Current hot ´n’ spicy chilli+ pepper noodles","Current",8906088860258,472,10.1,71.5,16.2,0.1,0.9,752,"[{""unit"":""serving"",""grams"":100,""description"":""100.0g""},{""unit"":""g"",""grams"":1}]","Open Food Facts (ODbL)"
6595d4cf-833c-4585-8a1d-1747bdec3acd,off,"Karare","Too yumm",8906090572118,489,5.6,69,21,4.1,6.9,890,"[{""unit"":""serving"",""grams"":100,""description"":""100g""},{""unit"":""g"",""grams"":1}]","Open Food Facts (ODbL)"
9dc45f60-d716-4581-ae17-7de210c908ca,off,"Karare Noodle Masala","Too Yum",8906090572149,487,6.2,69,20.6,3.7,3.7,720,"[{""unit"":""serving"",""grams"":12,""description"":""12g""},{""unit"":""g"",""grams"":1}]","Open Food Facts (ODbL)"
740b778e-55c9-4e99-a9ef-ebff3b4183db,off,"Too yumm","Too Yumm",8906090572217,467,5.7,65,20.3,3.7,32.4,48,"[{""unit"":""serving"",""grams"":17,""description"":""17 g""},{""unit"":""g"",""grams"":1}]","Open Food Facts (ODbL)"
4eca4d1b-60a0-4123-b789-b3730190a5e2,off,"Bhujia","Too Yumm!",8906090574402,604,11.3,37,45.4,0,0,1114,"[{""unit"":""serving"",""grams"":25,""description"":""25 g""},{""unit"":""g"",""grams"":1}]","Open Food Facts (ODbL)"
5c9a49a1-2e36-45d3-b8f3-1cc1d7f21c63,off,"Too Yumm! Namkeen - All In One","Too Yumm!",8906090574556,570,9,48,37.7,0,9.6,560,"[{""unit"":""serving"",""grams"":12,""description"":""12g""},{""unit"":""g"",""grams"":1}]","Open Food Facts (ODbL)"
6a3a51e2-ec28-4ac1-858e-067a9acdd858,off,"K-Bomv Ramen","Too Yum",8906090575546,438,9,65,15.9,0,6.7,1920000,"[{""unit"":""serving"",""grams"":80,""description"":""80 g""},{""unit"":""g"",""grams"":1}]","Open Food Facts (ODbL)"
c6760609-9f3c-4033-890d-0b96d37e24a2,off,"Party Harder","Too Yum",8906090578172,543,7.1,56,32.5,0,1.1,770,"[{""unit"":""serving"",""grams"":100,""description"":""100g""},{""unit"":""g"",""grams"":1}]","Open Food Facts (ODbL)"
1dfecf23-1594-4fbe-812e-6c4a7d33a132,off,"Hot & Sweet","Too Yum",8906090578516,548,8.1,54,33.3,0,5.8,640,"[{""unit"":""serving"",""grams"":100,""description"":""100g""},{""unit"":""g"",""grams"":1}]","Open Food Facts (ODbL)"
ad6856d1-46b2-4714-a83f-1bda5a559c02,off,"Triple Tadka Chips","Too Yum",8906090578523,539,8.9,54,31.7,0,3.4,920,"[{""unit"":""serving"",""grams"":100,""description"":""100g""},{""unit"":""g"",""grams"":1}]","Open Food Facts (ODbL)"
9825a77b-032f-4bbe-a7cb-0842d1b26788,off,"Protein Water","Amul",8906090641067,16,4,0,0,0,0,15,"[{""unit"":""serving"",""grams"":250,""description"":""1 can (250 ml)""},{""unit"":""g"",""grams"":1}]","Open Food Facts (ODbL)"
ea2a43cd-c75e-47c0-b729-51fbd8a3fd62,off,"Butter beans (Double Beans)","Grace",8906090831253,106,6.8,15.3,0.9,4.9,1.5,8,"[{""unit"":""serving"",""grams"":100,""description"":""100g""},{""unit"":""g"",""grams"":1}]","Open Food Facts (ODbL)"
81242060-c93c-4d33-9391-922b331f88b5,off,"Bay leaves","Grace",8906090832137,353,7.6,48.6,8.4,26.3,48.6,23,"[{""unit"":""serving"",""grams"":100,""description"":""100g""},{""unit"":""g"",""grams"":1}]","Open Food Facts (ODbL)"
5c98a5cb-4af6-41cb-8632-a8f5295d1c76,off,"100% Banana Smoothie Whey Protein","Nutrabox",8906091300154,395,73,11.9,6.4,2.7,4.9,0,"[{""unit"":""serving"",""grams"":37,""description"":""37 g""},{""unit"":""g"",""grams"":1}]","Open Food Facts (ODbL)"
8bbedbe2-b4b0-46a1-abaf-a80ea963adf3,off,"100% Soy Isolate","Nutrabox",8906091301106,360,81.1,7.6,0.5,0,0,94,"[{""unit"":""serving"",""grams"":37,""description"":""1 portion (37 g)""},{""unit"":""g"",""grams"":1}]","Open Food Facts (ODbL)"
919ce3c8-3a7b-4975-a583-6ae43b97e8b5,off,"Dark Chocolate 87%","Paul and Mike",8906091685053,602,10,44.7,42.7,0,13.7,36,"[{""unit"":""serving"",""grams"":30,""description"":""30 g""},{""unit"":""g"",""grams"":1}]","Open Food Facts (ODbL)"
246f3dd0-774e-4b05-91b1-8d2926a0aeea,off,"Raw Makhana (Foxnuts)","Sattvik",8906091900750,357,10.7,75,0.4,7.1,0.7,0,"[{""unit"":""serving"",""grams"":28,""description"":""1 portion (28 g)""},{""unit"":""g"",""grams"":1}]","Open Food Facts (ODbL)"
1762de69-ec3f-4386-b2b5-a46d71fcd0bc,off,"Curd","Muralya",8906094750291,44,3.4,4.1,1.5,0,0,50,"[{""unit"":""serving"",""grams"":100,""description"":""1 portion (100 g)""},{""unit"":""g"",""grams"":1}]","Open Food Facts (ODbL)"
2c827c64-a56a-4fa1-83ce-aed3f444adfd,off,"Bottle Milk","Muralya",8906094750338,58,3.2,4.6,3,0,4.6,50,"[{""unit"":""serving"",""grams"":100,""description"":""1 portion (100 ml)""},{""unit"":""g"",""grams"":1}]","Open Food Facts (ODbL)"
8d92be26-147d-4546-8417-0af74b3a2d45,off,"Appu TStar Zahidi Dates","Appu TStar",8906094870555,277,2,75,0,7,66,0,"[{""unit"":""serving"",""grams"":500,""description"":""500gr""},{""unit"":""g"",""grams"":1}]","Open Food Facts (ODbL)"
48cd7a67-e18c-4623-84b9-5e16315440c2,off,"Arabian Dates","Wonderland Foods",8906095126651,277,3,74,0.4,8,60,2,"[{""unit"":""serving"",""grams"":100,""description"":""100g""},{""unit"":""g"",""grams"":1}]","Open Food Facts (ODbL)"
da552c96-672d-4d2f-a0a2-74a16f39edc0,off,"Zahidi Dates","WONDERLAND Foods",8906095126927,277,3,74,0.4,0,60,2,"[{""unit"":""serving"",""grams"":30,""description"":""30g""},{""unit"":""g"",""grams"":1}]","Open Food Facts (ODbL)"
f27a81c9-186e-4b4a-b2b3-71465c2375d8,off,"Elite Gel 180 Sea Salt Lime","Unived",8906095142149,180,0,45,0,0,25,228,"[{""unit"":""serving"",""grams"":73,""description"":""73 g""},{""unit"":""g"",""grams"":1}]","Open Food Facts (ODbL)"
cf8937ca-270c-4119-87a6-6dd303c40a5d,off,"Elite Beet 420","Unived",8906095143061,340,10.8,73.8,0.2,7.1,20.9,1477,"[{""unit"":""serving"",""grams"":6.5,""description"":""6.5 g""},{""unit"":""g"",""grams"":1}]","Open Food Facts (ODbL)"
4e24bfb2-b908-4ad5-85c8-d597c9899cdb,off,"Instant Rava Pongal Mix","Adukele",8906095290079,387,13,59,3,1,1,1379,"[{""unit"":""serving"",""grams"":80,""description"":""80g""},{""unit"":""g"",""grams"":1}]","Open Food Facts (ODbL)"
de1efea4-0d62-49f4-85d1-2e0b38b462be,off,"Energy Gel","Fast&Up",8906097590788,102,0.4,24.3,0.4,0,5.4,44,"[{""unit"":""serving"",""grams"":100,""description"":""100g""},{""unit"":""g"",""grams"":1}]","Open Food Facts (ODbL)"
4cec42f0-cfb1-4abd-8423-c1db9ca9cc9c,off,"Cloud9 Classic Energy Drink","Cloud9",8906098120601,47,0,11.7,0,0,11.7,0,"[{""unit"":""serving"",""grams"":100,""description"":""100g""},{""unit"":""g"",""grams"":1}]","Open Food Facts (ODbL)"
e3f5f346-06f4-470d-910b-a6657ad61dd4,off,"Whey Protein","Xlr8",8906104383242,412,70.6,11.8,8.8,0,0,165,"[{""unit"":""serving"",""grams"":34,""description"":""1 scoop (34 g)""},{""unit"":""g"",""grams"":1}]","Open Food Facts (ODbL)"
c4da9776-b2e4-45d8-a0a6-50c08afd939e,off,"Pork Ham","Prasuma",8906107170030,147,22,3.8,4.9,0,1.3,548,"[{""unit"":""serving"",""grams"":100,""description"":""2.73 pieces (100 g)""},{""unit"":""g"",""grams"":1}]","Open Food Facts (ODbL)"
39b016d6-5e27-4f6f-96d6-4c69228609fb,off,"Desi Chicken Burger Patty","Meatigo",8906107171013,234,13.1,2.2,19.2,0,1.3,349,"[{""unit"":""serving"",""grams"":120,""description"":""120 g""},{""unit"":""g"",""grams"":1}]","Open Food Facts (ODbL)"
fe2d9564-ed20-46a8-b474-6ee161304a2c,off,"Hot Wings","Meatigo",8906107172461,69,7.2,0.8,4.1,0,0.2,250,"[{""unit"":""serving"",""grams"":250,""description"":""8 wings (250 g)""},{""unit"":""g"",""grams"":1}]","Open Food Facts (ODbL)"
f1d69070-125c-4b65-9d53-04012622ad3c,off,"Chunky Continental Chicken Spread","Licious",8906108190167,472,12,7,44,2,1.9,375,"[{""unit"":""serving"",""grams"":35,""description"":""35 g""},{""unit"":""g"",""grams"":1}]","Open Food Facts (ODbL)"
18e65ed7-fee1-413e-affa-30e456a5a185,off,"Chunky Butter Chicken Spread","Licious",8906108190198,352,14.8,7.3,31.7,1.1,3.9,660,"[{""unit"":""serving"",""grams"":35,""description"":""35 g""},{""unit"":""g"",""grams"":1}]","Open Food Facts (ODbL)"
0db1ba1c-0ce8-4a88-8940-6877292db1ef,off,"Loaded Chicken Momos","Licious",8906108192390,191,15.9,10.3,9.5,0,0.5,447,"[{""unit"":""serving"",""grams"":100,""description"":""1 portion (100 g)""},{""unit"":""g"",""grams"":1}]","Open Food Facts (ODbL)"
e84eb05d-dd5f-47a9-89c8-aa53e3daca47,off,"Korean Chicken Momos","Licious",8906108192475,192,10,16.7,9.5,0,7.8,841,"[{""unit"":""serving"",""grams"":100,""description"":""1 portion (100 g)""},{""unit"":""g"",""grams"":1}]","Open Food Facts (ODbL)"
e7a8d7f4-36d6-4eb6-af08-62e4523a830a,off,"Pitted Prunes","Popular Fit-Eats",8906108305295,240,2.2,63.9,0.4,7.1,38.1,2,"[{""unit"":""serving"",""grams"":30,""description"":""30g""},{""unit"":""g"",""grams"":1}]","Open Food Facts (ODbL)"
72eb0723-7545-4e6c-82f1-e85b91940430,off,"Chicken Eggs","Fresh Eggs",8906108680446,128,13.3,0.7,8,0,0.3,124,"[{""unit"":""serving"",""grams"":50,""description"":""50 g""},{""unit"":""g"",""grams"":1}]","Open Food Facts (ODbL)"
59379b0c-3dfc-4365-b489-e4bbbcc74763,off,"Kinnow Apple","Five Rivers",8906109000595,42,0.1,10.3,0,0,10,2,"[{""unit"":""serving"",""grams"":100,""description"":""100g""},{""unit"":""g"",""grams"":1}]","Open Food Facts (ODbL)"
373274e7-d3c2-4079-8530-a31b20a93510,off,"Oats","True Elements",8906112661233,419,11.5,65.7,12.2,10.7,0,4,"[{""unit"":""serving"",""grams"":40,""description"":""40 g""},{""unit"":""g"",""grams"":1}]","Open Food Facts (ODbL)"
220559a0-3f1e-490d-a995-9ccb64e639e7,off,"Steel Cut Oats","True Elements",8906112661240,419,11.5,65.7,12.2,10.7,0,4,"[{""unit"":""serving"",""grams"":100,""description"":""100 g""},{""unit"":""g"",""grams"":1}]","Open Food Facts (ODbL)"
a46d4c72-dcc3-4564-a47b-78cbd09a8015,off,"Nuts & Berries Muesli","True Elements",8906112662155,436,13.2,67.5,12.5,10,17,133,"[{""unit"":""serving"",""grams"":40,""description"":""1 portion (40 g)""},{""unit"":""g"",""grams"":1}]","Open Food Facts (ODbL)"
1eec5e55-0ce4-4957-a634-e229ae1b3964,off,"Rolled oats","True Elements",8906112662414,411,12,68.3,10,9.5,0,5,"[{""unit"":""serving"",""grams"":40,""description"":""40g""},{""unit"":""g"",""grams"":1}]","Open Food Facts (ODbL)"
5b769149-8260-408c-a6af-0b85e3d282c5,off,"Chia Seeds (Raw)","True Elements",8906112662667,449,19.9,36,32.7,34.3,0.9,11,"[{""unit"":""serving"",""grams"":28,""description"":""1 Serving (28 g)""},{""unit"":""g"",""grams"":1}]","Open Food Facts (ODbL)"
c11b16c8-885e-4570-a7b9-65c13bc7cfb1,off,"5 Super Foods Bread","Protein Chef",8906112995413,249,17,45,1.8,7.8,3.5,457,"[{""unit"":""serving"",""grams"":54,""description"":""2 Slices (54 g)""},{""unit"":""g"",""grams"":1}]","Open Food Facts (ODbL)"
43a90202-1425-4786-b006-3ceadb22a97d,off,"High Protein Bread","Protein Chef",8906112996212,287,18.5,53,2.4,10.5,3.6,530,"[{""unit"":""serving"",""grams"":100,""description"":""1 portion (100 g)""},{""unit"":""g"",""grams"":1}]","Open Food Facts (ODbL)"
f0492d9e-d94a-46d9-809a-77171158d258,off,"Tata Soulfull Rusk Elaichi","Tata Soulfull",8906113491662,447,11.9,72.3,12.3,14.3,23.6,289,"[{""unit"":""serving"",""grams"":17,""description"":""17g""},{""unit"":""g"",""grams"":1}]","Open Food Facts (ODbL)"
8b55262c-e9d8-458f-bb89-ed3eadd9e54b,off,"Crunchy Coin Nippattu","WellBe",8906115425610,520,6.7,61.3,27.7,0,0.3,572,"[{""unit"":""serving"",""grams"":30,""description"":""30 g""},{""unit"":""g"",""grams"":1}]","Open Food Facts (ODbL)"
34c98ca4-d62b-4cc8-b888-f1a771b175bc,off,"MB biozyme whey","Muscle blaze",8906116953310,388,70,15.7,5,0,7.8,473,"[{""unit"":""serving"",""grams"":36,""description"":""36.0g""},{""unit"":""g"",""grams"":1}]","Open Food Facts (ODbL)"
1e50071a-b6f1-44ca-88fc-131f4d6843c0,off,"Biozyme Performance Whey","Muscleblaze",8906116954805,388,69.4,15.7,5,0,0,0,"[{""unit"":""serving"",""grams"":36,""description"":""1 sachet (36 g)""},{""unit"":""g"",""grams"":1}]","Open Food Facts (ODbL)"
c3eb2f50-9a5f-47e7-9ee0-3c524d021389,off,"Rice Popped Chips","BRB",8906117090779,439,10,68.4,14,4,2.4,997,"[{""unit"":""serving"",""grams"":25,""description"":""1 portion (25 g)""},{""unit"":""g"",""grams"":1}]","Open Food Facts (ODbL)"
0a7b3bb1-2951-4cff-ba47-8c8f464ac99b,off,"Shortcuts Peanut Butter Wafer Bites","BRB",8906117091219,484,15,35.7,29.8,6.4,14.2,260,"[{""unit"":""serving"",""grams"":100,""description"":""100g""},{""unit"":""g"",""grams"":1}]","Open Food Facts (ODbL)"
013820c3-9ac6-487d-a9c3-f7213ff1c6a9,off,"Country Delight Curd","Country Delight",8906117360018,63,3.7,5.4,3,0,5,50,"[{""unit"":""serving"",""grams"":200,""description"":""200g""},{""unit"":""g"",""grams"":1}]","Open Food Facts (ODbL)"
6ac236ab-fc74-4909-bd96-b2b6ed2bf92b,off,"Low Fat Cow Milk","Country Delight",8906117360315,50,3.6,5.5,1.5,0,5.5,45,"[{""unit"":""serving"",""grams"":100,""description"":""100g""},{""unit"":""g"",""grams"":1}]","Open Food Facts (ODbL)"
1b765d96-7ee0-43d8-9acf-467ae0eb0014,off,"Natural Cow Milk 2x Protein","Country Delight",8906117361275,65,5.6,3.6,3.2,0,3.6,22,"[{""unit"":""serving"",""grams"":100,""description"":""1 serving (100 g)""},{""unit"":""g"",""grams"":1}]","Open Food Facts (ODbL)"
ed592dda-345b-40b4-bb08-88a5e8980613,off,"Curd","Country Delight",8906117361398,77,7.5,4.5,3.2,0,4.5,50,"[{""unit"":""serving"",""grams"":200,""description"":""200g""},{""unit"":""g"",""grams"":1}]","Open Food Facts (ODbL)"
2440b62f-2903-47a3-a1ce-36927e128c99,off,"Milk Bread","Country Delight",8906117365631,243,13,42.4,3.1,5.7,7.4,383,"[{""unit"":""serving"",""grams"":50,""description"":""50g""},{""unit"":""g"",""grams"":1}]","Open Food Facts (ODbL)"
8ceaaf02-0ff8-4cf5-961b-3db33fa44eff,off,"Farmley Makhana Peri Peri","Farmley",8906120100830,475,7.8,63.4,19.8,11.2,1.8,260,"[{""unit"":""serving"",""grams"":100,""description"":""100g""},{""unit"":""g"",""grams"":1}]","Open Food Facts (ODbL)"
dd471eca-1011-4891-b457-bc12e38d7666,off,"Trail Mix","Farmley",8906120106320,401,9.9,54.2,16,7.1,38.2,7,"[{""unit"":""serving"",""grams"":100,""description"":""100g""},{""unit"":""g"",""grams"":1}]","Open Food Facts (ODbL)"
b10e61a4-e72f-43c8-b180-4c7f717a1a3c,off,"Farmley Date Bites","Farmley",8906120108904,496,16.7,50.5,25.2,9.1,33.7,0,"[{""unit"":""serving"",""grams"":100,""description"":""1 portion (100 g)""},{""unit"":""g"",""grams"":1}]","Open Food Facts (ODbL)"
4359e805-806c-48b6-97b2-e94f3bd3f8df,off,"Farmley Date Bites","Farmley",8906120109918,494,16.7,50.5,25.2,9.1,33.7,0,"[{""unit"":""serving"",""grams"":18,""description"":""18g""},{""unit"":""g"",""grams"":1}]","Open Food Facts (ODbL)"
ed8b4fb2-49ba-4f70-ab4c-fb28dc6dd816,off,"White Eggs","Eggoz",8906124370246,140,12.7,0.3,9.8,0,0.3,124,"[{""unit"":""serving"",""grams"":100,""description"":""100g""},{""unit"":""g"",""grams"":1}]","Open Food Facts (ODbL)"
f10ace29-cca9-40e1-8430-46d978ce59e8,off,"High Protein Eggs","EGGOZ",8906124370505,151,13,0.3,10.8,0,0.3,124,"[{""unit"":""serving"",""grams"":150,""description"":""150 g""},{""unit"":""g"",""grams"":1}]","Open Food Facts (ODbL)"
3feff97c-2d4b-4bef-b422-addd72c69885,off,"Puffed Rice Balls","Arcot Mani Mark",8906125251711,389,3.5,90,1,1,55,280,"[{""unit"":""serving"",""grams"":8,""description"":""8g""},{""unit"":""g"",""grams"":1}]","Open Food Facts (ODbL)"
89ddb1a0-141c-4e2c-9e1d-f60e57518a44,off,"Cjeese Popcorn","1100",8906125980208,571,7.1,50,39.3,17.9,0,979,"[{""unit"":""serving"",""grams"":28,""description"":""28 g""},{""unit"":""g"",""grams"":1}]","Open Food Facts (ODbL)"
776c777d-1848-4792-b512-de15c49ee284,off,"Corn Chips","4700BC",8906125980673,421,7.1,71.4,12.9,7.1,6.1,1075,"[{""unit"":""serving"",""grams"":28,""description"":""1 Pack (28 g)""},{""unit"":""g"",""grams"":1}]","Open Food Facts (ODbL)"
1a19cf99-1c99-43d2-b54d-7b644728f033,off,"Cheese Popcorn","4700BC",8906125983025,473,9.5,54.5,24.5,4.1,1.4,564,"[{""unit"":""serving"",""grams"":22,""description"":""1 portion (22 g)""},{""unit"":""g"",""grams"":1}]","Open Food Facts (ODbL)"
247bc8b5-ba39-490c-a705-5a9445ee9d66,off,"Nachos - Tangy Guacamole","4700BC",8906125983506,489,7.9,68.9,19.3,3.6,3.9,397,"[{""unit"":""serving"",""grams"":28,""description"":""1 serving (28 g)""},{""unit"":""g"",""grams"":1}]","Open Food Facts (ODbL)"
47284245-12b4-415f-8141-cd7b5c33de35,off,"Nachos-Korean Kimchi","4700 BC",8906125983568,493,7.9,69.3,19.6,3.9,8.9,288,"[{""unit"":""serving"",""grams"":28,""description"":""1 Half (28 g)""},{""unit"":""g"",""grams"":1}]","Open Food Facts (ODbL)"
e2f0506e-b17b-4667-87c2-2e54d044eed2,off,"Chocolate Isolate","Who Moved My Protein",8906126044282,388,77.2,6.9,5.3,1.8,5.6,244,"[{""unit"":""serving"",""grams"":32,""description"":""32 g""},{""unit"":""g"",""grams"":1}]","Open Food Facts (ODbL)"
e0084541-586c-4b6b-a153-9be850fb032b,off,"Natural Peanut Butter Crunch","ALPINO",8906127550010,625,30,18,49,6,3,25,"[{""unit"":""serving"",""grams"":100,""description"":""1 portion (100 g)""},{""unit"":""g"",""grams"":1}]","Open Food Facts (ODbL)"
0f139831-eddd-4580-9d6d-ea843e1e07f0,off,"Peanut Butter Crunch","Alpino",8906127550119,563,18.8,25.6,41.5,6.4,12.8,1461,"[{""unit"":""serving"",""grams"":100,""description"":""100g""},{""unit"":""g"",""grams"":1}]","Open Food Facts (ODbL)"
4b32a799-fc4a-4415-8c76-a9aff8be72b7,off,"High protein super oats chocolate","Alpino",8906127550850,458,22,51.3,18.6,11.6,5,13,"[{""unit"":""serving"",""grams"":100,""description"":""100 g""},{""unit"":""g"",""grams"":1}]","Open Food Facts (ODbL)"
5c735f6f-7fd9-42c8-b6f0-b52b9c82ea75,off,"Alpino Super Oats Chocolate","Alpino",8906127551086,445,22,52.2,16.4,11.3,6,10,"[{""unit"":""serving"",""grams"":100,""description"":""100g""},{""unit"":""g"",""grams"":1}]","Open Food Facts (ODbL)"
2af4307e-48be-4736-9c6d-d1d40756e09d,off,"Alpino Super Muesli","Alpino",8906127551178,395,16,70,5.7,9,13,307,"[{""unit"":""serving"",""grams"":100,""description"":""1 portion (100 g)""},{""unit"":""g"",""grams"":1}]","Open Food Facts (ODbL)"
7c091af4-72c3-4b50-8dc4-f75a2ec8e4c4,off,"Peanut Protein Dark Chocolate","Alpino",8906127551338,407,67.5,19.6,5,3.3,2.1,3,"[{""unit"":""serving"",""grams"":36,""description"":""1 scoop (36 g)""},{""unit"":""g"",""grams"":1}]","Open Food Facts (ODbL)"
91b36fcc-f6b2-422f-b99a-be4d8a938e1f,off,"high protein super oats","Alpino",8906127551437,458,22,51.3,18.6,11,5,13240,"[{""unit"":""serving"",""grams"":100,""description"":""1 portion (100 g)""},{""unit"":""g"",""grams"":1}]","Open Food Facts (ODbL)"
e934bdd6-5e5e-45a4-9814-0227499ef8f2,off,"Vanilla Ice Cream","Chhaswala",8906129220539,109,2.2,12.2,5.7,0,12.2,14,"[{""unit"":""serving"",""grams"":100,""description"":""100 ml""},{""unit"":""g"",""grams"":1}]","Open Food Facts (ODbL)"
352c23c2-662a-4978-a4d6-add0adf74ea4,off,"Parmesan Cheese","Fiorella",8906130100325,393,32,0,29,0,0,0,"[{""unit"":""serving"",""grams"":100,""description"":""1 portion (100 g)""},{""unit"":""g"",""grams"":1}]","Open Food Facts (ODbL)"
b9d18cf9-a9ff-4323-9ad7-9802d1ced38f,off,"Arrabbiata","Casa",8906130630228,144,1,11.9,10.2,0,2.5,880,"[{""unit"":""serving"",""grams"":150,""description"":""150 g""},{""unit"":""g"",""grams"":1}]","Open Food Facts (ODbL)"
2828e516-0480-40d2-85e9-e1ceb52e3309,off,"Strawberry Choco Pie","Orion",8906130900116,437,4.3,69.9,15.6,0,29,212,"[{""unit"":""serving"",""grams"":28,""description"":""28 g""},{""unit"":""g"",""grams"":1}]","Open Food Facts (ODbL)"
02188efd-4c2f-406e-ae9a-b9f335d970bd,off,"millet noodles","Slurrp Farm",8906131680581,196,6.3,36.3,0.3,5.6,0.9,62,"[{""unit"":""serving"",""grams"":100,""description"":""100g""},{""unit"":""g"",""grams"":1}]","Open Food Facts (ODbL)"
b7f08c5e-7087-4fbd-9e96-dda712955507,off,"Oats jumbo rolled","Slurrp farm",8906131681557,392,14.2,65.1,8.3,11.9,1.2,2,"[{""unit"":""serving"",""grams"":100,""description"":""100g""},{""unit"":""g"",""grams"":1}]","Open Food Facts (ODbL)"
ab50cca5-0029-4138-9ccb-d1e9d7a03358,off,"Penne Protein Pasta","Mille",8906131681847,371,21.7,61.1,4.3,9.1,6,120,"[{""unit"":""serving"",""grams"":100,""description"":""100 g""},{""unit"":""g"",""grams"":1}]","Open Food Facts (ODbL)"
47fd48c0-df30-451d-ae76-f393893c69e6,off,"Mighty Puffs Cheddar Cheese","Slurrp Farm",8906131682035,435,6.5,60,18,4.5,4.5,825,"[{""unit"":""serving"",""grams"":20,""description"":""1 portion (20 g)""},{""unit"":""g"",""grams"":1}]","Open Food Facts (ODbL)"
745852f3-2f95-46e4-b4ae-009c92f95301,off,"Plant Protein Coffee Hazelnut bar","Mille",8906131684794,368,65.5,23.2,1.3,63.2,18.9,49,"[{""unit"":""serving"",""grams"":38,""description"":""38 g""},{""unit"":""g"",""grams"":1}]","Open Food Facts (ODbL)"
daf176b6-0ac9-425c-8ea8-96fe63318982,off,"Keemaya Dates","Sahara Dates",8906132870004,316,3,75.9,0.1,0,72.7,0,"[{""unit"":""serving"",""grams"":100,""description"":""100g""},{""unit"":""g"",""grams"":1}]","Open Food Facts (ODbL)"
aa0044a5-d275-4f19-ba2c-3f1e2ab9dd43,off,"Vegan Platinum Soy Protein Isolate","Nakpro",8906133024574,387,84.5,5.1,3.2,0,0,0,"[{""unit"":""serving"",""grams"":33,""description"":""1 portion (33 g)""},{""unit"":""g"",""grams"":1}]","Open Food Facts (ODbL)"
6d6a2752-a505-4985-856a-6b342bdd44e3,off,"Double Rich Chocolate Impact Whey Protein","Nakpro",8906133026233,369,53.3,32.4,2.8,0,0,0,"[{""unit"":""serving"",""grams"":45,""description"":""1 portion (45 g)""},{""unit"":""g"",""grams"":1}]","Open Food Facts (ODbL)"
80df3624-abbf-4081-9f43-6239d4ef8d36,off,"Impact Why Protein Isolate & Concentrate","Nakpro",8906133026240,369,53.4,32.4,2.8,0,0,55,"[{""unit"":""serving"",""grams"":45,""description"":""1 portion (45 g)""},{""unit"":""g"",""grams"":1}]","Open Food Facts (ODbL)"
913b1fc8-a01b-4ecb-84e4-a543fe41788c,off,"Impact Whey Protein","Nakpro",8906133026813,369,53.4,32.4,2.8,0,0,55,"[{""unit"":""serving"",""grams"":45,""description"":""45 g""},{""unit"":""g"",""grams"":1}]","Open Food Facts (ODbL)"
5b47761e-c6ad-466a-a5c3-0412952cc7f9,off,"Impact Whey (Vannila)","Nakpro",8906133027209,367,53.4,32.4,2.9,0,0,0,"[{""unit"":""serving"",""grams"":45,""description"":""45 g""},{""unit"":""g"",""grams"":1}]","Open Food Facts (ODbL)"
bb93cb9d-8dde-43df-8ea4-6af337e1162b,off,"Whey Protein Concentrate (Cocoa Edition)","Only What's Needed",8906133408695,394,72.7,13.3,5.1,2.1,2.5,320,"[{""unit"":""serving"",""grams"":33,""description"":""33 g""},{""unit"":""g"",""grams"":1}]","Open Food Facts (ODbL)"
aed71bf3-804b-45e7-8d3d-026e89f5343d,off,"Whey Protein Concentrate (Cocoa Edition)","Only What's Needed",8906133409241,388,72.7,12.1,5.2,1.5,3.3,190,"[{""unit"":""serving"",""grams"":33,""description"":""1 serving (33 g)""},{""unit"":""g"",""grams"":1}]","Open Food Facts (ODbL)"
98659d0a-e9f8-4a3f-a904-64970801865e,off,"Plant Protein Powder","OWN",8906133409494,361,72.7,5.5,4.2,5,0.1,740,"[{""unit"":""serving"",""grams"":100,""description"":""100g""},{""unit"":""g"",""grams"":1}]","Open Food Facts (ODbL)"
30ff0e18-4f43-4897-be26-db69183822f1,off,"Only What's Needed Coffee Edition","Food Pharmer",8906133409593,384,70.6,14.9,4.6,0,4.6,56000,"[{""unit"":""serving"",""grams"":34,""description"":""34 g""},{""unit"":""g"",""grams"":1}]","Open Food Facts (ODbL)"
4db3d57e-5ffe-44bc-b532-136a6407571b,off,"Honey From The Honey Specialist Squeezy","qpis",8906135093141,326,0.6,81.7,0,0,79.8,4,"[{""unit"":""serving"",""grams"":100,""description"":""100g""},{""unit"":""g"",""grams"":1}]","Open Food Facts (ODbL)"
f394955e-f94d-4160-bfc7-4df68c26a743,off,"Udon Shirataki Noodles","MOISOI",8906135191465,6,0,0,0,2.9,0,1,"[{""unit"":""serving"",""grams"":100,""description"":""1 portion (100 g)""},{""unit"":""g"",""grams"":1}]","Open Food Facts (ODbL)"
2a6e5b2c-6040-430c-b461-ef0725a07777,off,"Popping Bobba Lychee","Moi Soi",8906135191601,37,0,9.4,0,0,9.1,30,"[{""unit"":""serving"",""grams"":330,""description"":""330ml""},{""unit"":""g"",""grams"":1}]","Open Food Facts (ODbL)"
b2d86eb0-75b9-45bd-9e55-7a19d49a65b9,off,"Pintola High Protein Oats Dark Chocolate","Pintola",8906136651951,392,25,54.6,8,9.6,14,130,"[{""unit"":""serving"",""grams"":50,""description"":""50 g""},{""unit"":""g"",""grams"":1}]","Open Food Facts (ODbL)"
6765992b-5910-4cbe-b397-cdd5b6f9fa5b,off,"High Protein Oats Chocolate","Pintola",8906136651968,392,25,54.6,8,9.6,14,130,"[{""unit"":""serving"",""grams"":50,""description"":""1 serving (50 g)""},{""unit"":""g"",""grams"":1}]","Open Food Facts (ODbL)"
02dfea1f-b414-4b4f-8836-069e9f89ddd2,off,"High Protein Muesli","Pintola",8906136651975,390,24,56,8,10,17,158,"[{""unit"":""serving"",""grams"":100,""description"":""100 g""},{""unit"":""g"",""grams"":1}]","Open Food Facts (ODbL)"
c143af77-c026-4b04-9352-ab81913387aa,off,"High Protein Muesli","Pintola",8906136651982,390,24,56,8,10,17,158,"[{""unit"":""serving"",""grams"":50,""description"":""1 serving (50 g)""},{""unit"":""g"",""grams"":1}]","Open Food Facts (ODbL)"
f7761789-6477-463c-9cf5-6ba111ea16a4,off,"Ghee","Anveshan",8906136781825,900,0,0,100,0,0,0,"[{""unit"":""serving"",""grams"":14,""description"":""14g""},{""unit"":""g"",""grams"":1}]","Open Food Facts (ODbL)"
4de8884b-7c88-47d3-9c21-d4a439348196,off,"Peanut Butter Crunchy","Happy",8906136840003,681,25.4,10,59.8,3.1,4.8,0,"[{""unit"":""serving"",""grams"":32,""description"":""32 g""},{""unit"":""g"",""grams"":1}]","Open Food Facts (ODbL)"
fb61dd96-c9c2-4ed1-a6a8-8bb1559b12c1,off,"Peanut Butter Chocolate","Happy",8906136840171,552,21.9,35.9,35,3,17,275,"[{""unit"":""serving"",""grams"":32,""description"":""32g""},{""unit"":""g"",""grams"":1}]","Open Food Facts (ODbL)"
d5eac0be-1e8e-459d-b067-37341c96200c,off,"Milma Pride","Milma",8906137050036,35,3.3,5,0.2,0,4.9,43,"[{""unit"":""serving"",""grams"":100,""description"":""100g""},{""unit"":""g"",""grams"":1}]","Open Food Facts (ODbL)"
0cff756e-7ec5-4c95-8ba8-56ddfd9ccbc5,off,"PROBIOTIC CURD","Milma",8906137053242,61,3.8,4.6,3,0,4.6,50,"[{""unit"":""serving"",""grams"":100,""description"":""100 g""},{""unit"":""g"",""grams"":1}]","Open Food Facts (ODbL)"
4c39fce1-221f-49c7-9f78-5e8841f94a71,off,"Wild Origins Honey","Last Forest",8906137370622,304,0.7,75,0,0,0,0,"[{""unit"":""serving"",""grams"":100,""description"":""100g""},{""unit"":""g"",""grams"":1}]","Open Food Facts (ODbL)"
e8ba0a41-9356-4c39-b23b-ffd95f04849b,off,"Omani Seedless Dates","Nature's Choice",8906140204020,325,4.4,76,0.4,7.3,66.4,10,"[{""unit"":""serving"",""grams"":100,""description"":""100g""},{""unit"":""g"",""grams"":1}]","Open Food Facts (ODbL)"
79222b2e-769e-4cec-abf7-74eb476d33b4,off,"Mango Lassi","Punjab Sind",8906140970215,133,3.1,19.8,4.6,0,18.6,39,"[{""unit"":""serving"",""grams"":200,""description"":""1 portion (200 ml)""},{""unit"":""g"",""grams"":1}]","Open Food Facts (ODbL)"
4c882638-ad9b-4313-885e-699f7e386c3b,off,"High protein paneer","Punjab Sindh",8906140970871,160,22,4.5,6,0,4.4,54,"[{""unit"":""serving"",""grams"":100,""description"":""100 g""},{""unit"":""g"",""grams"":1}]","Open Food Facts (ODbL)"
bfbef75d-17c4-4bfd-8c57-ac8a8fefd60f,off,"Black Rice","Dawat",8906141910258,348,10.4,76.1,0.9,14.4,0,0,"[{""unit"":""serving"",""grams"":100,""description"":""100g""},{""unit"":""g"",""grams"":1}]","Open Food Facts (ODbL)"
d5927550-ae2b-4021-a8ce-e28ed2fc63b5,off,"Organic chickpea puffs-NYC Pizza","Popeas",8906142560391,386,21,44.1,14,5.1,7.1,388,"[{""unit"":""serving"",""grams"":100,""description"":""100g""},{""unit"":""g"",""grams"":1}]","Open Food Facts (ODbL)"
55ad3244-864b-40db-8ed0-1c95da00471c,off,"Organic Chickpea Puffs - Tangy Taco","Popeas",8906142560407,409,20.6,50.1,14,6.3,6.5,646,"[{""unit"":""serving"",""grams"":100,""description"":""100g""},{""unit"":""g"",""grams"":1}]","Open Food Facts (ODbL)"
9ed8f85b-5b10-448d-91bb-e3a9ce4eb220,off,"Pistachio","Bolas",8906142774095,609,21.2,22.6,48.2,10.2,7.3,396370,"[{""unit"":""serving"",""grams"":12.5,""description"":""12.5g""},{""unit"":""g"",""grams"":1}]","Open Food Facts (ODbL)"
d94d9886-1271-4de6-bee6-5dc6a69fd9ec,off,"Prunes","Bolas",8906142774385,250,2.5,70,0,7.5,42.5,4,"[{""unit"":""serving"",""grams"":100,""description"":""100g""},{""unit"":""g"",""grams"":1}]","Open Food Facts (ODbL)"
5dcefb3b-1949-49a4-bd41-3aa6e3c70e3c,off,"Black Chia Seeds","Bolas",8906142774408,486,16.5,42.1,30.7,35.9,0,16000,"[{""unit"":""serving"",""grams"":100,""description"":""100g""},{""unit"":""g"",""grams"":1}]","Open Food Facts (ODbL)"
75111390-92ab-48c3-bd2b-7d44674388fb,off,"Bolas cashews","Bolas",8906142775504,570,18.3,30.2,43.9,3.3,5.9,12000,"[{""unit"":""serving"",""grams"":100,""description"":""100g""},{""unit"":""g"",""grams"":1}]","Open Food Facts (ODbL)"
4a597d03-c978-499a-b9c1-8580b21b04a4,off,"Yu 100% coconut water","Yu",8906143040496,15,0.2,3.3,0.1,0.2,2.5,20,"[{""unit"":""serving"",""grams"":200,""description"":""200ml""},{""unit"":""g"",""grams"":1}]","Open Food Facts (ODbL)"
045b24a5-080a-49cb-ae82-30c78eeb6f1e,off,"Jalapeno Cheese Instant Noodles","Yu",8906143041400,336,12,40,14.7,9.3,10.7,817,"[{""unit"":""serving"",""grams"":75,""description"":""1 portion (75 g)""},{""unit"":""g"",""grams"":1}]","Open Food Facts (ODbL)"
41a3b906-d8bc-4890-97d6-6820a1aa481f,off,"whole wheat macaroni","yu",8906143041752,330,12.1,63,3.3,9,4.5,6,"[{""unit"":""serving"",""grams"":55.6,""description"":""1 portion (55.6 g)""},{""unit"":""g"",""grams"":1}]","Open Food Facts (ODbL)"
25ad9c05-c587-431c-9512-f95d7208a771,off,"High Protein Super Oats Plain Rolled","Yu",8906143042445,404,25.2,57,7.6,11.5,1.4,4,"[{""unit"":""serving"",""grams"":100,""description"":""1 portion (100 g)""},{""unit"":""g"",""grams"":1}]","Open Food Facts (ODbL)"
07484619-6f92-4826-8640-0556faaf9db9,off,"Jeera Khakra","prolicious",8906143620544,446,21,50.6,20.4,11.9,2.8,985,"[{""unit"":""serving"",""grams"":100,""description"":""100g""},{""unit"":""g"",""grams"":1}]","Open Food Facts (ODbL)"
71d7a291-83e1-496d-b2e6-f33ff515978f,off,"Unsweetened Peanut Butter","The Whole Truth",8906143890053,651,25.1,17.7,53.4,8.6,3.4,26,"[{""unit"":""serving"",""grams"":35,""description"":""1 serving (35 g)""},{""unit"":""g"",""grams"":1}]","Open Food Facts (ODbL)"
c0787537-7088-4b56-8384-3bec2318a9de,off,"Dark Chocolate Peanut Spread - Crunchy","The Whole Truth",8906143890152,590,17.7,42,39.1,10,14,104,"[{""unit"":""serving"",""grams"":35,""description"":""35 g""},{""unit"":""g"",""grams"":1}]","Open Food Facts (ODbL)"
f2cbe281-a6fe-40ba-ade9-316246b24a17,off,"Protein Bar","Whole Truth - Double Cocoa Mini",8906143890213,493,25.6,37.8,26.7,10.4,20,14,"[{""unit"":""serving"",""grams"":27,""description"":""1 portion (27 g)""},{""unit"":""g"",""grams"":1}]","Open Food Facts (ODbL)"
105d2734-5ddd-48c6-ba2a-a245721d2009,off,"Double Cocoa Protein Bar","The whole foods",8906143891289,272,14.7,15,36.8,18.5,7.7,31,"[{""unit"":""serving"",""grams"":67,""description"":""67 g""},{""unit"":""g"",""grams"":1}]","Open Food Facts (ODbL)"
5bb36b7f-212f-49c3-9b4a-d42cb5e3ba99,off,"Protein Powder","The Whole Truth",8906143891548,400,50,35.6,6.3,2.9,24.8,0,"[{""unit"":""serving"",""grams"":30,""description"":""30 g""},{""unit"":""g"",""grams"":1}]","Open Food Facts (ODbL)"
53b62619-2647-4526-bb09-f15c978e5ca3,off,"Cocoa Whey Protein","The Whole Truth",8906143891654,397,71.1,18.3,4.3,4.3,2.6,292,"[{""unit"":""serving"",""grams"":35,""description"":""1 portion (35 g)""},{""unit"":""g"",""grams"":1}]","Open Food Facts (ODbL)"
6bd35a76-afb8-4b4d-b685-912803ccdeef,off,"Whey Protein Concentrate Unflavoured","The Whole Truth",8906143891661,386,75.7,9.1,4.9,0.1,6.3,187,"[{""unit"":""serving"",""grams"":35,""description"":""35 g""},{""unit"":""g"",""grams"":1}]","Open Food Facts (ODbL)"
9d03da8d-c9e0-433e-ad90-29b1ba9b48a0,off,"Pista Badaam Whey Protein","The Whole Truth",8906143891784,397,73.4,15.1,4.9,4.6,9.7,315,"[{""unit"":""serving"",""grams"":35,""description"":""1 serving (35 g)""},{""unit"":""g"",""grams"":1}]","Open Food Facts (ODbL)"
763d657a-33f4-4823-be44-e9e3bfdf2ba0,off,"Mango Whey Protein","The Wholetruth",8906143891791,395,70.6,19.4,4,4,12,147,"[{""unit"":""serving"",""grams"":35,""description"":""35 g""},{""unit"":""g"",""grams"":1}]","Open Food Facts (ODbL)"
e3cfa360-0a74-4944-8a39-0514a78725cf,off,"Protein Bar Almond Millet Cocoa","The Whole Truth",8906143891838,513,23.6,40,28.5,8,23.8,40,"[{""unit"":""serving"",""grams"":55,""description"":""55 g""},{""unit"":""g"",""grams"":1}]","Open Food Facts (ODbL)"
bc193a6f-f82f-48cf-a179-b69d9cc71afe,off,"Cranberry Raisin Protein Bar","The While Truth",8906143892330,489,23.1,41.5,26,6.5,25.6,25,"[{""unit"":""serving"",""grams"":52,""description"":""52 g""},{""unit"":""g"",""grams"":1}]","Open Food Facts (ODbL)"
9ff5ea06-97fa-489a-9033-1647e01f0da3,off,"Cold Coffee - Hazelnut","SleepyOwl",8906144490658,78,3.1,10.6,2.6,0,10,43,"[{""unit"":""serving"",""grams"":230,""description"":""230ml""},{""unit"":""g"",""grams"":1}]","Open Food Facts (ODbL)"
f08e119c-71c2-4a3a-81e9-41a2578b5f7d,off,"Cold Coffee Caramel Latte","Sleepy Owl",8906144490665,78,3.1,10.6,2.6,0,10,0,"[{""unit"":""serving"",""grams"":100,""description"":""100g""},{""unit"":""g"",""grams"":1}]","Open Food Facts (ODbL)"
c7f13a3c-6ba6-47de-ae96-3eadee0afcb6,off,"Turmeric powder","Charda Suraj",8906148980391,291,9.7,44.4,3.2,22.7,3.2,27,"[{""unit"":""serving"",""grams"":100,""description"":""100g""},{""unit"":""g"",""grams"":1}]","Open Food Facts (ODbL)"
73c26ce2-7594-48d2-8d7f-f9bb2240efb0,off,"1mg Ultra Clean Whey Protein- Hazelnut Chocolate","Tata",8906151143073,366,66.7,16.1,3.9,0,8.1,0,"[{""unit"":""serving"",""grams"":36,""description"":""1 packet (36 g)""},{""unit"":""g"",""grams"":1}]","Open Food Facts (ODbL)"
27daa36d-482e-4cbd-9a24-eb79eaf10da5,off,"Quinoa Puffs - Dahi Papdi Chaat","Snackible",8906151230391,423,8.3,75.2,10.1,0,2.5,0,"[{""unit"":""serving"",""grams"":35,""description"":""1 portion (35 g)""},{""unit"":""g"",""grams"":1}]","Open Food Facts (ODbL)"
4595f771-c615-4cef-bb73-7c09543768ec,off,"Ragi Chips","Snackible",8906151231862,540,6,56.7,33,7.3,1,433,"[{""unit"":""serving"",""grams"":30,""description"":""30g""},{""unit"":""g"",""grams"":1}]","Open Food Facts (ODbL)"
5b682041-a73f-430b-8408-8a5475d1ec82,off,"Ragi Chips Chatpata Crunch","Snackible",8906151232289,502,7.9,62.4,24.5,5.7,1.3,944,"[{""unit"":""serving"",""grams"":57,""description"":""1 portion (57 g)""},{""unit"":""g"",""grams"":1}]","Open Food Facts (ODbL)"
9248df2d-5360-4c1c-a482-5cd2e915bf88,off,"Millet Fingers Chatpata Masala","Snackible",8906151236607,482,7.4,67.9,20.1,3.5,1.4,1192,"[{""unit"":""serving"",""grams"":20,""description"":""1 piece (20 g)""},{""unit"":""g"",""grams"":1}]","Open Food Facts (ODbL)"
565c9ee9-7c68-44e7-9ad6-46dcdaa71f1f,off,"Strawberry Ice Cream","Camerry",8906151991032,200,3.5,24,10,0,21,20,"[{""unit"":""serving"",""grams"":50,""description"":""50 g""},{""unit"":""g"",""grams"":1}]","Open Food Facts (ODbL)"
7e260894-5a15-44e8-9707-5012e64cc645,off,"Punch Farsan","Shree Mahalaxmi",8906152240115,568,10.2,42.2,39.8,0,0,0,"[{""unit"":""serving"",""grams"":100,""description"":""100g""},{""unit"":""g"",""grams"":1}]","Open Food Facts (ODbL)"
ee2b9b69-de9e-4699-a410-7b79cd6ca5e7,off,"Marie go round","Sunder",8906152260885,440,8.5,77,10.9,2.2,27,365,"[{""unit"":""serving"",""grams"":39,""description"":""39g""},{""unit"":""g"",""grams"":1}]","Open Food Facts (ODbL)"
7dd4d675-8a17-4c9b-b53a-a1ecc766088b,off,"Whole Chana Besan","Floryo",8906152440423,353,22,62,5,15,1,21,"[{""unit"":""serving"",""grams"":30,""description"":""30g""},{""unit"":""g"",""grams"":1}]","Open Food Facts (ODbL)"
943cf55d-762a-4d22-a242-a810f4899025,off,"Malai Sev","Patanjali",8906154300893,607,12.2,36.1,46,0,5,856,"[{""unit"":""serving"",""grams"":100,""description"":""100g""},{""unit"":""g"",""grams"":1}]","Open Food Facts (ODbL)"
a440f27f-4c89-4844-bbe7-ad10ff63d7e5,off,"Saurashtra Peanut","Khetika",8906156485833,610,22.8,14.8,49.1,8.6,5.9,9,"[{""unit"":""serving"",""grams"":100,""description"":""100g""},{""unit"":""g"",""grams"":1}]","Open Food Facts (ODbL)"
278a3fd3-2673-4992-8154-140462d7fa4c,off,"Nabati Richoco Cocoa Cream Wafer","Nabati",8906159751096,473,7,73,17,0,34,190,"[{""unit"":""serving"",""grams"":100,""description"":""100g""},{""unit"":""g"",""grams"":1}]","Open Food Facts (ODbL)"
e724dec6-da6a-4f2a-b6f3-cafa9609efab,off,"Nabati Pink Lava Cream Wafer Biscuits","Nabati",8906159751102,478,5,74,18,0,32,214,"[{""unit"":""serving"",""grams"":7.5,""description"":""7.5 g""},{""unit"":""g"",""grams"":1}]","Open Food Facts (ODbL)"
961ee0b3-eced-408a-ab4d-fd8ec81e26e0,off,"Nabati CocoLava Coconut Flavoured Cream Wafer Biscuits","Nabati",8906159751119,483,5,73,19,0,24,263,"[{""unit"":""serving"",""grams"":7.5,""description"":""7.5 g""},{""unit"":""g"",""grams"":1}]","Open Food Facts (ODbL)"
40368701-8b35-45b2-9f9f-7c96a31b0c4d,off,"Oppa Rice Hakka Noodles","Vatsa's",8906161220306,356,3.4,86.2,0.4,2,0.1,6,"[{""unit"":""serving"",""grams"":100,""description"":""100g""},{""unit"":""g"",""grams"":1}]","Open Food Facts (ODbL)"
2e918917-9d7d-40c2-b8d1-27c907934b9d,off,"Mulitgrain Mix","Let's Try",8906161390313,519,9.9,45.8,32.9,0,3.5,1261,"[{""unit"":""serving"",""grams"":100,""description"":""100g""},{""unit"":""g"",""grams"":1}]","Open Food Facts (ODbL)"
78a15c98-a7e7-42cf-abdd-c98b2921ec5a,off,"Potato waffers","let's try",8906161390580,583,7,60,35,3,4.5,700,"[{""unit"":""serving"",""grams"":100,""description"":""100g""},{""unit"":""g"",""grams"":1}]","Open Food Facts (ODbL)"
3d7f3013-65a5-40fe-a31e-c2a36fa95a72,off,"Roasted chana","Lets try",8906161390719,374,22.5,61,4.5,12,3.4,50,"[{""unit"":""serving"",""grams"":100,""description"":""1 portion (100 g)""},{""unit"":""g"",""grams"":1}]","Open Food Facts (ODbL)"
7ef01328-eb18-4b46-ac6c-0b7b1cba943a,off,"Cookie Crunch Delight","Stroom",8906161540176,407,32.1,39.9,15.7,6.4,21.9,113,"[{""unit"":""serving"",""grams"":63,""description"":""1 portion (63 g)""},{""unit"":""g"",""grams"":1}]","Open Food Facts (ODbL)"
868d75cb-b587-44dd-be13-0f625a3b9a4c,off,"Farmley Makhana Munchies","Farmley",8906163830640,430,7.7,76.1,9.7,3.6,2.6,717,"[{""unit"":""serving"",""grams"":25,""description"":""1 packet (25 g)""},{""unit"":""g"",""grams"":1}]","Open Food Facts (ODbL)"
1cd6024b-f964-4c31-939f-b5a284d15973,off,"Farmley Makha Shakha Achari Stix","Farmley",8906163833306,433,7.8,77.5,9.4,3.5,2.8,697,"[{""unit"":""serving"",""grams"":25,""description"":""1 packet (25 g)""},{""unit"":""g"",""grams"":1}]","Open Food Facts (ODbL)"
a516b84c-e0f5-4cad-b1d9-73dd9d66c096,off,"Makka Shaka Imli","Farmley",8906163834235,415,10.8,66.8,10.1,6.9,4.1,729,"[{""unit"":""serving"",""grams"":100,""description"":""100g""},{""unit"":""g"",""grams"":1}]","Open Food Facts (ODbL)"
3c955b47-5ee4-4f13-b554-578206b165f1,off,"Icy Orange","Muscleblaze",8906165785061,346,74,12,0.2,0,0,405,"[{""unit"":""serving"",""grams"":27,""description"":""1 portion (27 g)""},{""unit"":""g"",""grams"":1}]","Open Food Facts (ODbL)"
2fc89ab1-47cf-41c1-8b62-f18c4933c5aa,off,"Fuel One Whey","Fuel One",8906165787607,386,60,24,5.5,0,0,521,"[{""unit"":""serving"",""grams"":40,""description"":""40 g""},{""unit"":""g"",""grams"":1}]","Open Food Facts (ODbL)"
a79ebff0-d76d-41c1-a42f-847253eff6a7,off,"MuscleBlaze Biozyme Iso-Zero Low Carb Swiss Chocolate Hazelnut Flavour","MuscleBlaze",8906165788376,377,80,7.2,3.2,0,1,230,"[{""unit"":""serving"",""grams"":33.5,""description"":""1 scoop (33.5 g)""},{""unit"":""g"",""grams"":1}]","Open Food Facts (ODbL)"
ba0e18c2-ddee-451d-b61a-9cff9f917264,off,"Whey Max Rich Chocolate","Fuel One",8906165788741,403,75,11.3,6.4,0,3.3,540,"[{""unit"":""serving"",""grams"":100,""description"":""100g""},{""unit"":""g"",""grams"":1}]","Open Food Facts (ODbL)"
1dc64928-3fea-4fff-9fc0-5e0d688a629f,off,"Un-junked Dates","Open Secret",8906166360229,366,1.9,77,5.6,6.2,47.2,1,"[{""unit"":""serving"",""grams"":30,""description"":""30g""},{""unit"":""g"",""grams"":1}]","Open Food Facts (ODbL)"
ab5f106c-ce0c-4c3e-b020-3193889f95d9,off,"Plain Makhana","Whole Farm",8906167241541,348,9,76,0.3,0,0,0,"[{""unit"":""serving"",""grams"":100,""description"":""100g""},{""unit"":""g"",""grams"":1}]","Open Food Facts (ODbL)"
67a021d5-ff87-425f-93aa-9abb595de5c1,off,"Peanut Chikki Bites","Sweet Kaaram Coffee",8906169990058,530,21.3,46,29,4.8,35.6,158,"[{""unit"":""serving"",""grams"":100,""description"":""100 g""},{""unit"":""g"",""grams"":1}]","Open Food Facts (ODbL)"
a1c1c3fa-f612-4bf6-be80-d91e7288e3a6,off,"Ripe Jackfruit Chips","Sweet Karam Coffee",8906169991529,394,4.7,78.4,6.8,9.7,46,4,"[{""unit"":""serving"",""grams"":20,""description"":""20g""},{""unit"":""g"",""grams"":1}]","Open Food Facts (ODbL)"
e19d50f0-9c98-46d0-a25b-add0946788d5,off,"High Protein Oats","Nutrabay",8906170520916,427,30,60.8,7.5,5.9,1,227,"[{""unit"":""serving"",""grams"":100,""description"":""100g""},{""unit"":""g"",""grams"":1}]","Open Food Facts (ODbL)"
ec3f5b7e-b5a1-42ae-a675-f30999361916,off,"Pea Protein Vanilla","Nutrabay",8906170521586,342,62.5,27.4,1.8,17.1,0,0,"[{""unit"":""serving"",""grams"":40,""description"":""40 g""},{""unit"":""g"",""grams"":1}]","Open Food Facts (ODbL)"
8a5d3a04-c3f6-49a5-9029-e517d00a608f,off,"Pea Protein Isolate Unflavoured","Nutrabay",8906170521678,354,76.7,8.5,1.5,0,2.5,1330,"[{""unit"":""serving"",""grams"":33,""description"":""33 g""},{""unit"":""g"",""grams"":1}]","Open Food Facts (ODbL)"
263f388b-609b-4074-b358-3d19bfcd09bd,off,"Hydrolyzed Pea Protein","Nutrabay",8906170521883,342,62.5,27.4,1.8,17.1,0,257,"[{""unit"":""serving"",""grams"":40,""description"":""40 g""},{""unit"":""g"",""grams"":1}]","Open Food Facts (ODbL)"
428fd4d4-6238-4d11-8499-5914bd0f956a,off,"Hazelnut Mudslide Cone","Hocco",8906172540868,256,3.3,23.4,16.4,0,18.1,28,"[{""unit"":""serving"",""grams"":135,""description"":""1 cone (135 ml)""},{""unit"":""g"",""grams"":1}]","Open Food Facts (ODbL)"
134555d6-bc31-4f77-a7cd-92c61a8e82a1,off,"Guava Chilli Medium Fat Ice Cream","Huber & Holly",8906172544460,83,0,10,4.2,0,9,23,"[{""unit"":""serving"",""grams"":60,""description"":""1 portion (60 g)""},{""unit"":""g"",""grams"":1}]","Open Food Facts (ODbL)"
8e52f7c3-83a1-4871-b80d-f2b76a9fed75,off,"aamchi Mango Ice Cream","Hocco",8906172545016,238,2.5,21.9,15.9,0,21.4,39,"[{""unit"":""serving"",""grams"":120,""description"":""1 serving (120 ml)""},{""unit"":""g"",""grams"":1}]","Open Food Facts (ODbL)"
ce3219b7-2d06-4a35-9b76-e6af4006510c,off,"Berried in bliss overnight oats","True elements",8906172784064,394,10,72.4,8.9,8.1,16.9,187,"[{""unit"":""serving"",""grams"":62,""description"":""62 g""},{""unit"":""g"",""grams"":1}]","Open Food Facts (ODbL)"
a2e1b29a-2f19-4851-be6c-727a59b42199,off,"Nitra Isolate Protein","Big Muscles Nutrition",8906173701596,409,69.6,19.6,6.5,2.2,8.7,283,"[{""unit"":""serving"",""grams"":46,""description"":""1 scoop (46 g)""},{""unit"":""g"",""grams"":1}]","Open Food Facts (ODbL)"
ea99315f-cf31-4d1f-b45e-6e577648390c,off,"Kimia Dates","Nutriwala",8906174470040,287,1.8,64.7,0.2,7.3,64.7,39,"[{""unit"":""serving"",""grams"":100,""description"":""100g""},{""unit"":""g"",""grams"":1}]","Open Food Facts (ODbL)"
e5867375-b47d-428e-b988-76bad7d6f271,off,"High Protein Milk","Akshayakalpa Organic",8906177761084,65,10,5.6,0.3,0,5.6,44,"[{""unit"":""serving"",""grams"":250,""description"":""250g""},{""unit"":""g"",""grams"":1}]","Open Food Facts (ODbL)"
d23674d6-e434-4b1f-9c4a-5b0bb5df3b5b,off,"Organic High Protein Cow Milk Elaichi","Akshayakalpa Organic",8906177761329,65,10,5.6,0.3,7,5.6,45,"[{""unit"":""serving"",""grams"":250,""description"":""250 m (250 ml)""},{""unit"":""g"",""grams"":1}]","Open Food Facts (ODbL)"
7bbed4c2-f737-4f95-b5aa-925a85237c17,off,"Metabolic Lean","Good Bug",8906181810303,355,0,88.8,0,88,0.8,0,"[{""unit"":""serving"",""grams"":8,""description"":""1 portion (8 g)""},{""unit"":""g"",""grams"":1}]","Open Food Facts (ODbL)"
651e13d5-0824-4bd8-86b1-8eecd6e0a9cd,off,"Rice Paper","Master Chow",8906182620406,218,4.5,47.5,0.5,2.5,0,105,"[{""unit"":""serving"",""grams"":100,""description"":""100g""},{""unit"":""g"",""grams"":1}]","Open Food Facts (ODbL)"
02d2a197-0120-4301-b8fe-f90161a6206b,off,"Organic Virgin Avocado Oil Spray","Pure Nutrition",8906183550559,819,0,0,91,0,0,0,"[{""unit"":""serving"",""grams"":15,""description"":""1 portion (15 ml)""},{""unit"":""g"",""grams"":1}]","Open Food Facts (ODbL)"
ec6a46f1-2743-4e7d-a6c4-7936ca9ded73,off,"coconut cocoa makan","natch",8906183920796,450,5,70,15,0,0,0,"[{""unit"":""serving"",""grams"":20,""description"":""1 portion (20 g)""},{""unit"":""g"",""grams"":1}]","Open Food Facts (ODbL)"
8bc0dafd-f237-462e-ae69-a2c5178fa904,off,"Prov Select Pumpkin Seeds",,8906185460788,628,39.4,4.3,50.3,5.6,0,42,"[{""unit"":""serving"",""grams"":100,""description"":""100g""},{""unit"":""g"",""grams"":1}]","Open Food Facts (ODbL)"
0789f166-6102-453c-989c-dad00d562372,off,"Roasted Rice Crackers Krispy Hopu","Kari Kari",8906188400385,453,6,73.3,13.3,1.3,11.3,967,"[{""unit"":""serving"",""grams"":15,""description"":""1 pack (15 g)""},{""unit"":""g"",""grams"":1}]","Open Food Facts (ODbL)"
e178e491-d30b-4133-8f42-8466d352d92a,off,"Choco Nut Cookies","UNIBIC",8906188960018,464,6.5,67,18.9,0,25.6,209,"[{""unit"":""serving"",""grams"":30,""description"":""30 g""},{""unit"":""g"",""grams"":1}]","Open Food Facts (ODbL)"
37719dc2-b14f-43e0-83cf-84cd3e13b0c6,off,"Choco Chip Cookies","UNIBIC",8906188960025,471,5.8,68,19.5,0,28,213,"[{""unit"":""serving"",""grams"":100,""description"":""100g""},{""unit"":""g"",""grams"":1}]","Open Food Facts (ODbL)"
e506cd69-42d4-430e-a32b-8474936fb9db,off,"8906188960162","unibic",8906188960162,486,7.1,65,22,0,15.8,999,"[{""unit"":""serving"",""grams"":100,""description"":""100g""},{""unit"":""g"",""grams"":1}]","Open Food Facts (ODbL)"
93cfc40f-8c42-470f-b814-3ee50c83a61d,off,"Chilli Guava juice","Pluckk",8906189580215,60,0,15,0,0,14.5,108,"[{""unit"":""serving"",""grams"":250,""description"":""250ml""},{""unit"":""g"",""grams"":1}]","Open Food Facts (ODbL)"
62faa5b8-6169-429e-8cbd-d0e53e89113c,off,"Freshly Frozen Grated Coconut","Pluckk",8906189580857,411,6,10.2,38.5,9,4.8,6,"[{""unit"":""serving"",""grams"":100,""description"":""100g""},{""unit"":""g"",""grams"":1}]","Open Food Facts (ODbL)"
f291d28c-bd52-46a5-838f-0217be4061aa,off,"Cucumber and basil sparking mixer","Jimmy's",8906190870176,0,0,0,0,0,0,5,"[{""unit"":""serving"",""grams"":100,""description"":""100g""},{""unit"":""g"",""grams"":1}]","Open Food Facts (ODbL)"
56736435-9089-4e5d-a42e-edc8bd3f9cb0,off,"Millet Wafer Var","Phabulous",8906191630052,378,25,17.8,23.2,2.5,8.5,155,"[{""unit"":""serving"",""grams"":40,""description"":""1 portion (40 g)""},{""unit"":""g"",""grams"":1}]","Open Food Facts (ODbL)"
68578dd1-a45d-418b-a7ae-dd72621587f5,off,"Choco Peanut Butter Protein Bat","phab",8906191631349,311,30,28.2,12.8,18.5,7.1,186,"[{""unit"":""serving"",""grams"":50,""description"":""50 g""},{""unit"":""g"",""grams"":1}]","Open Food Facts (ODbL)"
467169b0-63f0-4f9f-83c5-a11785a7f8cf,off,"Blueberry Cheesecake Protein Bar","Phab",8906191631356,318,30,27.2,13.3,15.4,11.5,178,"[{""unit"":""serving"",""grams"":50,""description"":""50 g""},{""unit"":""g"",""grams"":1}]","Open Food Facts (ODbL)"
72735582-2ff0-41b0-99db-da21d4ea5a28,off,"Cooked Sweet Corn Kernels","FreshCon",8906195000035,64,1.7,12,1,0,2.7,40,"[{""unit"":""serving"",""grams"":100,""description"":""1 serving (100 g)""},{""unit"":""g"",""grams"":1}]","Open Food Facts (ODbL)"
d9338027-2496-49a5-b563-8dad54e6d8d1,off,"White Choco Club","Minus Thirty",8906197140012,371,4.4,31.8,25.2,0,27.6,79,"[{""unit"":""serving"",""grams"":80,""description"":""80 ml""},{""unit"":""g"",""grams"":1}]","Open Food Facts (ODbL)"
ba2be856-eceb-4c12-bdaf-613dc1c6d347,off,"The Priority Whey","Exalt",8906198120051,372,80,7.1,2,0,1.2,275,"[{""unit"":""serving"",""grams"":30,""description"":""30 g""},{""unit"":""g"",""grams"":1}]","Open Food Facts (ODbL)"
60470261-cf13-46ea-9f3f-cf3e220c6c78,off,"Coffe Flavor Whey Protein Isolate+Concentrate","TrueBasics",8906198980426,411,72,16.5,6.4,0,3.9,214,"[{""unit"":""serving"",""grams"":35,""description"":""1 scoop (35 g)""},{""unit"":""g"",""grams"":1}]","Open Food Facts (ODbL)"
571faf78-df1d-4e29-9801-13e8f2dc4379,off,"Iso Zero Blue Tokai","MB",8906198981652,361,80.6,5.1,2,0,0,0,"[{""unit"":""serving"",""grams"":33.5,""description"":""33.5 g""},{""unit"":""g"",""grams"":1}]","Open Food Facts (ODbL)"
72c2700e-5fe8-4532-8ae5-109280d5df63,off,"Clean Whey Protein (coffee)","TRUEBASICS",8906198982956,411,72,16.5,6.4,0,3.9,214,"[{""unit"":""serving"",""grams"":35,""description"":""1 portion (35 g)""},{""unit"":""g"",""grams"":1}]","Open Food Facts (ODbL)"
8c5043f3-0454-4cf8-afb9-83cbf5e32b7e,off,"Jeera","Sip Crush!",8906199150156,50,0,12.4,0,0,12.4,330,"[{""unit"":""serving"",""grams"":200,""description"":""200 ml""},{""unit"":""g"",""grams"":1}]","Open Food Facts (ODbL)"
9b1a3c5d-965e-4ea4-b766-f872ef969c5c,off,"Whey Protein Isolate (Chocolate)","The Func Lab",8906199680257,374,82.9,6.3,1.7,1.1,0,317,"[{""unit"":""serving"",""grams"":35,""description"":""1 portion (35 g)""},{""unit"":""g"",""grams"":1}]","Open Food Facts (ODbL)"
89987283-d167-43d7-90a2-8da48d26c677,off,"Chocolate Protein Powder","The Func Lab",8906199680554,394,71.4,12.9,6.3,2.6,0,348,"[{""unit"":""serving"",""grams"":35,""description"":""1 portion (35 g)""},{""unit"":""g"",""grams"":1}]","Open Food Facts (ODbL)"
d7ddb7ba-4af1-40ae-b92b-f6585fd29caf,off,"Vanilla Whey Protein Isolate","The Func. Lab",8906199680608,370,85.7,5.4,1.1,0,0,0,"[{""unit"":""serving"",""grams"":35,""description"":""35 g""},{""unit"":""g"",""grams"":1}]","Open Food Facts (ODbL)"
8154f10b-7480-4ee7-b202-3daf0ac5e74e,off,"Whey Protein Isolate Coffee","The Func. Lab",8906199680615,371,85.7,6,1.1,0,0,273,"[{""unit"":""serving"",""grams"":35,""description"":""35 g""},{""unit"":""g"",""grams"":1}]","Open Food Facts (ODbL)"
75114bbd-e721-43b2-9c52-80a63d5b52ab,off,"Whey Protein Isolate (Unflavoured)","The Func Lab",8906199680905,374,85.7,2.9,0,2.9,0,154,"[{""unit"":""serving"",""grams"":35,""description"":""1 portion (35 g)""},{""unit"":""g"",""grams"":1}]","Open Food Facts (ODbL)"
f1380bf7-fe30-4615-9b0f-c521e618c760,off,"Protein Laddoos Peanut Cranberry","Eat Better Co",8906210070005,455,22.7,45.5,18.2,0,0,66,"[{""unit"":""serving"",""grams"":44,""description"":""1 portion (44 g)""},{""unit"":""g"",""grams"":1}]","Open Food Facts (ODbL)"
35b65382-ff79-4aea-b191-4fca3fceeb0d,off,"Thattai","A2B",8907003508859,507,10,56,27,0,0,633,"[{""unit"":""serving"",""grams"":100,""description"":""100g""},{""unit"":""g"",""grams"":1}]","Open Food Facts (ODbL)"
ff1dfcc4-4c4b-43f7-b33a-c9779f65fef6,off,"Tamarin Paste","Mother's Recipe",8907316003973,99,1.2,23,0.2,0,15.5,4910,"[{""unit"":""serving"",""grams"":15,""description"":""15g""},{""unit"":""g"",""grams"":1}]","Open Food Facts (ODbL)"
ff6aa17b-19dd-4c87-9433-e0919ecd0dd6,off,"Kopiko","Kopiko",8907459000365,457,1.4,65.7,11.4,0,65.7,157,"[{""unit"":""serving"",""grams"":100,""description"":""100g""},{""unit"":""g"",""grams"":1}]","Open Food Facts (ODbL)"
d2fe1f52-176f-4db9-83a4-39919ce8eea8,off,"Standardized Milk","Vijaya Telangana",8907848000075,35,3.3,5,0.2,0,4.9,43,"[{""unit"":""serving"",""grams"":100,""description"":""100g""},{""unit"":""g"",""grams"":1}]","Open Food Facts (ODbL)"
ce41d249-5d33-4102-8a94-0c68a5449d57,off,"PARIVAAR PREMIUM LOKWAN WHEAT 10 KG",,8908000117044,340,9.6,68.6,1.5,6.8,1.6,2,"[{""unit"":""serving"",""grams"":100,""description"":""100g""},{""unit"":""g"",""grams"":1}]","Open Food Facts (ODbL)"
b89a5f9f-e066-4a85-ab64-531845899416,off,"Mukharochak chira bhaja","mukharochak",8908000295186,607,11,48,38,0,3,243,"[{""unit"":""serving"",""grams"":100,""description"":""100g""},{""unit"":""g"",""grams"":1}]","Open Food Facts (ODbL)"
8ef62010-770b-4799-a684-ee7cf68cfea6,off,"Samba Wheat Rava","SVS",8908000581050,317,9,65.6,1.7,1.8,1.6,2,"[{""unit"":""serving"",""grams"":100,""description"":""100g""},{""unit"":""g"",""grams"":1}]","Open Food Facts (ODbL)"
7bcac8cd-e4ec-4726-b7ac-8d58a834943e,off,"Kaycee English Lime & Lemon","Kaycee English",8908000682085,16,0,3.9,0,0,3.9,0,"[{""unit"":""serving"",""grams"":100,""description"":""100g""},{""unit"":""g"",""grams"":1}]","Open Food Facts (ODbL)"
806dcaf4-aa71-4461-b3f4-cc4a0f1a989d,off,"Jeera Masala Soda","Kaycee",8908000682788,8,0,2,0,0,2,170,"[{""unit"":""serving"",""grams"":200,""description"":""200ml""},{""unit"":""g"",""grams"":1}]","Open Food Facts (ODbL)"
102e33cd-49e6-441d-bd42-443c6508976a,off,"Oxycool",,8908000703018,0,0,0,0,0,0,0,"[{""unit"":""serving"",""grams"":100,""description"":""100g""},{""unit"":""g"",""grams"":1}]","Open Food Facts (ODbL)"
57d78fdf-a91b-4d11-a52d-4d3b139a9f69,off,"Pasteurised full cream milk","Gokul",8908000794023,92,3.6,4.8,6.5,0,4.8,0,"[{""unit"":""serving"",""grams"":100,""description"":""100ml""},{""unit"":""g"",""grams"":1}]","Open Food Facts (ODbL)"
d7af8cbb-8a30-4478-98a2-b622e012b6b4,off,"Peri Peri Nacho Crisps","Cornitos",8908001017855,479,7.1,67.9,21.4,3.6,3.6,671,"[{""unit"":""serving"",""grams"":28,""description"":""28g""},{""unit"":""g"",""grams"":1}]","Open Food Facts (ODbL)"
7870fd93-6316-405f-8ce7-b11f6786f033,off,"Milk Sweet Bun","ALLWIN",8908001193016,320,9.8,82.9,6.7,0.1,0,0,"[{""unit"":""serving"",""grams"":100,""description"":""100g""},{""unit"":""g"",""grams"":1}]","Open Food Facts (ODbL)"
5c4ce4c7-a0b4-43e3-89b3-2179389d6f71,off,"Corn Rings Tangy Tomato","Crax",8908001246057,501,4.6,62.8,25.7,0,8,1656,"[{""unit"":""serving"",""grams"":12,""description"":""12g""},{""unit"":""g"",""grams"":1}]","Open Food Facts (ODbL)"
a591ca03-0d35-40ad-ac2f-2aeb0e528981,off,"Natkhat Classic","Crax",8908001246729,92,1.9,14,3.2,0,0.4,213000,"[{""unit"":""serving"",""grams"":20,""description"":""20g""},{""unit"":""g"",""grams"":1}]","Open Food Facts (ODbL)"
a4f8434e-437d-4f3f-9706-601d965040f2,off,"Almond Buckwheat Cookies","Nourish Organics",8908001375894,542,14.2,47.4,32.8,10,22.6,156,"[{""unit"":""serving"",""grams"":24,""description"":""1 Twin Pack (24 g)""},{""unit"":""g"",""grams"":1}]","Open Food Facts (ODbL)"
a1c723dd-2be0-4481-82ee-498c1e7b6553,off,"Half Cooked Whole Wheat Parota","Asal",8908001588355,326,11,36.2,15.2,4.6,0,250,"[{""unit"":""serving"",""grams"":90,""description"":""90g""},{""unit"":""g"",""grams"":1}]","Open Food Facts (ODbL)"
01a98a16-9c3e-4d4a-8320-935dab1fbf74,off,"Wheat Chapati","Asal",8908001588560,276,8.5,50.9,4.2,19.1,0,650,"[{""unit"":""serving"",""grams"":33,""description"":""33 g""},{""unit"":""g"",""grams"":1}]","Open Food Facts (ODbL)"
d051c87c-8216-4a2f-afc7-ba7d938a1a25,off,"Fresh Curd","Aroma",8908001631082,47,3,5.3,1.5,0,5.3,45,"[{""unit"":""serving"",""grams"":100,""description"":""1 portion (100 g)""},{""unit"":""g"",""grams"":1}]","Open Food Facts (ODbL)"
e26b7299-90ec-4c07-9239-c6595435ab28,off,"Ocean Fruit drink pink guava fruit flavour","Ocean",8908001658034,42,0.5,10,0,0,10,5,"[{""unit"":""serving"",""grams"":100,""description"":""100g""},{""unit"":""g"",""grams"":1}]","Open Food Facts (ODbL)"
e8a27844-2629-4687-ab7d-e3561b76deee,off,"Ocean Fruit drink Peach passion fruit flavour 500ml","O'cean",8908001658041,42,0.5,10,0,0,10,5,"[{""unit"":""serving"",""grams"":500,""description"":""500 ml""},{""unit"":""g"",""grams"":1}]","Open Food Facts (ODbL)"
f8b43e7a-1bc2-463d-9190-b4840aa14327,off,"Tofu","Bio Nutrients Pure Diet",8908001927116,136,16.5,8,6,0,0,0,"[{""unit"":""serving"",""grams"":100,""description"":""100 g""},{""unit"":""g"",""grams"":1}]","Open Food Facts (ODbL)"
6a1a433a-45d9-4784-a09d-9bb274f08f7f,off,"Alphonso Mango Crush","Pulpy Tree",8908002557824,282,0.1,73,0,0,72,0,"[{""unit"":""serving"",""grams"":100,""description"":""100g""},{""unit"":""g"",""grams"":1}]","Open Food Facts (ODbL)"
b18ade21-c82a-474b-b133-b5b4a7be462e,off,"Tea","Lasa Lamsa",8908002584165,116,20,5,0,0,0,0,"[{""unit"":""serving"",""grams"":100,""description"":""100g""},{""unit"":""g"",""grams"":1}]","Open Food Facts (ODbL)"
f3e20bcd-c264-41b9-8dc2-1b712f6f3cc5,off,"Mishti Doi","Red Cow Dairy",8908002753004,155,4.2,24.5,4.5,0,18,58,"[{""unit"":""serving"",""grams"":100,""description"":""100 g""},{""unit"":""g"",""grams"":1}]","Open Food Facts (ODbL)"
861bcd44-f1c2-4c6a-ab59-e2d22124b41a,off,"Soya Crunchies","Promunch",8908002854701,382,47.7,32.7,6.7,16,12.3,1251,"[{""unit"":""serving"",""grams"":30,""description"":""1 bag (30 g)""},{""unit"":""g"",""grams"":1}]","Open Food Facts (ODbL)"
cd29bb1b-3d0e-4479-8e9b-a57c32d7c3b8,off,"murli soyabean oil 1ltr",,8908003059129,362,12.2,74,1.9,12,4.6,2,"[{""unit"":""serving"",""grams"":100,""description"":""100g""},{""unit"":""g"",""grams"":1}]","Open Food Facts (ODbL)"
237a22a4-5383-4770-9888-fdc40c24efc1,off,"Osmania biscuits","Karachi Bakery",8908003115818,473,5.5,65.5,21.8,3.6,9.1,400,"[{""unit"":""serving"",""grams"":55,""description"":""1 portion (55 g)""},{""unit"":""g"",""grams"":1}]","Open Food Facts (ODbL)"
00b1d4a6-dd4b-4711-957f-1786bac02eeb,off,"Organic Cow Milk","Akshayakalpa Organic",8908003249032,62,3.3,4.2,3.5,0,4.2,48,"[{""unit"":""serving"",""grams"":100,""description"":""100ml""},{""unit"":""g"",""grams"":1}]","Open Food Facts (ODbL)"
ccd9e372-ecb5-4686-a422-455f1b1d3d55,off,"Akshayakalpa Malai Paneer","Akshayakalpa Organic",8908003249070,300,20.5,0.5,24,0,0,16,"[{""unit"":""serving"",""grams"":100,""description"":""100 g""},{""unit"":""g"",""grams"":1}]","Open Food Facts (ODbL)"
6b9dd9ec-5e41-4e66-985a-ae9ecbd399ee,off,"Organic Set Curd","Akshayakalpa",8908003249339,72,3.9,5.8,3.6,0,5.8,48,"[{""unit"":""serving"",""grams"":100,""description"":""100g""},{""unit"":""g"",""grams"":1}]","Open Food Facts (ODbL)"
804be0af-38b8-4b61-89e9-a78e9d7f5eff,off,"Organic Cow Milk Pasteurized","Akshayakalpa Organic",8908003249391,63,3.2,4.4,3.6,0,4.4,42,"[{""unit"":""serving"",""grams"":100,""description"":""100ml""},{""unit"":""g"",""grams"":1}]","Open Food Facts (ODbL)"
14c63ab3-ddc6-4b14-8ab1-9767a89f0e53,off,"Greek yogurt","Akshayakalpa Organic",8908003249414,93,6.1,10.2,3.5,0,7.1,45,"[{""unit"":""serving"",""grams"":100,""description"":""100g""},{""unit"":""g"",""grams"":1}]","Open Food Facts (ODbL)"
77773430-e823-4967-a5ef-de30ba6e78a5,off,"spiced buttermilk","Akshayakalpa Organic",8908003249469,25,1.4,2.8,0.8,0,0,26,"[{""unit"":""serving"",""grams"":100,""description"":""100ml""},{""unit"":""g"",""grams"":1}]","Open Food Facts (ODbL)"
44ec1a68-b05f-423a-a012-e1b0a1e476d1,off,"Probiotic Buttermilk","Akshayakalpa Organic",8908003249490,28,1.4,2.8,1.3,0,2.8,227,"[{""unit"":""serving"",""grams"":100,""description"":""100 ml""},{""unit"":""g"",""grams"":1}]","Open Food Facts (ODbL)"
af330c67-dfca-4985-9f16-dc4c3a022317,off,"Milk Organic","Akshayakalpa Organic",8908003249728,63,3.2,4.7,3.4,0,4.7,49,"[{""unit"":""serving"",""grams"":100,""description"":""100 ml""},{""unit"":""g"",""grams"":1}]","Open Food Facts (ODbL)"
43720f08-4056-43cc-bb7a-5cc2830d72b0,off,"Organic Slim Milk","Akshayakalpa",8908003249759,34,3.3,4.5,0.3,0,4.5,40,"[{""unit"":""serving"",""grams"":100,""description"":""100 ml (100 ml)""},{""unit"":""g"",""grams"":1}]","Open Food Facts (ODbL)"
a6f19ca6-19e8-407e-9332-08441f960698,off,"Organic Plain Buttermilk","Akshayakalpa Organic",8908003249834,28,1.4,2.8,1.2,0,2.4,264,"[{""unit"":""serving"",""grams"":100,""description"":""100g""},{""unit"":""g"",""grams"":1}]","Open Food Facts (ODbL)"
9ec00aa9-7c36-4ac4-8e5c-d246d84982f6,off,"Ghee","Akshayakalpa Organic",8908003249926,897,0,0,99.7,0,0,0,"[{""unit"":""serving"",""grams"":20,""description"":""20g""},{""unit"":""g"",""grams"":1}]","Open Food Facts (ODbL)"
cdd4a5dd-081c-487c-a50e-9ba3953e25e0,off,"Karachi'S Fruit Biscuits, Karachi'S Fruit","Karachi Bakery",8908004010822,320,4,42,15,3,12,50,"[{""unit"":""serving"",""grams"":64,""description"":""4 Pieces (64 g)""},{""unit"":""g"",""grams"":1}]","Open Food Facts (ODbL)"
5fb8f3f6-f8ec-49dc-985f-c7b5718a970d,off,"MARCO CRUNCHY PEANUT BUTTER","Marco",8908004415177,209,8,6,17,1,2,65,"[{""unit"":""serving"",""grams"":32,""description"":""32 g""},{""unit"":""g"",""grams"":1}]","Open Food Facts (ODbL)"
7dc98780-c351-49d0-8cbd-519822b9648e,off,"Swirlicious Creme Strawberry Wafer Rolls","Maddox",8908004646571,477,5.3,76.7,16.5,0,50.3,0,"[{""unit"":""serving"",""grams"":9,""description"":""1 stick (9 g)""},{""unit"":""g"",""grams"":1}]","Open Food Facts (ODbL)"
0ddfc335-1e01-4dd1-bca5-4316fea122fc,off,"Potato chips Star",,8908004740057,541,6.3,56.6,32.2,4.1,3.6,0,"[{""unit"":""serving"",""grams"":100,""description"":""100g""},{""unit"":""g"",""grams"":1}]","Open Food Facts (ODbL)"
32482a07-e0a5-4d61-9954-34cdca2c129e,off,"Basmati Rice","Amritsar Land",8908004802755,351,7.7,77.8,0.8,0.9,0.2,6,"[{""unit"":""serving"",""grams"":100,""description"":""100g""},{""unit"":""g"",""grams"":1}]","Open Food Facts (ODbL)"
eff647e6-d805-49b0-a7a3-4f8abe988ba1,off,"Multigrain Energy Bar","Yoga Bar",8908005144076,429,13.1,57.1,18.9,9.1,24.3,0,"[{""unit"":""serving"",""grams"":35,""description"":""1 serving (35 g)""},{""unit"":""g"",""grams"":1}]","Open Food Facts (ODbL)"
ef505fe1-5a61-4b19-ba09-83f6d2a29396,off,"Breakfast protein bar","Yoga Bar",8908005144359,369,12.2,67.1,8,9.8,16.2,272,"[{""unit"":""serving"",""grams"":45,""description"":""1 serving (45 g)""},{""unit"":""g"",""grams"":1}]","Open Food Facts (ODbL)"
b1dab71a-0350-4330-9743-7b54366a0fd9,off,"Breakfast Protein Bar Apricot Fig","Yoga Bar",8908005144366,400,12.4,65.1,12,9.1,27.3,280,"[{""unit"":""serving"",""grams"":45,""description"":""45 g""},{""unit"":""g"",""grams"":1}]","Open Food Facts (ODbL)"
1d707f39-c941-436b-9557-3114bd0e8762,off,"Yoga Bar Super Muesli 0% Added Sugar","Yoga Bar",8908005144618,370,15,60,10.5,15.1,0,53,"[{""unit"":""serving"",""grams"":40,""description"":""1 serving (40 g)""},{""unit"":""g"",""grams"":1}]","Open Food Facts (ODbL)"
bd536e32-04b2-4dfb-afa3-6dfe87e32633,off,"Muesli dark chocolate cranberry","Yoga bar",8908005144632,437,12.3,67,13.3,9.4,6.7,91,"[{""unit"":""serving"",""grams"":50,""description"":""50.0g""},{""unit"":""g"",""grams"":1}]","Open Food Facts (ODbL)"
ff85e19b-266a-4c9f-b0ed-f086db411691,off,"Honey Twigs","Himalayan Multi floral Honey",8908005469001,325,0,81.2,0,0,77.6,17,"[{""unit"":""serving"",""grams"":8,""description"":""1 portion (8 g)""},{""unit"":""g"",""grams"":1}]","Open Food Facts (ODbL)"
ceb35856-209a-4269-a650-86e443da9b32,off,"Honey Ginger Tube","Honey Twigs",8908005469544,326,0,81.5,0,0,77.1,14,"[{""unit"":""serving"",""grams"":8,""description"":""1 portion (8 g)""},{""unit"":""g"",""grams"":1}]","Open Food Facts (ODbL)"
306ddb20-f0a7-4632-bc05-a4335bd3e38a,off,"Plain Dahi","Osam",8908005658214,65,3.6,5.2,3,0,0,0,"[{""unit"":""serving"",""grams"":250,""description"":""250 g""},{""unit"":""g"",""grams"":1}]","Open Food Facts (ODbL)"
e568137d-1fd4-4d89-9ed6-a1ab7e0fba75,off,"Soy - Coconut Curd","White Cub",8908005733461,53,5.7,0.8,3,0,0,0,"[{""unit"":""serving"",""grams"":100,""description"":""100g""},{""unit"":""g"",""grams"":1}]","Open Food Facts (ODbL)"
0b6be2ee-72c4-4a5c-b57c-e2d2ee9d901c,off,"Ginger Garlic Paste","Kitchen Treasures",8908005767541,43,1.9,6.6,0.4,2.5,0.7,983,"[{""unit"":""serving"",""grams"":100,""description"":""100g""},{""unit"":""g"",""grams"":1}]","Open Food Facts (ODbL)"
b0474729-e8d9-4b5d-8ce2-ce5903a27f43,off,"Cow Milk Dahi Low Fat","SARDA Farms",8908006061099,50,3.2,4.8,2,0,4.8,28,"[{""unit"":""serving"",""grams"":100,""description"":""100 g""},{""unit"":""g"",""grams"":1}]","Open Food Facts (ODbL)"
211ba2bb-f358-48a0-b157-7e4cbeb2c163,off,"Millet Pancake","Slurrp farm",8908006217090,383,8.1,79.7,3.6,6,0,0,"[{""unit"":""serving"",""grams"":100,""description"":""100.0g""},{""unit"":""g"",""grams"":1}]","Open Food Facts (ODbL)"
3f00ace6-5783-4204-be47-4461b6c856a7,off,"Amba Bhadang","AB",8908006461004,553,8,56,33,2.2,6,380,"[{""unit"":""serving"",""grams"":100,""description"":""100g""},{""unit"":""g"",""grams"":1}]","Open Food Facts (ODbL)"
b3bede22-680c-4280-aa26-8e7050e595dd,off,"Quattro Formaggi","Nutoras",8908006628216,364,22.8,5,28.1,0,3.8,536,"[{""unit"":""serving"",""grams"":25,""description"":""25 g""},{""unit"":""g"",""grams"":1}]","Open Food Facts (ODbL)"
4f9e0e5d-1261-424e-9615-e681784e8c03,off,"Sour Cream","Nutoras",8908006628483,493,2.1,5.3,51.5,0,3.5,26,"[{""unit"":""serving"",""grams"":25,""description"":""25g""},{""unit"":""g"",""grams"":1}]","Open Food Facts (ODbL)"
1c3d4846-fc5f-418a-9367-fb675fd8144e,off,"Black Salt Roasted Makhana","Mr Makhana",8908006646135,356,8,40,20,4,0,208,"[{""unit"":""serving"",""grams"":25,""description"":""1 bag (25 g)""},{""unit"":""g"",""grams"":1}]","Open Food Facts (ODbL)"
84b12df5-9418-40d1-958a-4bb3d9d3bfa5,off,"Mr Makhana Lime & Chilli Popped Lotus Seeds","Mr Makhana",8908006646265,520,8,56,28,4,0,152,"[{""unit"":""serving"",""grams"":25,""description"":""25g""},{""unit"":""g"",""grams"":1}]","Open Food Facts (ODbL)"
ce0af027-b576-4386-9a48-7894f48c81c5,off,"Protein Bar Cocoa Dry Fruit","Nutritius",8908006989539,495,14,45,29,0,0,0,"[{""unit"":""serving"",""grams"":63,""description"":""63gm""},{""unit"":""g"",""grams"":1}]","Open Food Facts (ODbL)"
80832757-070d-4509-95a5-c96c147af8b8,off,"Hot Sauce","Habanero",8908007022044,60,1.4,8.7,2,0,0,0,"[{""unit"":""serving"",""grams"":100,""description"":""100g""},{""unit"":""g"",""grams"":1}]","Open Food Facts (ODbL)"
e534aece-0f43-4934-8337-ef947b970dc5,off,"Burger Buns","English Oven",8908007029135,274,8.9,53.2,2.2,2.9,7.1,387,"[{""unit"":""serving"",""grams"":100,""description"":""1 portion (100 g)""},{""unit"":""g"",""grams"":1}]","Open Food Facts (ODbL)"
58d6b161-a3c5-4e7c-83e7-f160e6af2755,off,"Wafer richeese","Nabati",8908008674785,483,6,71,20,0,33,512,"[{""unit"":""serving"",""grams"":7,""description"":""1 serving (2 wafers) (7 g)""},{""unit"":""g"",""grams"":1}]","Open Food Facts (ODbL)"
447d9577-066d-4c74-8cbc-ccb01d849e88,off,"Wafer","Nabati",8908008674808,473,7,73,17,0,34,190,"[{""unit"":""serving"",""grams"":100,""description"":""100g""},{""unit"":""g"",""grams"":1}]","Open Food Facts (ODbL)"
6e75dfba-d866-48ec-a108-c0e07fadf02a,off,"Zero Maida Whole Wheat Bread","The Health Factory",8908009059185,241,13.4,44,1.3,6.3,4.1,341,"[{""unit"":""serving"",""grams"":27,""description"":""1 slice (27 g)""},{""unit"":""g"",""grams"":1}]","Open Food Facts (ODbL)"
5c95f4f6-a346-4da9-923a-f2b9bbc979a5,off,"Zero Maida Pizza Base","The Health Factory",8908009059291,240,13.4,43.5,1.3,6.4,4.1,331,"[{""unit"":""serving"",""grams"":70,""description"":""1 portion (70 g)""},{""unit"":""g"",""grams"":1}]","Open Food Facts (ODbL)"
d2f81594-df39-4362-858f-9e6ad96864ea,off,"Garlic Bread","The Health Factory",8908009059314,246,12.7,43.8,2.5,0,4.1,0,"[{""unit"":""serving"",""grams"":100,""description"":""100 g""},{""unit"":""g"",""grams"":1}]","Open Food Facts (ODbL)"
b29f8403-9bdb-4290-ba3e-7ed3b5e0d7f6,off,"Zero Maida Super Multi Grain Bread","The Health Factory",8908009059321,241,13.1,43.6,1.6,6.9,4,366,"[{""unit"":""serving"",""grams"":58,""description"":""2 slices (58 g)""},{""unit"":""g"",""grams"":1}]","Open Food Facts (ODbL)"
5f7644ce-3471-4415-9f0b-5eddbde92fcb,off,"Zero Maida Kulcha Bread","The Health Factory",8908009059345,244,12.7,42.8,2.7,6.3,4,377,"[{""unit"":""serving"",""grams"":70,""description"":""1 kulcha (70 g)""},{""unit"":""g"",""grams"":1}]","Open Food Facts (ODbL)"
a4333523-813d-4bb8-bc66-e22cf77c3f4b,off,"Zero Maida Sourdough Rye Bread","The Health Factory",8908009059413,264,8,51.9,2.7,11.1,2.7,372,"[{""unit"":""serving"",""grams"":60,""description"":""2 slices (60 g)""},{""unit"":""g"",""grams"":1}]","Open Food Facts (ODbL)"
57f8e942-d05a-4e65-9c1a-b462acbead02,off,"Zero Maida Rusk Classic Milk","The Health Factory",8908009059437,443,14.4,78.4,7.6,9.4,10.3,480,"[{""unit"":""serving"",""grams"":100,""description"":""100g""},{""unit"":""g"",""grams"":1}]","Open Food Facts (ODbL)"
f265f6bf-5a86-427e-ae63-33e9d2aa5b9d,off,"Multigrain Low GI Bread","The Health Factory",8908009059505,265,13.1,42.3,4.8,9.7,2.9,460,"[{""unit"":""serving"",""grams"":50,""description"":""50 g""},{""unit"":""g"",""grams"":1}]","Open Food Facts (ODbL)"
3630df6b-a349-457b-a179-1849c632be8c,off,"Super Protein Bread","The Health Factory",8908009059574,266,20.6,39.4,4.9,6,1.7,390,"[{""unit"":""serving"",""grams"":56,""description"":""56 g""},{""unit"":""g"",""grams"":1}]","Open Food Facts (ODbL)"
4a548e24-e0e4-4286-8d28-a8941c72d2cb,off,"RuskPops (Cinnamon Rush)","The Heath Factory",8908009059598,401,11.6,82.2,2.8,9.7,13.7,369,"[{""unit"":""serving"",""grams"":100,""description"":""100g""},{""unit"":""g"",""grams"":1}]","Open Food Facts (ODbL)"
f2af304b-fa8c-46f1-8d85-0af673d94400,off,"Zero Maida Atta Bread","The Health Factory",8908009059710,241,13.4,44,1.3,6.3,4.1,341,"[{""unit"":""serving"",""grams"":54,""description"":""2 slices (54 g)""},{""unit"":""g"",""grams"":1}]","Open Food Facts (ODbL)"
83aeff49-9feb-4400-85e3-9115a9d2f2e6,off,"Magnesium Glycinate","Healthy Hey",8908009477712,0,0,0,0,0,0,0,"[{""unit"":""serving"",""grams"":0.7,""description"":""0.73g""},{""unit"":""g"",""grams"":1}]","Open Food Facts (ODbL)"
12004a84-9c76-40be-8731-8aed4eed6245,off,"Roasted muesli super seeds","The Rooted co",8908009587114,488,13.3,59.6,21.8,16.4,14.2,0,"[{""unit"":""serving"",""grams"":100,""description"":""100g""},{""unit"":""g"",""grams"":1}]","Open Food Facts (ODbL)"
abe9f6e0-72c7-4d39-a83d-3b77ed351c47,off,"Thai Rice Chips Vegan Cheddar","natch",8908010609959,454,4.7,83.6,9.4,0,0,0,"[{""unit"":""serving"",""grams"":20,""description"":""1 portion (20 g)""},{""unit"":""g"",""grams"":1}]","Open Food Facts (ODbL)"
46268799-541e-4467-895b-be78facc8d9e,off,"Guava Drink",,8908010875408,60,0.1,15.6,0,0,7.4,0,"[{""unit"":""serving"",""grams"":100,""description"":""100g""},{""unit"":""g"",""grams"":1}]","Open Food Facts (ODbL)"
e9501157-220b-4671-b598-90c677ae780e,off,"Peanut Butter","Pintola",8908010900049,639,30,18,49,9,3,19,"[{""unit"":""serving"",""grams"":32,""description"":""32 g""},{""unit"":""g"",""grams"":1}]","Open Food Facts (ODbL)"
ac5b2acd-17f4-4f54-911d-d5f518ab4b64,off,"Peanut Butter All Natural Creamy Unsweetened","Pintola",8908010900063,639,30,18,49,9,3,19,"[{""unit"":""serving"",""grams"":30,""description"":""1 serving (30 g)""},{""unit"":""g"",""grams"":1}]","Open Food Facts (ODbL)"
1e214129-62d4-4311-87a1-1b1d860b0ca2,off,"Pintola Peanut Butter","Pintola",8908010900148,605,26,22,44.6,7.2,9,280,"[{""unit"":""serving"",""grams"":100,""description"":""100g""},{""unit"":""g"",""grams"":1}]","Open Food Facts (ODbL)"
aa97e6ca-96c9-42ab-97bf-24aceeb53a1d,off,"Dark chocolate peanut butter creamy","Pintola",8908010900209,580,18.6,36.4,40,5.2,19,8,"[{""unit"":""serving"",""grams"":100,""description"":""100 g""},{""unit"":""g"",""grams"":1}]","Open Food Facts (ODbL)"
337baa07-8388-45f9-acda-38041c3568a6,off,"PEANUT BUTTER","Pintola",8908010900216,580,18.6,36.4,40,5.2,19,15,"[{""unit"":""serving"",""grams"":100,""description"":""100g""},{""unit"":""g"",""grams"":1}]","Open Food Facts (ODbL)"
2fe75898-6fce-4906-92e4-ac139f6a1c80,off,"Pintola Wholegrain brown rice cakes unsalted","Pintola",8908010900636,378,7.9,81,2.2,7.1,0,0,"[{""unit"":""serving"",""grams"":100,""description"":""100g""},{""unit"":""g"",""grams"":1}]","Open Food Facts (ODbL)"
121f4c97-2978-46c0-b86a-0edbf532fa3e,off,"Prunes","Bazana",8908012126829,279,4.1,64.7,0.4,9,12.1,294,"[{""unit"":""serving"",""grams"":100,""description"":""100g""},{""unit"":""g"",""grams"":1}]","Open Food Facts (ODbL)"
f8ab8a63-e0af-4229-b376-95f202da8e2a,off,"Indian tonic water","Sepoy & Co.",8908012471004,22,0,5.4,0,0,4.8,0,"[{""unit"":""serving"",""grams"":100,""description"":""100g""},{""unit"":""g"",""grams"":1}]","Open Food Facts (ODbL)"
0ecf2c3a-c949-46c5-a4f6-b43df76d996a,off,"Daily Fiber","Wellbeing Nutrition",8908012692546,366,0.4,89.5,0.8,87.8,1.8,291,"[{""unit"":""serving"",""grams"":8,""description"":""8 g""},{""unit"":""g"",""grams"":1}]","Open Food Facts (ODbL)"
a0218a0a-a871-46fd-bf60-d7b920165c98,off,"Red Lentil Spaghetti / Noodles","Pink Harvest Farms",8908012945598,333,23,58,1,15,2,0,"[{""unit"":""serving"",""grams"":50,""description"":""50g""},{""unit"":""g"",""grams"":1}]","Open Food Facts (ODbL)"
361bfe70-a229-42ff-8628-d12c7d10533f,off,"Edamame Rice","Pink Harvest",8908012945765,354,43,41,2,20,3,398,"[{""unit"":""serving"",""grams"":100,""description"":""1 portion (100 g)""},{""unit"":""g"",""grams"":1}]","Open Food Facts (ODbL)"
44cdd668-cfe5-4623-9abe-7157d1afeb91,off,"Plant Protein Sachet","Pink Harvest Farms",8908012945833,297,58.3,8.3,5.6,5.6,0.3,0,"[{""unit"":""serving"",""grams"":36,""description"":""1 portion (36 g)""},{""unit"":""g"",""grams"":1}]","Open Food Facts (ODbL)"
9d3244e0-b925-451c-823c-2ff8ef7afeec,off,"TruNativ Raw Whey Isolate Unflavored","TruNativ",8908012987178,377,86.9,3.1,2,0,0,256,"[{""unit"":""serving"",""grams"":35,""description"":""1 Scoop (35 g)""},{""unit"":""g"",""grams"":1}]","Open Food Facts (ODbL)"
d87eccb4-47d0-4283-9560-761e3293cdf6,off,"Whey Protein Blend Pro Strawberry","Trunative",8908012987574,384,73.2,11.7,4.9,0,5.1,264,"[{""unit"":""serving"",""grams"":36,""description"":""36 g""},{""unit"":""g"",""grams"":1}]","Open Food Facts (ODbL)"
8997a83e-1737-4bfd-a3e8-a781f6d9d88c,off,"Whey Coffee Mocha","Trunativ",8908012987741,363,72.4,8.9,4.2,0,3.5,252,"[{""unit"":""serving"",""grams"":36,""description"":""36 g""},{""unit"":""g"",""grams"":1}]","Open Food Facts (ODbL)"
86e32f50-3671-4c18-b716-6c60849161ff,off,"ProBlend Whey Protein","Trunativ",8908012987895,406,72.2,13.9,6.1,0,6.1,264,"[{""unit"":""serving"",""grams"":36,""description"":""36 g""},{""unit"":""g"",""grams"":1}]","Open Food Facts (ODbL)"
cce33b9e-d807-4d09-a68d-8a80c410746d,off,"Organic coconut milk","Coco Mama",8908013080182,180,1.5,3,18,1,1.5,20,"[{""unit"":""serving"",""grams"":100,""description"":""100 ml""},{""unit"":""g"",""grams"":1}]","Open Food Facts (ODbL)"
a2dd6217-638e-489a-9684-5a7f05f59c06,off,"Sparkling Water","Jimmy's",8908013140459,0,0,0,0,0,0,50,"[{""unit"":""serving"",""grams"":100,""description"":""100g""},{""unit"":""g"",""grams"":1}]","Open Food Facts (ODbL)"
2fcece93-93c6-43d4-8dc5-4d6b5fc454ad,off,"Chocolate Brownie 21g Protein Bar","Phab",8908013172214,381,32.3,42.5,11.7,12.2,13.2,223,"[{""unit"":""serving"",""grams"":65,""description"":""65 g""},{""unit"":""g"",""grams"":1}]","Open Food Facts (ODbL)"
74df7b68-584f-4e2e-b804-5d7690f8c4c4,off,"Protein Milkshake","Phab",8908013172887,67,9,3.7,2,1.2,0.9,75,"[{""unit"":""serving"",""grams"":200,""description"":""1 portion (200 ml)""},{""unit"":""g"",""grams"":1}]","Open Food Facts (ODbL)"
03ca9eb2-f2a8-4a5a-9aa3-8e1d8e5c634a,off,"Crunchy Granola","Fit & Flex",8908013252015,457,5.7,76.3,14.6,7.1,26.3,100,"[{""unit"":""serving"",""grams"":100,""description"":""100g""},{""unit"":""g"",""grams"":1}]","Open Food Facts (ODbL)"
5498e63a-f6e2-4bb9-b143-22c27029fcc0,off,"Power oats choco peanut butter 400gm Fit & Flex","Fit and Flex",8908013252596,475,18,60,20,11,5,0,"[{""unit"":""serving"",""grams"":40,""description"":""40 g""},{""unit"":""g"",""grams"":1}]","Open Food Facts (ODbL)"
7f39d8e5-7f88-47b7-a87a-3dd33fb849a7,off,"Peanut Butter Protein Bar","The Whole Truth",8908013479122,498,25,36.9,27.7,8.5,23.8,27,"[{""unit"":""serving"",""grams"":52,""description"":""52 g""},{""unit"":""g"",""grams"":1}]","Open Food Facts (ODbL)"
fda48e74-e672-4ef2-b300-bfac34183243,off,"The whole truth peanut cocoa","The whole truth",8908013479146,471,28.8,41,21.2,4.8,24,11,"[{""unit"":""serving"",""grams"":52,""description"":""52 g""},{""unit"":""g"",""grams"":1}]","Open Food Facts (ODbL)"
b7348a39-9400-4971-afec-e1054f403495,off,"Coffee cocoa mini","The whole truth",8908013479368,128,7.4,10.1,6.4,2.8,6.1,11,"[{""unit"":""serving"",""grams"":27,""description"":""1 serving (27 g)""},{""unit"":""g"",""grams"":1}]","Open Food Facts (ODbL)"
6272342f-b49e-43c3-b516-bb1884660477,off,"Cocoa Cranberry Fudge","The Whole Truth",8908013479436,488,12.5,52,25.5,9,25,11,"[{""unit"":""serving"",""grams"":40,""description"":""1 portion (40 g)""},{""unit"":""g"",""grams"":1}]","Open Food Facts (ODbL)"
5ea68750-1824-49a4-8bf8-c83b2a586e15,off,"Instant China Grass (Vanilla Flavour)","FiveStar",8908013735365,395,1.9,95,0.3,0,95,11,"[{""unit"":""serving"",""grams"":20,""description"":""1 portion (20 g)""},{""unit"":""g"",""grams"":1}]","Open Food Facts (ODbL)"
fab1a76e-cfe5-4556-8035-6473a513b1f8,off,"LAHORI Zeera","LAHORI ZEERA",8908013982912,47,0.2,11.8,0,0,11.8,173,"[{""unit"":""serving"",""grams"":100,""description"":""100g""},{""unit"":""g"",""grams"":1}]","Open Food Facts (ODbL)"
71c46ea0-d130-4bac-9466-11e271321af5,off,"Naagin indian hot sauce","Naagin",8908014167004,140,1.8,22.4,4.7,0,13.2,177,"[{""unit"":""serving"",""grams"":100,""description"":""100g""},{""unit"":""g"",""grams"":1}]","Open Food Facts (ODbL)"
5975ba59-618d-4907-9586-2b07d8b17590,off,"Bovonto","NL KALIS SPARKLING WATER",8908014480073,68,0,17,0,0,17,0,"[{""unit"":""serving"",""grams"":100,""description"":""100g""},{""unit"":""g"",""grams"":1}]","Open Food Facts (ODbL)"
1285689b-4038-4379-ad87-791fc57900de,off,"Bovonto","Kali Mark",8908014480080,44,0,11,0,0,11,2480,"[{""unit"":""serving"",""grams"":250,""description"":""250ml""},{""unit"":""g"",""grams"":1}]","Open Food Facts (ODbL)"
a1d4ca2b-8cb8-4fc6-a124-c2b441781d93,off,"Ice Pops (Lemon Flavour)","SKIPPI",8908014602109,85,0,21,0,0,21,15,"[{""unit"":""serving"",""grams"":32,""description"":""1 portion (32 g)""},{""unit"":""g"",""grams"":1}]","Open Food Facts (ODbL)"
1535658d-95fc-480b-8950-e971b19019ac,off,"French Yogurt Blueberry","Mamie Yova",8908014665029,87,2.9,16.9,1.1,0,16.8,87,"[{""unit"":""serving"",""grams"":90,""description"":""90g""},{""unit"":""g"",""grams"":1}]","Open Food Facts (ODbL)"
39ea00fd-d326-49f7-9210-4ca7cd927ec4,off,"French Yogurt Strawberry","Mamie Yova",8908014665258,103,3,15.7,3.1,0,9.4,40,"[{""unit"":""serving"",""grams"":100,""description"":""100g""},{""unit"":""g"",""grams"":1}]","Open Food Facts (ODbL)"
825dcf64-edc2-4fcb-882f-06ddfbf3bbc0,off,"French Yogurt","Mamie Yova",8908014665289,52,3.4,6.3,1.1,0,4.2,59,"[{""unit"":""serving"",""grams"":100,""description"":""100g""},{""unit"":""g"",""grams"":1}]","Open Food Facts (ODbL)"
82dd3677-5ba3-4b24-9014-5def8747e6e8,off,"French Yogurt","Mamie Yova",8908014665296,52,3.4,6.3,1.1,0,4.2,59,"[{""unit"":""serving"",""grams"":100,""description"":""100g""},{""unit"":""g"",""grams"":1}]","Open Food Facts (ODbL)"
3dd80da7-7b4f-4867-aa9a-35b74c7be5b8,off,"Mozzarella Di Bufala","The Spotted Cow Fromagerie",8908014841119,262,14.5,6.1,19.9,0,0,301,"[{""unit"":""serving"",""grams"":100,""description"":""100g""},{""unit"":""g"",""grams"":1}]","Open Food Facts (ODbL)"
fbf12752-e752-4b64-bacd-a2cfc7e046b5,off,"Pumpkin Seeds","Amayu",8908015049453,618,14.9,27.3,49.8,16.2,0,4,"[{""unit"":""serving"",""grams"":25,""description"":""25g""},{""unit"":""g"",""grams"":1}]","Open Food Facts (ODbL)"
5955be3e-fd00-4bcd-aa9d-a3eb19b0ba4e,off,"Fruit Jus Pomegranate","Juicewale",8908015052132,60,0,15,0,0,0,0,"[{""unit"":""serving"",""grams"":100,""description"":""100g""},{""unit"":""g"",""grams"":1}]","Open Food Facts (ODbL)"
09695179-237c-4fec-97d1-c4399cdd1704,off,"Blue Eggs","Abhi Eggs",8908015078026,132,13,0,8,0,0,0,"[{""unit"":""serving"",""grams"":100,""description"":""100 g""},{""unit"":""g"",""grams"":1}]","Open Food Facts (ODbL)"
7d43430b-a8a6-42ea-953c-515ce1b08b5f,off,"Bocconcini","Cremetalia",8908015165023,239,15.1,4.3,17.9,0,0,118,"[{""unit"":""serving"",""grams"":100,""description"":""100g""},{""unit"":""g"",""grams"":1}]","Open Food Facts (ODbL)"
186bc1d2-94d3-42ec-af4a-f15ac31373d6,off,"Maggi masala magic","Maggi",89080153,166,4.2,30.7,2.9,0,0,10916,"[{""unit"":""serving"",""grams"":6,""description"":""6 g""},{""unit"":""g"",""grams"":1}]","Open Food Facts (ODbL)"
bd7a477d-d1ae-480c-a984-587622470163,off,"Chocolate Coffee Almond Protein Bar","Crave",8908015543715,420,30,14.5,28.6,5.5,4.8,145,"[{""unit"":""serving"",""grams"":50,""description"":""50 g""},{""unit"":""g"",""grams"":1}]","Open Food Facts (ODbL)"
2f5e97be-a457-45dd-8d52-a5cedd18d788,off,"Tangy Chickpea with Chilli & Lime","IKEA",8908015676024,478,18.6,55.5,18.5,7.9,3.5,209,"[{""unit"":""serving"",""grams"":10,""description"":""1 portion (10 g)""},{""unit"":""g"",""grams"":1}]","Open Food Facts (ODbL)"
198dcd84-8a5b-4834-9dfa-12c7820ea03a,off,"Chicken Cheese Momos","Wow Momo",8908015692024,236,13.7,17,12.6,0,1.9,627,"[{""unit"":""serving"",""grams"":100,""description"":""1 portion (100 g)""},{""unit"":""g"",""grams"":1}]","Open Food Facts (ODbL)"
4979559e-9434-4f69-ba1d-432260dc5edf,off,"Peri Peri Momos","WOW! Momo",8908015692413,174,5.2,20.8,7.8,0,5.4,892,"[{""unit"":""serving"",""grams"":120,""description"":""120 g""},{""unit"":""g"",""grams"":1}]","Open Food Facts (ODbL)"
84fc040f-a542-4428-aeee-8c2f67df042b,off,"Chatmola","Rinka's",8908015694325,383,1.4,91.6,1.2,0,69.1,715,"[{""unit"":""serving"",""grams"":100,""description"":""100g""},{""unit"":""g"",""grams"":1}]","Open Food Facts (ODbL)"
1d063a72-4f3b-4c8e-a7b5-1d77a352e74d,off,"Ragi Crispies","The Healthy Binge",8908015836183,463,13.2,60.9,18.6,8.6,0.5,662,"[{""unit"":""serving"",""grams"":40,""description"":""1 portion (40 g)""},{""unit"":""g"",""grams"":1}]","Open Food Facts (ODbL)"
bfbd864f-64fb-4941-b822-7d6a8be0c80a,off,"Buttermilk","Gokul",8908015845147,27,2.2,1.8,1.2,0,1.7,230,"[{""unit"":""serving"",""grams"":100,""description"":""100g""},{""unit"":""g"",""grams"":1}]","Open Food Facts (ODbL)"
4a388644-c28f-429c-b0a3-651987362965,off,"Desi Khand (Natural Sweetener)","Bebe™",8908016386168,386,0,99,0,0,98,0,"[{""unit"":""serving"",""grams"":5,""description"":""5g""},{""unit"":""g"",""grams"":1}]","Open Food Facts (ODbL)"
1bfeebe0-5c86-40de-84fd-c2a76f66f1ca,off,"Tawa Masala Tempayy Cubes","Hello Tempayy",8908016501011,178,19.8,10.9,6.9,7.7,0,0,"[{""unit"":""serving"",""grams"":100,""description"":""1 portion (100 g)""},{""unit"":""g"",""grams"":1}]","Open Food Facts (ODbL)"
3db04a1e-402c-4e4b-a387-04a555a5b435,off,"Hello Tempayy Peppery Szechuan Chilli Soyabean Tempeh Cubes","Hello Tempayy",8908016501035,175,18,10.7,6.7,7.7,7.7,230,"[{""unit"":""serving"",""grams"":100,""description"":""1 portion (100 g)""},{""unit"":""g"",""grams"":1}]","Open Food Facts (ODbL)"
214a5d73-33df-4e18-9b61-c1d98c07ce1a,off,"Hello tempay","Hello tempay",8908016501172,181,19.7,13.2,5.8,7.3,3.9,357,"[{""unit"":""serving"",""grams"":50,""description"":""50 g""},{""unit"":""g"",""grams"":1}]","Open Food Facts (ODbL)"
2b2ccde2-ddc3-445c-80ec-cdfd6901601a,off,"Mighty Masala Momos","Hello Tempayy",8908016501479,233,13,33.5,5.2,0,1,322,"[{""unit"":""serving"",""grams"":100,""description"":""100g""},{""unit"":""g"",""grams"":1}]","Open Food Facts (ODbL)"
41516b4d-8b79-4bb6-a9bb-9d56f5f3d729,off,"Peri Peri Momos","Hello Tempayy",8908016501493,211,10.7,28.3,6,0,1,254,"[{""unit"":""serving"",""grams"":84,""description"":""84 g""},{""unit"":""g"",""grams"":1}]","Open Food Facts (ODbL)"
02068dac-e3dc-4acd-a8e1-225f30bb5bce,off,"Peri Peri Crumbles","Hello Tempayy",8908016501530,181,19.8,10.7,7.6,8,1.4,405,"[{""unit"":""serving"",""grams"":100,""description"":""1 portion (100 g)""},{""unit"":""g"",""grams"":1}]","Open Food Facts (ODbL)"
a23d4ae2-6a00-4a4e-ba01-e3c9deedb76a,off,"Plant Protein- Chocolate","Happy Cultures",8908017087422,369,72.8,7.5,5.8,3.1,0,0,"[{""unit"":""serving"",""grams"":36,""description"":""36 g""},{""unit"":""g"",""grams"":1}]","Open Food Facts (ODbL)"
a963dd94-3134-43ea-af99-aea5114a39c1,off,"Plant Protein - Mango","Happy Cultures",8908017087439,356,68.1,13.3,3.9,2.8,0,0,"[{""unit"":""serving"",""grams"":36,""description"":""36 g""},{""unit"":""g"",""grams"":1}]","Open Food Facts (ODbL)"
fa32a550-ba38-4838-88e6-d9c63ccb21ba,off,"Plant Protein - Strawberry","Happy Culture",8908017087446,356,68,14.4,3.3,0,0,0,"[{""unit"":""serving"",""grams"":36,""description"":""36 g""},{""unit"":""g"",""grams"":1}]","Open Food Facts (ODbL)"
f80b2ae5-55c7-4ff4-b68f-6b2bdda24ba0,off,"Mango Drink","Squeeze",8908017280229,55,0,13.7,0,0,13.6,0,"[{""unit"":""serving"",""grams"":200,""description"":""200ml""},{""unit"":""g"",""grams"":1}]","Open Food Facts (ODbL)"
11b5b738-e39d-45b8-abd6-e0495a254ef1,off,"Protein Fusilli Pasta","Shaka Harry",8908017366367,362,16,73,1,10,1,16,"[{""unit"":""serving"",""grams"":250,""description"":""1 pack (250 g)""},{""unit"":""g"",""grams"":1}]","Open Food Facts (ODbL)"
7dfbec97-d9b4-476f-95b5-021b8de0f5dc,off,"Dark Chocolate Oats","Health Ninja",8908017658301,452,24,57,15,11,8,7,"[{""unit"":""serving"",""grams"":30,""description"":""1 portion (30 g)""},{""unit"":""g"",""grams"":1}]","Open Food Facts (ODbL)"
e6edcd19-9458-4f90-983f-2012cfb91bc0,off,"Ragi Chocolate Cookie","Millet Bank",8908017693234,479,8.5,63.9,21,8.8,29.7,51,"[{""unit"":""serving"",""grams"":100,""description"":""100g""},{""unit"":""g"",""grams"":1}]","Open Food Facts (ODbL)"
a1f4d140-83f9-4713-b415-b3a4b04b8a23,off,"Chilli Chatka","Millet Bank",8908017693647,402,6.9,51.3,18.8,0,0,0,"[{""unit"":""serving"",""grams"":30,""description"":""1 portion (30 g)""},{""unit"":""g"",""grams"":1}]","Open Food Facts (ODbL)"
f8ed3397-ebbb-48e5-bb97-81f08c041cf8,off,"Wicked Gud Noodles","Wicked Gud",8908017962088,467,10,67.6,18.3,7.6,3.8,835,"[{""unit"":""serving"",""grams"":69,""description"":""1 portion (69 g)""},{""unit"":""g"",""grams"":1}]","Open Food Facts (ODbL)"
8e51906e-09eb-418a-88ff-13123bba3260,off,"Penne pasta","Wicked gud",8908017962101,362,14.7,74.5,0.5,7.2,0,7,"[{""unit"":""serving"",""grams"":100,""description"":""100g""},{""unit"":""g"",""grams"":1}]","Open Food Facts (ODbL)"
8aba8c1f-7cc5-47ac-aa88-7dff87056f4b,off,"Korean Cup Noodles","Wicked Gud",8908017962507,430,7,62.3,17,6.9,0,1936,"[{""unit"":""serving"",""grams"":69,""description"":""1 serving (69 g)""},{""unit"":""g"",""grams"":1}]","Open Food Facts (ODbL)"
a425c85c-c17a-4245-90a8-26d597fbe61e,off,"Certified Organic Wild Honey","Indigenous Honey",8908018014007,339,0,84.2,0,0,84,4,"[{""unit"":""serving"",""grams"":21,""description"":""21g""},{""unit"":""g"",""grams"":1}]","Open Food Facts (ODbL)"
481d522e-6f39-418f-83a9-2863c502eac7,off,"Honey","Indigenous Honey",8908018014885,330,0.2,82.3,0,0,81.8,4,"[{""unit"":""serving"",""grams"":21,""description"":""21g""},{""unit"":""g"",""grams"":1}]","Open Food Facts (ODbL)"
7b2034e8-ec4f-431d-b5f5-effb2fa4f537,off,"Artos Carbonated Water","Artos",8908018251211,52,0,13,0,0,13,0,"[{""unit"":""serving"",""grams"":100,""description"":""100g""},{""unit"":""g"",""grams"":1}]","Open Food Facts (ODbL)"
09260c13-db39-418b-a8d2-6b87e8701026,off,"Protein Puff Tomato","Troovy",8908018651677,411,15,52,17,5.5,9,490,"[{""unit"":""serving"",""grams"":100,""description"":""100g""},{""unit"":""g"",""grams"":1}]","Open Food Facts (ODbL)"
d4a81e70-6ca7-4724-bbdc-6de63c69f894,off,"Cheese Sourdough","Suchali’s",8908018729024,209,7.6,37.5,2.7,7.5,0.7,422,"[{""unit"":""serving"",""grams"":100,""description"":""100g""},{""unit"":""g"",""grams"":1}]","Open Food Facts (ODbL)"
44922634-3509-451a-8124-42c871679543,off,"Culinary Sauce","Gold Coin",8908018964159,70,1,16.4,0.1,0,4.3,781,"[{""unit"":""serving"",""grams"":7,""description"":""7g""},{""unit"":""g"",""grams"":1}]","Open Food Facts (ODbL)"
0b9b05a8-eb8b-4c75-a3f0-d2ccc1ac59d7,off,"Clear whey","Protyze",8908019040289,312,75,3.1,0,0,1.6,0,"[{""unit"":""serving"",""grams"":32,""description"":""32 g""},{""unit"":""g"",""grams"":1}]","Open Food Facts (ODbL)"
5cef81b6-d9b7-4624-9558-0c15f2867e4e,off,"Yummy Tomato Potato Chips","Chakote",8908019319095,534,6.9,54.2,32.5,0,3.5,1050,"[{""unit"":""serving"",""grams"":100,""description"":""100g""},{""unit"":""g"",""grams"":1}]","Open Food Facts (ODbL)"
4ae01744-ef75-4ba8-8455-0c09d89e92e9,off,"Waffle Crisps Cookies 'n Cream","The Belgian Waffle",8908019552102,468,8.5,72,16,0,23.5,440,"[{""unit"":""serving"",""grams"":20,""description"":""1 serve (20 g)""},{""unit"":""g"",""grams"":1}]","Open Food Facts (ODbL)"
a263e8bf-8b1f-4ea7-90c7-0b9db5a43b5c,off,"Belgian Dark Chocolate Guilt Free Ice Cream Tub","Go Zero",8908019757064,97,2.7,16.8,5.3,3,3,32,"[{""unit"":""serving"",""grams"":100,""description"":""100g""},{""unit"":""g"",""grams"":1}]","Open Food Facts (ODbL)"
c49cb0a0-3688-4378-aac0-bdfde92b2185,off,"Open Secret Chocolate Biscuit","Open Secret",8908020062270,524,8,57.3,28.7,2,11.3,372,"[{""unit"":""serving"",""grams"":15,""description"":""3 portion (15 g)""},{""unit"":""g"",""grams"":1}]","Open Food Facts (ODbL)"
f6b93377-cdc2-4ca0-945c-75bd06b12096,off,"Whole Wheat Tortilla Wraps 8 Inches","Habanero",8908020440351,305,6.8,57.2,5.4,3.8,9.8,469,"[{""unit"":""serving"",""grams"":55,""description"":""1 portion (55 g)""},{""unit"":""g"",""grams"":1}]","Open Food Facts (ODbL)"
1653cafa-9bd5-4245-a2d5-27adf8edf245,off,"Punjabi Tadka","Crax",8908020463527,552,9.7,51.4,34.2,0,4.7,1345,"[{""unit"":""serving"",""grams"":100,""description"":""100g""},{""unit"":""g"",""grams"":1}]","Open Food Facts (ODbL)"
2b7357cc-f9a8-4a8d-8bf3-4d64676449c3,off,"Choco Rings","Crax",8908020463664,530,3.7,65.1,28.3,0,25.6,144,"[{""unit"":""serving"",""grams"":100,""description"":""100g""},{""unit"":""g"",""grams"":1}]","Open Food Facts (ODbL)"
2575ef08-0416-47bc-8b91-c0fefce262ee,off,"Potato Chips","Crax Zero",8908020463749,550,6.5,50,36,0,2,401,"[{""unit"":""serving"",""grams"":100,""description"":""100g""},{""unit"":""g"",""grams"":1}]","Open Food Facts (ODbL)"
9a0155a2-0761-4727-828b-6de399b8bec9,off,"Spicy Treat Chips","Crax",8908020463824,528,8.7,55.7,30,0,5.1,841,"[{""unit"":""serving"",""grams"":30,""description"":""30 g""},{""unit"":""g"",""grams"":1}]","Open Food Facts (ODbL)"
329ffd28-336e-4c6a-9dff-58ebad7c8053,off,"Almond Milk","Fidelo",8908020493180,33,1.3,0.7,2.8,0,0.2,10,"[{""unit"":""serving"",""grams"":100,""description"":""100 serving size (100 g)""},{""unit"":""g"",""grams"":1}]","Open Food Facts (ODbL)"
76c33ffc-510e-4cf9-b632-240b03136a67,off,"Wholy Fudgy Cakes Belgian Chocolate","Wholy",8908020710072,384,6,63.4,11.7,14.6,9.4,278,"[{""unit"":""serving"",""grams"":35,""description"":""1 brownie (35 g)""},{""unit"":""g"",""grams"":1}]","Open Food Facts (ODbL)"
63cfa1db-372e-4dc7-9a13-e6ff09db147c,off,"Whey Concentrate Unflavored","Wellbeing Nutrition",8908020854783,377,76.3,6.5,5.1,0,0,0,"[{""unit"":""serving"",""grams"":35.5,""description"":""35.5 g""},{""unit"":""g"",""grams"":1}]","Open Food Facts (ODbL)"
5e493484-8358-4dc7-a7e6-28f14ec0769a,off,"Almond Drink","VDC",8908020997800,27,1.2,1.2,1.9,0,0,25,"[{""unit"":""serving"",""grams"":250,""description"":""250 ml""},{""unit"":""g"",""grams"":1}]","Open Food Facts (ODbL)"
eb27546e-17af-42bc-973f-bb0356adecd6,off,"Shanti mustatd oil","Shanti",8908021450182,900,0,0,100,0,0,0,"[{""unit"":""serving"",""grams"":5,""description"":""5g""},{""unit"":""g"",""grams"":1}]","Open Food Facts (ODbL)"
c08e4a0a-2582-4a3a-a68e-6d3002eb57ed,off,"Punjab toast","Punjab Bakers",8908022576003,412,9.8,81.4,5.2,0,21.9,0,"[{""unit"":""serving"",""grams"":100,""description"":""100g""},{""unit"":""g"",""grams"":1}]","Open Food Facts (ODbL)"
d12be106-a31e-4b9a-b441-f0c511582c0d,off,"Hunger Bar Multigrain Baked Bar - Fruit & Nut .","Taakat",8908022676260,482,12.5,57.5,22.5,5,22.5,460000,"[{""unit"":""serving"",""grams"":40,""description"":""40g""},{""unit"":""g"",""grams"":1}]","Open Food Facts (ODbL)"
2b54640e-16a4-43af-a4f5-25ffb44da715,off,"Rose Syrup","Janatha",8908022793011,281,0.1,74.8,0.1,0,0,0,"[{""unit"":""serving"",""grams"":100,""description"":""100g""},{""unit"":""g"",""grams"":1}]","Open Food Facts (ODbL)"
e1ec15c5-d3f6-49cd-8133-b0f507496914,off,"Plant Protein Shake","Maiva",8908023136145,59,6.7,4.5,1.9,1.2,2.5,0,"[{""unit"":""serving"",""grams"":300,""description"":""300 ml""},{""unit"":""g"",""grams"":1}]","Open Food Facts (ODbL)"
23231383-90ca-4a80-9728-86c32fe45e73,off,"Party Snack","Tong Garden",8908023404305,500,20,50,23.3,10,0,0,"[{""unit"":""serving"",""grams"":30,""description"":""1 portion (30 g)""},{""unit"":""g"",""grams"":1}]","Open Food Facts (ODbL)"
f433ccf7-b4d1-4b7b-bc9b-2dae95aa825e,off,"Nature's Harvest Mix","Tong Garden",8908023404435,400,6.7,66.7,10,6.7,20,600,"[{""unit"":""serving"",""grams"":30,""description"":""30 g""},{""unit"":""g"",""grams"":1}]","Open Food Facts (ODbL)"
71b6f9b4-a30f-46da-91e4-d3777a18604f,off,"Tropical Nuts & Fruit Mix","Tong Garden",8908023404442,433,6.7,66.7,16.7,20,50,117,"[{""unit"":""serving"",""grams"":30,""description"":""30 g""},{""unit"":""g"",""grams"":1}]","Open Food Facts (ODbL)"
0cd03e4f-00b4-4baa-bb1b-24012f42c248,off,"Pizza Pasta","Repeat Gud",8908024126039,173,2.3,26.3,6.5,2.4,17.4,892,"[{""unit"":""serving"",""grams"":15,""description"":""1 portion (15 g)""},{""unit"":""g"",""grams"":1}]","Open Food Facts (ODbL)"
599130fb-c0ba-4be8-97b4-14603c092b65,off,"Strawberry, greek yoghurt","Athena",8908024694002,97,10,5.8,3.8,0,3.8,39,"[{""unit"":""serving"",""grams"":200,""description"":""200 g""},{""unit"":""g"",""grams"":1}]","Open Food Facts (ODbL)"
8ab8af19-3308-4fbe-afe2-1ddf5d6bbd03,off,"20g Protein Blueberry Greek Yogurt","Athena",8908024694019,89,10,4.9,3.3,0,0,47,"[{""unit"":""serving"",""grams"":200,""description"":""200 g""},{""unit"":""g"",""grams"":1}]","Open Food Facts (ODbL)"
ebe23bcd-0eaa-4bf5-8346-c32e58afdb9d,off,"Greenmeat Tikka","Greenmeat",8908024950115,180,18,7.9,7.7,3.8,0,506,"[{""unit"":""serving"",""grams"":100,""description"":""100g""},{""unit"":""g"",""grams"":1}]","Open Food Facts (ODbL)"
e08888d7-21c6-47dd-bdfe-e74e3dae3cbc,off,"Superyou Protein Wafer","Superyou",8908024977013,466,25,50,25.9,7.6,8.8,442,"[{""unit"":""serving"",""grams"":40,""description"":""40 g""},{""unit"":""g"",""grams"":1}]","Open Food Facts (ODbL)"
2990ed4b-4e53-4b12-a359-bb151e8ee231,off,"Superyou Protein Wafer","Superyou",8908024977020,190,10,20,10.4,3,3.5,177,"[{""unit"":""serving"",""grams"":100,""description"":""100g""},{""unit"":""g"",""grams"":1}]","Open Food Facts (ODbL)"
d0483318-c62a-48a3-8480-1bb77fd45ee3,off,"Strawberry Creme","Superyou",8908024977037,470,25,50,25.9,7.6,8.8,442,"[{""unit"":""serving"",""grams"":40,""description"":""40g""},{""unit"":""g"",""grams"":1}]","Open Food Facts (ODbL)"
bd28931f-cf08-47ba-88d9-269f18e3b80d,off,"Superyou Pro - Unflavoured - Fermented Yeast Protein","SuperYou",8908024977303,361,72.2,8.3,4.2,2.8,0,833,"[{""unit"":""serving"",""grams"":36,""description"":""1 portion (36 g)""},{""unit"":""g"",""grams"":1}]","Open Food Facts (ODbL)"
d3dbd64d-1f17-4d21-8890-d415ae83beb4,off,"Hot Chocolate Fudge","Get-A-Way",8908025188173,147,2.3,22.8,5.2,0.9,8.4,141,"[{""unit"":""serving"",""grams"":150,""description"":""150 ml""},{""unit"":""g"",""grams"":1}]","Open Food Facts (ODbL)"
f9dc18a4-adf5-4320-a06f-778f864a5db6,off,"Nuts Fusion","Greenfinity",8908025353090,390,16.6,18.2,41.5,7.9,11.9,17,"[{""unit"":""serving"",""grams"":100,""description"":""100g""},{""unit"":""g"",""grams"":1}]","Open Food Facts (ODbL)"
65392514-6f01-495d-b3d8-07162b0b6079,off,"Bold Brown Bread","5 Minutes",8908026096040,281,7.8,55,3.3,7.5,2.6,372,"[{""unit"":""serving"",""grams"":100,""description"":""100g""},{""unit"":""g"",""grams"":1}]","Open Food Facts (ODbL)"
6e2f730b-ffb2-4680-a5fd-13c0150bfb78,off,"Peri Peri Super Bhujia","Total Snacc",8908026158007,444,19.4,60,13.9,11.9,2.9,574,"[{""unit"":""serving"",""grams"":31,""description"":""1 serve (31 g)""},{""unit"":""g"",""grams"":1}]","Open Food Facts (ODbL)"
4bd1dd6f-6960-4f0c-9d50-b7b6e26655a4,off,"Tofu","Mothers Nature",8908026382006,91,16.7,2.7,1.5,0,0,0,"[{""unit"":""serving"",""grams"":100,""description"":""1 portion (100 g)""},{""unit"":""g"",""grams"":1}]","Open Food Facts (ODbL)"
33193d63-b376-4b91-8bff-a2ead039c089,off,"Potato Chips","Troovy",8908026791501,424,12.4,72,10,0,2.2,590,"[{""unit"":""serving"",""grams"":100,""description"":""100g""},{""unit"":""g"",""grams"":1}]","Open Food Facts (ODbL)"
9b56a4cd-31a1-4df2-bf2e-303bf349fb95,off,"Choconut Crunch Overnight Oats","Goat Life",8908026834024,389,26.7,56,6.7,8,8,0,"[{""unit"":""serving"",""grams"":75,""description"":""75 g""},{""unit"":""g"",""grams"":1}]","Open Food Facts (ODbL)"
e6b4f0f8-7f1d-41e9-9d99-e9daf0c9da27,off,"Whey Pro Rich Chocolate","Ripped Up Nutrition",8908026875751,385,72.7,13,3,0.6,3,1,"[{""unit"":""serving"",""grams"":33,""description"":""33 g""},{""unit"":""g"",""grams"":1}]","Open Food Facts (ODbL)"
c132e757-d2ec-4419-982d-ec03398fd981,off,"High Protein Roti","MillD",8908027388038,387,46.2,45.5,2.3,9,6,4,"[{""unit"":""serving"",""grams"":33.3,""description"":""33.3 g""},{""unit"":""g"",""grams"":1}]","Open Food Facts (ODbL)"
4ea23511-34a2-4faf-8170-933d6ea0da95,off,"Pina Colada","Dead Honest",8908027668031,9,0.2,1.9,0,0,1.9,3,"[{""unit"":""serving"",""grams"":100,""description"":""100g""},{""unit"":""g"",""grams"":1}]","Open Food Facts (ODbL)"
a3853c7c-017a-476b-9e55-62226ec69051,off,"Mocha Madness","Proskii",8908027899008,394,38.3,52,3.6,0,3,193,"[{""unit"":""serving"",""grams"":40,""description"":""1 portion (40 g)""},{""unit"":""g"",""grams"":1}]","Open Food Facts (ODbL)"
35f7f43c-3d4f-4599-980c-3d1f777059e3,off,"Iced Latté",,89080528,56,2.2,8.6,1.5,0,6.7,0,"[{""unit"":""serving"",""grams"":170,""description"":""170ml""},{""unit"":""g"",""grams"":1}]","Open Food Facts (ODbL)"
2c8017c1-341d-4a5f-af65-97a58af4aa11,off,"Maggi masala magic","Maggi",89080795,166,4.2,30.7,2.9,9.1,13.5,10916,"[{""unit"":""serving"",""grams"":6,""description"":""6 g""},{""unit"":""g"",""grams"":1}]","Open Food Facts (ODbL)"
8835f271-1ba9-40c6-ba88-9b0aab64e781,off,"Tiramisu Minis","Fabelle",8909081002380,529,9.3,56.3,30,0,51.6,135,"[{""unit"":""serving"",""grams"":15,""description"":""15 g""},{""unit"":""g"",""grams"":1}]","Open Food Facts (ODbL)"
8c54e379-7452-4853-897b-f27dc54fd41f,off,"Superior MP Atta","Aashirvaad",8909081002779,338,10.7,76,1.3,10.4,3.6,2,"[{""unit"":""serving"",""grams"":100,""description"":""1 portion (100 g)""},{""unit"":""g"",""grams"":1}]","Open Food Facts (ODbL)"
ca5d0f31-aac9-41c3-9a42-c51e7f52854f,off,"8909081005053","dark fantasy",8909081005053,507,7.3,61.1,27.3,0,35.7,182,"[{""unit"":""serving"",""grams"":11.5,""description"":""1 biscuit (11.5 g)""},{""unit"":""g"",""grams"":1}]","Open Food Facts (ODbL)"
e201de1b-e106-4239-85e3-e1e5dae4b196,off,"Yippee Noodles","Sunfeast",8909081005251,456,9.2,64,19.2,0,3.2,1194,"[{""unit"":""serving"",""grams"":25,""description"":""25 g""},{""unit"":""g"",""grams"":1}]","Open Food Facts (ODbL)"
a9d4b508-f1ed-4a14-825d-b7a551b28b0a,off,"Bingo Mad Angles Mystery Pickle","Bingo",8909081005619,536,5.9,58.3,31.7,0,4.3,1132200,"[{""unit"":""serving"",""grams"":100,""description"":""100g""},{""unit"":""g"",""grams"":1}]","Open Food Facts (ODbL)"
f2387ca2-c5c0-4901-a971-a27d0af74fa0,off,"Coconut Water with Litchi","B Natural",8909081006197,22,0,5.6,0,0,5.6,20,"[{""unit"":""serving"",""grams"":150,""description"":""150ml""},{""unit"":""g"",""grams"":1}]","Open Food Facts (ODbL)"
4b6efc5b-f1a0-42ce-bf8d-61127daf6f67,off,"Yippee noodles","Sunfeast",8909081006388,457,9,64.5,19.1,0,3.1,1182,"[{""unit"":""serving"",""grams"":100,""description"":""100g""},{""unit"":""g"",""grams"":1}]","Open Food Facts (ODbL)"
74f8b310-7861-4e24-8031-33856923d4f8,off,"Swiss Roll","Dark Fantasy",8909081010552,405,4.9,62.3,16.6,0,0,122,"[{""unit"":""serving"",""grams"":20,""description"":""20 g""},{""unit"":""g"",""grams"":1}]","Open Food Facts (ODbL)"
0f323596-9554-47ed-b0a2-241204b97ed7,off,"Pomegranate drink","B NATURAL",8909081011160,18,0,4.5,0,0.2,4.4,44,"[{""unit"":""serving"",""grams"":100,""description"":""1 100ml (100 ml)""},{""unit"":""g"",""grams"":1}]","Open Food Facts (ODbL)"
e1f5d9bb-5c08-45a6-a379-5180e1a40829,off,"Low Calorie Cranberry Juice","B Natural",8909081011177,18,0.1,4.5,0,0.1,4.4,16,"[{""unit"":""serving"",""grams"":100,""description"":""100 ml""},{""unit"":""g"",""grams"":1}]","Open Food Facts (ODbL)"
4e5086f9-3163-4e47-bb1d-cf92ac4031e2,off,"Supermilk Biscuits","Sunfeast",8909081012235,452,7.8,71.5,15.9,0,27.4,265,"[{""unit"":""serving"",""grams"":20,""description"":""20 g""},{""unit"":""g"",""grams"":1}]","Open Food Facts (ODbL)"
36d8cc74-f0cf-4f2b-856c-2854317d9c2e,off,"Strawberry Smoothie","Sunfeast",8909081013737,68,1.2,15.4,0.1,0.4,15.1,16,"[{""unit"":""serving"",""grams"":100,""description"":""100g""},{""unit"":""g"",""grams"":1}]","Open Food Facts (ODbL)"
e87b4b70-84c3-40b7-8d5a-0eff78e6770b,off,"Almond Magnum","Magnum",8909106034921,353,5.3,29.8,23.7,1.1,26.8,71,"[{""unit"":""serving"",""grams"":62,""description"":""1 ice cream stick (62 g)""},{""unit"":""g"",""grams"":1}]","Open Food Facts (ODbL)"
3e406faa-9ddc-4ea2-98e0-9a21d31a9f4f,off,"Cornetto mini butterscotch","KwalityWalls",8909106038783,371,7.1,42.9,17.9,0,0,0,"[{""unit"":""serving"",""grams"":28,""description"":""28 g""},{""unit"":""g"",""grams"":1}]","Open Food Facts (ODbL)"
4acc7cbf-7d42-47b9-853f-e83083883340,off,"Bru Cold Coffee Classic","Bru",8909106040977,76,4,12.3,1.4,0.1,12.2,129,"[{""unit"":""serving"",""grams"":200,""description"":""1 portion (200 ml)""},{""unit"":""g"",""grams"":1}]","Open Food Facts (ODbL)"
6e24865d-89df-42b4-b2cb-feca3b5c2735,off,"Red lebel","hul",8909106042872,408,11.5,73.1,8.5,3.1,40,262,"[{""unit"":""serving"",""grams"":13,""description"":""1 sachet (13 g)""},{""unit"":""g"",""grams"":1}]","Open Food Facts (ODbL)"
60fee433-8fec-44bf-999c-7722c9030fba,off,"Taj Mahal","Taj Mahal",8909106043671,0,0,0,0,0,0,2,"[{""unit"":""serving"",""grams"":100,""description"":""100g""},{""unit"":""g"",""grams"":1}]","Open Food Facts (ODbL)"
a479bb7c-71f0-4a7a-bdc5-3ad24c244c21,off,"Chocolate Ice Cream","Kwality Walls",8909106048928,202,4.5,26.8,8.9,1.7,23.2,81,"[{""unit"":""serving"",""grams"":53,""description"":""100ml (53g)""},{""unit"":""g"",""grams"":1}]","Open Food Facts (ODbL)"
ab3b16d4-23c5-46db-aca3-0eab00de2dff,off,"Taj Mahal","Brooke Bond",8909106051966,0,0,0,0,0,0,2,"[{""unit"":""serving"",""grams"":100,""description"":""100g""},{""unit"":""g"",""grams"":1}]","Open Food Facts (ODbL)"
78586de6-9bae-498e-82a4-4173ff423b70,off,"Chilli Peanut Thecha Chutney","Kissan",8909106068926,218,5.4,14,15.8,2,5.5,0,"[{""unit"":""serving"",""grams"":100,""description"":""1 portion (100 g)""},{""unit"":""g"",""grams"":1}]","Open Food Facts (ODbL)"
c7ae2a14-c471-4eee-bf62-df92b5e5690d,off,"Imli Chutney","Kissan",8909106069053,213,0.7,51.8,0.5,1,42.6,210,"[{""unit"":""serving"",""grams"":100,""description"":""100g""},{""unit"":""g"",""grams"":1}]","Open Food Facts (ODbL)"
849cfefd-3f23-4596-8e7c-221456899bcf,off,"Kissan Teekhi Lehsun Mirch Chutney",,8909106069060,248,3.5,19.9,17.4,0,2.8,1334,"[{""unit"":""serving"",""grams"":100,""description"":""100g""},{""unit"":""g"",""grams"":1}]","Open Food Facts (ODbL)"
a17d7720-15fa-4703-8485-bde9bde9128f,off,"Kissan Chilli Peanut Thecha Chutney, 100 g Pouch",,8909106069107,218,5.4,14,15.8,2,3.5,1301,"[{""unit"":""serving"",""grams"":100,""description"":""100g""},{""unit"":""g"",""grams"":1}]","Open Food Facts (ODbL)"
2f71a664-a74a-47f1-81a9-0304c180d602,off,"Horlicks Protein","Horlicks",8909106084704,71,8.3,7.1,1.5,1.5,3.3,62,"[{""unit"":""serving"",""grams"":240,""description"":""240 ml""},{""unit"":""g"",""grams"":1}]","Open Food Facts (ODbL)"
b4f7008a-4add-4b30-ac2a-fd98d5d3b3b4,off,"Daily Good Bread","Daily Good",8909177022865,240,9.5,46.5,1.9,9.5,10.4,404,"[{""unit"":""serving"",""grams"":50,""description"":""50g""},{""unit"":""g"",""grams"":1}]","Open Food Facts (ODbL)"
c90d13ea-c0f0-4dfe-9d6e-2f55cad730e7,off,"Plant Protein Indonesian Cacao","Cosmix",8909340000393,370,61.7,27.4,1.6,9.6,9.8,480,"[{""unit"":""serving"",""grams"":38,""description"":""38 g""},{""unit"":""g"",""grams"":1}]","Open Food Facts (ODbL)"
f42b28d5-fe9c-46e3-99ee-a289827a5df9,off,"SUPERKAKI","WHEAT FLOUR",8929752286352,340,9.6,68.6,1.5,6.8,1.6,2,"[{""unit"":""serving"",""grams"":100,""description"":""100g""},{""unit"":""g"",""grams"":1}]","Open Food Facts (ODbL)"
2eeeba71-39cc-49ef-8f76-7e756f267476,off,"Classic Butter Croissant","The Bkry",8934328842795,418,7.2,42.8,24.5,1.6,8.4,585,"[{""unit"":""serving"",""grams"":80,""description"":""1 portion (80 g)""},{""unit"":""g"",""grams"":1}]","Open Food Facts (ODbL)"
03858eea-9f7e-4990-9ac6-a1a961c0a673,off,"Dark Chocolate Signature Hoi An","Alluvia Chocolatier",8938506900857,89,1.4,6.7,6.3,12.1,4.9,19,"[{""unit"":""serving"",""grams"":100,""description"":""100g""},{""unit"":""g"",""grams"":1}]","Open Food Facts (ODbL)"
b24032e5-8aee-42da-920f-49316001f935,off,"Tender Coconut Water","Richyum",8938555026263,15,0.2,3.3,0.1,0.2,2.5,20,"[{""unit"":""serving"",""grams"":100,""description"":""100g""},{""unit"":""g"",""grams"":1}]","Open Food Facts (ODbL)"
88feeb18-441c-4cd0-9486-8c2843d2987b,off,"Whey Isolate Protein Powder","Naturaltein",8939112781762,375,90,1.6,0.9,0,0.3,109,"[{""unit"":""serving"",""grams"":30,""description"":""1 serving (30 g)""},{""unit"":""g"",""grams"":1}]","Open Food Facts (ODbL)"
62a10aae-1938-42d5-9679-0141aa1be41c,off,"Whey Protein, Cafe Mocha","Naturaltein",8939112782134,385,72,9.7,6.4,1.1,5.8,118,"[{""unit"":""serving"",""grams"":30,""description"":""1 scoop (30 g)""},{""unit"":""g"",""grams"":1}]","Open Food Facts (ODbL)"
112eb9ba-b561-4629-91fd-5ef723007441,off,"Marine Collagen Orange","Naturaltein",8939116155064,30,7.4,1.2,0,0,0.4,270,"[{""unit"":""serving"",""grams"":100,""description"":""100g""},{""unit"":""g"",""grams"":1}]","Open Food Facts (ODbL)"
31fc37d3-1c94-4d2b-94af-70f8b6661573,off,"Whey Protein Concentrate ( Chocolate Biscoff)","Naturaltein",8939118468872,377,70.3,12,5.3,1.3,3.3,153,"[{""unit"":""serving"",""grams"":30,""description"":""30 g""},{""unit"":""g"",""grams"":1}]","Open Food Facts (ODbL)"
be6d494c-2b44-4034-af7e-fe50065b192e,off,"Mawa Cake","Awsum",8939120144764,374,8.6,31.9,21.5,3.8,31.9,340,"[{""unit"":""serving"",""grams"":40,""description"":""40g""},{""unit"":""g"",""grams"":1}]","Open Food Facts (ODbL)"
4609736c-f28d-450a-bc82-c1fa6b07ca8d,off,"Whey Protein Iso Boost 27g","Naturaltein",8939122244554,381,76,14.1,4.3,2.4,7.1,0,"[{""unit"":""serving"",""grams"":36,""description"":""1 portion (36 g)""},{""unit"":""g"",""grams"":1}]","Open Food Facts (ODbL)"
000419b3-b813-434a-bf73-d6a30d2f47a0,off,"Whey Iso Boost Chocolate","Naturaltein",8939122244790,386,76,14,3.6,2.8,5.3,243,"[{""unit"":""serving"",""grams"":36,""description"":""1 serving (36 g)""},{""unit"":""g"",""grams"":1}]","Open Food Facts (ODbL)"
3e0c453a-ac8f-4ee6-ad4a-88fd1fb96420,off,"Pure Peanut Butter Powder","MYPB",8939123211166,475,50,31.9,16.2,11.9,5,5,"[{""unit"":""serving"",""grams"":16,""description"":""16g""},{""unit"":""g"",""grams"":1}]","Open Food Facts (ODbL)"
a3922492-6355-4735-b825-4b8d1fcf3b43,off,"Orignal Peanut Butter Powder","My PB",8939123211302,456,43.8,38.8,13.8,106.2,15.6,574,"[{""unit"":""serving"",""grams"":16,""description"":""16 g""},{""unit"":""g"",""grams"":1}]","Open Food Facts (ODbL)"
8f02b321-d87d-460c-9993-c85eddc97165,off,"Tango brownies crispy","Tango",8991102771238,467,6.7,80,13.3,6.7,40,120,"[{""unit"":""serving"",""grams"":15,""description"":""15 g""},{""unit"":""g"",""grams"":1}]","Open Food Facts (ODbL)"
1bbf8393-3739-461d-8010-3677aeee3048,off,"Chocolate Dancow Forti Grow","Nestle",8992696525030,421,13.2,60.5,13.2,0,44.7,276,"[{""unit"":""serving"",""grams"":38,""description"":""38 g""},{""unit"":""g"",""grams"":1}]","Open Food Facts (ODbL)"
53d14f25-fdc0-4d58-8376-d0d3e42fe9ce,off,"frisian flag uht coconut DELIGHT ktk 225ml","Frisian Flag",8992753700103,67,2.2,9.3,2.2,0,7.1,44,"[{""unit"":""serving"",""grams"":225,""description"":""225 g""},{""unit"":""g"",""grams"":1}]","Open Food Facts (ODbL)"
8d19a96d-7739-4dae-a3fe-266e98080dd7,off,"Oreo Original (Vanilla)","BABYMONSTER OREO",8992760221028,471,3.6,72.5,21.7,3.6,39.9,507,"[{""unit"":""serving"",""grams"":27.6,""description"":""27.6 g""},{""unit"":""g"",""grams"":1}]","Open Food Facts (ODbL)"
4b636e35-4ea7-49b4-9d1c-b1a6a302c666,off,"Pilus TicTac cassava","Dua Kelinci",8995077603433,520,4,68,24,4,0,320000,"[{""unit"":""serving"",""grams"":25,""description"":""25 g""},{""unit"":""g"",""grams"":1}]","Open Food Facts (ODbL)"
2f06be42-75f6-4fa5-b036-d608496a2428,off,"Mayora Malkist Chocolate Flavored Sandwich Cracker Biscuits","Mayora",8996001312490,488,7.6,66.4,21.3,16.8,21.3,527,"[{""unit"":""serving"",""grams"":100,""description"":""100g""},{""unit"":""g"",""grams"":1}]","Open Food Facts (ODbL)"
3cc4429d-62d2-46e5-84c9-091965f4f804,off,"Malkist Cheese Flavoured Crunchy Layered Cracker Biscuits","Mayora",8996001312506,491,7.7,63.7,22.8,0,16.5,543,"[{""unit"":""serving"",""grams"":18,""description"":""1 biscuit (18 g)""},{""unit"":""g"",""grams"":1}]","Open Food Facts (ODbL)"
3c7c2341-158d-48af-b926-4030042cb7b1,off,"Malkist Cappuccino","Mayora",8996001312667,484,6.2,68.4,20.6,0,21.1,479,"[{""unit"":""serving"",""grams"":100,""description"":""100g""},{""unit"":""g"",""grams"":1}]","Open Food Facts (ODbL)"
70e69c67-7e9f-412b-9b65-a3b1250786de,off,"Ladaku merica bubuk","LADAKU",8997011930612,310,11.4,48.3,2.1,26.2,3.1,5,"[{""unit"":""serving"",""grams"":100,""description"":""100g""},{""unit"":""g"",""grams"":1}]","Open Food Facts (ODbL)"
b216cbe6-df35-4cbc-85de-04d75afd453a,off,"Kris Bee krunchy jagung bakar mentega bks 75gr","Calbee Wings",8998866201711,467,6.7,80,10,0,0,567,"[{""unit"":""serving"",""grams"":15,""description"":""1 portion (15 g)""},{""unit"":""g"",""grams"":1}]","Open Food Facts (ODbL)"
f7b29d49-bac9-437c-995d-03c5a30b044c,off,"Energy Drink","Red Bull",90162602,45,0,11,0,0,11,39,"[{""unit"":""serving"",""grams"":250,""description"":""1 can (250 ml)""},{""unit"":""g"",""grams"":1}]","Open Food Facts (ODbL)"
93a355e7-138e-4105-9da1-c8e680d2110f,off,"Red bull sugar free","Red Bull",90162800,3,0,0,0,0,0,42,"[{""unit"":""serving"",""grams"":250,""description"":""250 g""},{""unit"":""g"",""grams"":1}]","Open Food Facts (ODbL)"
1410fc48-e371-4845-a453-aed76a740921,off,"Macroni  Rigate","Gracious",9100949889511,356,11.2,76.1,0.9,2.8,0,5810,"[{""unit"":""serving"",""grams"":100,""description"":""100g""},{""unit"":""g"",""grams"":1}]","Open Food Facts (ODbL)"
039af03d-399c-401d-8373-24df79aec8df,off,"Truffle Chocolate ISO Whey","Eric Favre",9101294116574,367,77.1,5.1,3.4,0,1.6,6,"[{""unit"":""serving"",""grams"":35,""description"":""1 portion (35 g)""},{""unit"":""g"",""grams"":1}]","Open Food Facts (ODbL)"
2d89ea42-c1c2-4939-8b79-7c305deb9399,off,"Ultimate Dark Chocolate","Amul",9168474762808,522,14.7,28.4,40.8,0,1.2,60,"[{""unit"":""serving"",""grams"":10,""description"":""10 g""},{""unit"":""g"",""grams"":1}]","Open Food Facts (ODbL)"
1fdf2da9-6a10-4520-90a7-3fe09ec927b1,off,"Ghiotti Fusilli","Ghotti",9421007140468,292,10,59.2,1.2,2.2,0.9,20,"[{""unit"":""serving"",""grams"":80,""description"":""80g""},{""unit"":""g"",""grams"":1}]","Open Food Facts (ODbL)"
a7b73185-eec1-4bdd-9115-85ca07298337,off,"Sugar cookie","Beagley Coppermsn",9501101530003,482,3.6,57.1,26.8,1.8,28.6,168,"[{""unit"":""serving"",""grams"":100,""description"":""100 g""},{""unit"":""g"",""grams"":1}]","Open Food Facts (ODbL)"
bf0c264a-5a33-4f0e-a2b6-8397aa2f88bd,off,"Super ring","Cheese flavor",9556023331597,570,6.7,46.7,43.3,6.7,10,633,"[{""unit"":""serving"",""grams"":30,""description"":""30 g""},{""unit"":""g"",""grams"":1}]","Open Food Facts (ODbL)"
f5ad6536-548f-49ec-b5ef-9ea5ea16ca91,off,"Miaow Chips Prawn Crackers","Miaow Miaow",9556345008573,430,5.3,76,11.7,3.3,7.7,1280,"[{""unit"":""serving"",""grams"":30,""description"":""30 g""},{""unit"":""g"",""grams"":1}]","Open Food Facts (ODbL)"
b6e8b8ff-251f-4a76-ba60-0551bc6f3a9b,off,"Almond Chocolate","Royal De Dolton",9556863110789,556,10,52.5,34,0,0,46,"[{""unit"":""serving"",""grams"":10,""description"":""10 g""},{""unit"":""g"",""grams"":1}]","Open Food Facts (ODbL)"
224aacd6-6271-4cf0-bd27-7ede4ae318c8,off,"Paper boat NaTa mixed berries","Paper boat",97276722,57,0,14.2,0,0,11.5,68,"[{""unit"":""serving"",""grams"":250,""description"":""250ml""},{""unit"":""g"",""grams"":1}]","Open Food Facts (ODbL)"
5bc08746-1c45-439f-9d23-11b726f390fa,off,"Pro-Pl Protein for Pregnancy & Lactation","PRO-PL",9909011145155,374,21,49,10,2,0,355,"[{""unit"":""serving"",""grams"":30,""description"":""30 g""},{""unit"":""g"",""grams"":1}]","Open Food Facts (ODbL)"
fb787646-aa51-4633-ae25-0289a4af2afb,off,"Ghee","Durga",9909415470174,899,0,0,99.8,0,0,90,"[{""unit"":""serving"",""grams"":100,""description"":""100g""},{""unit"":""g"",""grams"":1}]","Open Food Facts (ODbL)"