barcode,product_name,brand,quantity,serving_size,serving_g,energy_kcal_100g,protein_g_100g,fat_g_100g,carbs_g_100g,fibre_g_100g,sugars_g_100g,sodium_mg_100g,energy_kcal_serving,protein_g_serving,fat_g_serving,carbs_g_serving,categories,nutriscore,countries,last_modified,data_check,source
00001101,Organic Goat Feed - Mash,Inewa,,40.0g,40.0,471,5.8,25.0,55.0,1.5,24.0,,188,2.3,10.0,22.0,,UNKNOWN,en:germany;en:india;en:world,2026-03-26,ok,Open Food Facts (ODbL)
00001247,Shake Mix Vanilla Flavour,Herbalife,,100.0g,100.0,376,36.0,7.2,42.0,12.0,29.6,492,376,36.0,7.2,42.0,Dietary supplements,NOT-APPLICABLE,en:india;en:ireland,2026-02-20,ok,Open Food Facts (ODbL)
00001248,Chocolate + Vanila Powder,Blackbelt Protein,,676.0g,676.0,376,36.0,7.2,42.0,12.0,20.8,492,2542,243.4,48.7,283.9,Dietary supplements; Bodybuilding supplements; Protein powders,NOT-APPLICABLE,en:india;en:ireland,2026-04-02,ok,Open Food Facts (ODbL)
00001295,Feed Grade Soybeans,H‑E‑B,,318.0g,318.0,220,7.2,7.5,30.8,2.8,,,700,23.0,24.0,98.0,,UNKNOWN,en:india;en:ireland;en:world,2026-04-02,ok,Open Food Facts (ODbL)
00001569,Shakemate,Herbalife,,12.0g,12.0,382,83.0,3.0,4.0,0.0,0.0,33000,46,10.0,0.4,0.5,Dietary supplements;Bodybuilding supplements;Protein powders,NOT-APPLICABLE,en:india;en:ireland,2026-04-02,ok,Open Food Facts (ODbL)
0000590008622,Banana 5 pack,Best Farm,,,,90,1.1,0.2,19.7,2.7,15.6,2,,,,,Banana,A,en:india,2026-04-29,ok,Open Food Facts (ODbL)
0000590009543,Mango Sinduri,,,,,74,0.6,0.2,14.3,1.6,12.9,2,,,,,Plant-based foods and beverages;Plant-based foods;Fruits and vegetables based foods;Fruits based foods;Fruits;Tropical fruits;Mangoes,A,en:india,2026-04-29,ok,Open Food Facts (ODbL)
00009891,Millet House Malt,Millet House,500g,,,413,13.0,6.4,67.9,8.1,0.0,15400,,,,,beverage preparations,UNKNOWN,en:india,2026-03-09,ok,Open Food Facts (ODbL)
00015578,Rice Flour,Supreme Harvest,,,,355,7.6,2.5,73.9,3.3,0.9,2,,,,,Rice Flour,A,en:india,2026-04-24,ok,Open Food Facts (ODbL)
00024907,Teriyaki Dip Sauce Marinade,Marks & Spencer,305 g,,,170,2.0,0.3,39.4,0.8,33.9,1032,,,,,Condiments; Sauces; Barbecue sauces,E,en:india;en:united-kingdom,2026-03-27,ok,Open Food Facts (ODbL)
0004444444389,Ragi Squares,Eatrite,250 g,,,456,8.3,13.3,76.7,6.7,24.7,0,,,,,Plant-based foods and beverages;Plant-based foods;Breakfasts;Cereals and potatoes;Cereals and their products;Breakfast cereals,D,en:india,2026-03-30,ok,Open Food Facts (ODbL)
0004444444392,Corn flakes,Eatrite,500g,,,95,1.2,0.1,21.6,1.4,6.7,2,,,,,Corn flakes,B,en:india,2026-04-29,ok,Open Food Facts (ODbL)
00062621,Bhavnagri ghatiya,Tewaris,,,,316,8.0,16.0,35.0,,0.0,,,,,,salty snacks,UNKNOWN,en:india,2026-03-31,ok,Open Food Facts (ODbL)
0010024300270,Crunchy Casheu,Dry Fruit House,,28 g,28.0,589,17.9,42.9,32.1,,,,165,5.0,12.0,9.0,,UNKNOWN,en:india,2026-04-29,ok,Open Food Facts (ODbL)
0012345678905,Sphère plaisir,Alteña's Nopales,1,0.75 cup (50 g),50.0,340,8.0,0.0,80.0,3.0,0.0,0,170,4.0,0.0,40.0,Imbiss; Auf Fleisch basierende Lebensmittel; Salzige Snacks; Vorspeisen; Fleisch; Zubereitetes Fleisch; Beverages,C,en:france;en:germany;en:india;en:morocco;en:united-states,2026-02-27,ok,Open Food Facts (ODbL)
00150502,Eggs,Fresho,,,,140,12.7,9.8,0.3,0.0,0.3,124,,,,,Eggs,A,en:india,2026-04-29,ok,Open Food Facts (ODbL)
0016000122536,Cinnamon Toast Crunch Cereal,General Mills,,3/4 cup (31 g) (31 g),31.0,419,3.2,9.7,80.7,6.5,29.0,581,130,1.0,3.0,25.0,Plant-based foods and beverages; Plant-based foods; Breakfasts; Cereals and potatoes; Cereals and their products; Breakfast cereals; Extruded cereals,D,en:india;en:spain;en:united-states,2026-03-04,ok,Open Food Facts (ODbL)
0028400034227,Sea Salted Whole Cashews,Made In Nature,,1 package (70 g),70.0,607,14.3,42.9,27.1,2.9,4.3,500,425,10.0,30.0,19.0,Plant-based foods and beverages;Plant-based foods;Snacks;Nuts and their products;Nuts;Cashew nuts,D,en:india,2026-05-26,ok,Open Food Facts (ODbL)
0035988971028,Amul Cool KoKo,Amul,200ml,200mL,200.0,181,6.0,5.9,26.0,,25.2,72,362,12.0,11.8,52.0,Beverages and beverages preparations;Plant-based foods and beverages;Beverages;Dairies;Plant-based beverages;Dairy drinks;Fruit-based beverages;Fruit and milk beverages,E,en:india,2026-04-29,ok,Open Food Facts (ODbL)
0038000198915,Froot loops marshmallows,Kellogg's,10.5 oz (297 g),1 cup (29 g),29.0,379,3.4,3.4,89.7,6.9,41.4,480,110,1.0,1.0,26.0,Alimentos y bebidas de origen vegetal;Alimentos de origen vegetal;Desayunos;Cereales y patatas;Cereales y derivados;Cereales para el desayuno;en:Extruded cereals,E,en:india;en:spain;en:united-states,2026-03-04,ok,Open Food Facts (ODbL)
0048107238810,Pro Performance Power Protein Double Rich Chocolate,GNC,,1 scoop (30 g),30.0,291,50.0,2.0,18.3,,4.8,250,87,15.0,0.6,5.5,protein powder,NOT-APPLICABLE,en:india,2026-05-01,ok,Open Food Facts (ODbL)
0048107251130,Pro Performance - Cookies & Cream,GNC,,1 scoop (35 g),35.0,359,68.6,4.4,11.4,,4.6,275,126,24.0,1.5,4.0,,UNKNOWN,en:india,2026-04-23,ok,Open Food Facts (ODbL)
0074305001161,APPLE CIDER VINEGAR,BRAGG,473 ml,15 ml,15.0,0,0.0,0.0,0.5,0.0,0.0,0,0,0.0,0.0,0.1,Condiments;Sauces;Vinegars;Cider vinegars;Groceries,NOT-APPLICABLE,en:france;en:india;en:united-states;en:world,2026-05-25,ok,Open Food Facts (ODbL)
0089094022495,PROTEIN POWDER DRINK MIX,ISOPURE,,1 scoop (32 g),32.0,344,78.1,1.6,0.0,,,625,110,25.0,0.5,0.0,,UNKNOWN,en:india,2026-05-14,ok,Open Food Facts (ODbL)
0099071001498,Prostar 100% Whey Protein,Ultimate Nutrition,5 lbs,30g,30.0,400,83.3,3.3,6.7,0.0,3.3,133,120,25.0,1.0,2.0,Suplementos; Proteínas; Proteínas de suero,A,en:india,2026-04-12,ok,Open Food Facts (ODbL)
01416596,Original Peanut Butter Powder,MYPB,,1 portion (16 g),16.0,456,43.8,13.8,38.8,10.6,15.6,574,73,7.0,2.2,6.2,,UNKNOWN,en:india,2026-04-18,ok,Open Food Facts (ODbL)
0200449312355,Kolhapuri Cookies,Chakote,180,,,507,6.3,23.4,67.8,,19.0,213000,,,,,Snacks;Sweet snacks;Biscuits and cakes;Biscuits and crackers;Biscuits;Cookies,E,en:india,2026-02-21,ok,Open Food Facts (ODbL)
0552545625939,Bournville Cranberry,Cadbury,78g,20g,20.0,526,6.1,31.6,58.0,6.6,45.7,14,105,1.2,6.3,11.6,Snacks;Sweet snacks;Cocoa and its products;Confectioneries;Chocolate candies;Bars;Candy chocolate bars,E,en:india,2026-03-30,ok,Open Food Facts (ODbL)
0631656260281,NitroTech Whey Gold Double Rich Chocolate,MuscleTech,,33 g,33.0,379,72.7,5.2,11.5,1.2,5.2,424,125,24.0,1.7,3.8,,UNKNOWN,en:india,2026-04-27,ok,Open Food Facts (ODbL)
0641837433199,Protein Oats,Doctor's Choice,750g,50g,50.0,393,27.0,8.2,55.0,9.8,14.5,133,197,13.5,4.1,27.5,Plant-based foods and beverages;Plant-based foods;Breakfasts;Cereals and their products;Breakfast cereals;Rolled oats,C,en:india,2026-05-07,ok,Open Food Facts (ODbL)
0664648120256,LADDU,Daily Delight,454g,,,400,18.6,7.1,62.9,8.6,21.4,57,,,,,,UNKNOWN,en:france;en:india,2026-03-16,ok,Open Food Facts (ODbL)
0688397896989,Smoked Tofu,Health On Plants,200g,,,170,19.3,7.5,6.2,,,,,,,,tofu,UNKNOWN,en:india,2026-05-21,ok,Open Food Facts (ODbL)
0690225101103,India gate super Basmati rice 1.5 kg,KRBL limited,1.5 kg,100 g,100.0,344,6.7,0.5,77.0,0.0,0.2,105,344,6.7,0.5,77.0,Plant-based foods and beverages; Plant-based foods; Cereals and potatoes; Seeds; Cereals and their products; Cereal grains; Rices; Aromatic rices; Indica rices; Long grain rices; Basmati rices,UNKNOWN,en:france;en:india,2026-03-19,ok,Open Food Facts (ODbL)
0692058015732,Phool Makhana,Global Choice,200 g,28 g,28.0,90,4.0,1.0,18.0,0.0,0.0,1,25,1.1,0.3,5.0,Snacks,A,en:canada;en:india,2026-04-01,ok,Open Food Facts (ODbL)
0701098279094,Cheddar Cheeze Style Seasoning,URBAN PLATTER,100g,5g,5.0,310,1.3,1.5,70.2,0.0,16.0,8000,16,0.1,0.1,3.5,Beverages and beverages preparations;Plant-based foods and beverages;Plant-based foods;Condiments;Culinary plants;Herbs and spices;Aromatic plants;Beverage preparations;Herbal teas;Herbs;Savory,UNKNOWN,en:india,2026-04-05,ok,Open Food Facts (ODbL)
0721688884330,Beet root chips,Evolve,,100 g,100.0,513,4.8,26.6,63.7,,,,513,4.8,26.6,63.7,,UNKNOWN,en:india,2026-05-25,ok,Open Food Facts (ODbL)
0723172769406,Bombay Cutting Chai,Teabox,250g,,,39,1.3,0.9,4.9,3.4,0.7,7,,,,,Beverages and beverages preparations;Plant-based foods and beverages;Beverages;Hot beverages;Plant-based beverages;Teas;Black teas,B,en:india,2026-05-01,ok,Open Food Facts (ODbL)
0726529581058,Brown Bread,Star,,100 g,100.0,300,9.5,4.2,56.0,,6.9,175,300,9.5,4.2,56.0,,UNKNOWN,en:india,2026-05-06,ok,Open Food Facts (ODbL)
0726684791408,Frozen Espresso Shot,Zenma,,1 Pod (35 g),35.0,35,0.7,0.2,7.7,,0.0,15,12,0.2,0.1,2.7,,UNKNOWN,en:india,2026-04-05,ok,Open Food Facts (ODbL)
0731788160036,White Chocolate Peanut Butter,Fitfeast,,,,617,20.3,45.5,31.9,5.5,15.3,,,,,,,UNKNOWN,en:india,2026-05-15,ok,Open Food Facts (ODbL)
0731788981396,Almond Drink,AltCo,,100 ml (100 ml),100.0,67,1.0,5.0,3.0,,,,67,1.0,5.0,3.0,,UNKNOWN,en:india,2026-03-02,ok,Open Food Facts (ODbL)
0732940998436,Greek Yogurt Natural,Agàpi,,1 serving (100 g),100.0,76,9.3,2.0,5.2,,2.6,,76,9.3,2.0,5.2,Dairies;Fermented foods;Fermented milk products;Desserts;Dairy desserts;Fermented dairy desserts;Yogurts;Greek-style yogurts,UNKNOWN,en:india,2026-03-12,ok,Open Food Facts (ODbL)
0732940998467,Greek Yogurt Natural,Agapi,,1 portion (100 g),100.0,75,9.0,2.0,5.2,,5.2,33,75,9.0,2.0,5.2,,UNKNOWN,en:india,2026-05-14,ok,Open Food Facts (ODbL)
0735850873190,Mint And Chilli Tofu,SoyaRich,,100 g,100.0,128,17.5,3.0,7.7,,,43650,128,17.5,3.0,7.7,,UNKNOWN,en:india,2026-04-06,ok,Open Food Facts (ODbL)
0737628005000,Peanut Satay Sauce Medium Spicy,Asian Creations,227 mL,2 Tbsp (30 ml),30.0,267,3.3,16.7,23.3,0.0,16.7,733,80,1.0,5.0,7.0,Condiments; Sauces; Peanut sauces; Satay sauces,E,en:canada;en:india,2026-04-01,ok,Open Food Facts (ODbL)
0746935596262,Buffalo Curd,Sids Farm,400g,1 portion (100 g),100.0,81,3.5,5.0,5.4,,5.4,51,81,3.5,5.0,5.4,Curd,C,en:india,2026-03-12,ok,Open Food Facts (ODbL)
0746935596392,Butter Milk,Sid’s Farm,200ml,,,21,1.0,1.2,1.5,,1.2,270,,,,,buttermilk,C,en:india,2026-05-01,ok,Open Food Facts (ODbL)
0746935596408,Sweet Lassi,Sid's Farm,,1 portion (100 g),100.0,93,2.1,2.1,16.4,,12.0,40,93,2.1,2.1,16.4,,UNKNOWN,en:india,2026-03-15,ok,Open Food Facts (ODbL)
0748927026245,Gold standard 100% Whey Protein,Optimum nutrition,2 lb (909 g),1.0 scoop (32.0 g),32.0,406,75.0,6.2,9.4,,3.1,406,130,24.0,2.0,3.0,Dietary supplements; Bodybuilding supplements; Protein powders,NOT-APPLICABLE,en:france;en:india,2026-05-06,ok,Open Food Facts (ODbL)
0748927029864,100% Whey Protein Powder Drink Mix Strawberry Banana,Optimum Nutrition,5lb,2 scoop (60 g),60.0,400,80.0,5.0,6.7,,3.3,433,240,48.0,3.0,4.0,Dietary supplements; Bodybuilding supplements; Protein powders,NOT-APPLICABLE,en:india,2026-04-29,ok,Open Food Facts (ODbL)
0748927065725,Optimum nutrition whey protein,Optimum nutrition,907g,30.4g,30.4,385,78.9,3.3,9.9,0.0,3.3,164,117,24.0,1.0,3.0,Whey protein; en:bodybuilding-supplements,NOT-APPLICABLE,en:india,2026-04-26,ok,Open Food Facts (ODbL)
0748927066623,Micronized Creatine Powder,Optimum Nutrition,250g,1 scoop (5 g),5.0,0,0.0,0.0,0.0,,,,0,0.0,0.0,0.0,Dietary supplements; Bodybuilding supplements,NOT-APPLICABLE,en:india,2026-03-23,ok,Open Food Facts (ODbL)
0748927066715,Mass gainer,ON,,167 g,167.0,373,15.0,1.0,76.0,,,163,623,25.0,1.7,127.0,,UNKNOWN,en:india,2026-05-20,ok,Open Food Facts (ODbL)
0762497524413,Hot Sauce (Goan Tarvotti),Papa Patel's,unknown,1 portion (10 g),10.0,246,1.0,22.0,10.0,1.0,,730,25,0.1,2.2,1.0,,UNKNOWN,en:india,2026-04-17,ok,Open Food Facts (ODbL)
0763846998411,Classic Pizza Sauce,The Gourmet Jar,390g,80g,80.0,91,3.0,1.7,19.0,1.4,10.8,351,73,2.4,1.4,15.2,Pizza sauces;Tomato sauces for pizzas,UNKNOWN,en:india,2026-02-23,ok,Open Food Facts (ODbL)
0784927149447,toasted millet muesli dark chocolate and orange peel,monsoon harvest,250g,40 g,40.0,466,9.3,17.7,67.4,4.3,12.4,76,186,3.7,7.1,27.0,Toasted millet muesli,C,en:india,2026-04-21,ok,Open Food Facts (ODbL)
0786162002969,acai blueberry pomegranate nutrient enhanced water beverage,vitamin water,,1 bottle (591 g),591.0,0,0.0,0.0,0.0,,,,0,0.0,0.0,0.0,Beverages; Waters; Vitamin waters; en:artificially-sweetened-beverages,UNKNOWN,en:india;en:united-states,2026-04-20,ok,Open Food Facts (ODbL)
0793591862453,Kerala Banana Chips,Byond Snack,75gram,20 g,20.0,510,5.0,25.0,66.2,6.1,3.1,310,102,1.0,5.0,13.2,Snacks;Salty snacks;Appetizers;Chips and fries;Crisps;Banana crisps,D,en:india,2026-02-20,ok,Open Food Facts (ODbL)
0801541510047,Organic India Moringa Powder 100GM Free Shipping Usda Organic,,100 g,,,0,0.0,0.0,0.0,,0.0,0,,,,,,UNKNOWN,en:france;en:india,2026-03-19,ok,Open Food Facts (ODbL)
0810182790985,Prosupps Whey,Prosupps,,42 g,42.0,372,62.0,4.0,22.5,,,300,156,26.0,1.7,9.4,,UNKNOWN,en:india,2026-03-31,ok,Open Food Facts (ODbL)
0813210000018,Basa Fish,IFB,,,,48,8.1,1.1,1.5,,0.5,,,,,,,UNKNOWN,en:india,2026-05-21,ok,Open Food Facts (ODbL)
0831730007065,Dry Cake,Pran,350 g,100 g,100.0,420,0.0,21.0,60.0,0.4,25.0,5,420,0.0,21.0,60.0,Snacks; Snacks sucrés; Biscuits et gâteaux; Gâteaux,D,en:bangladesh;en:france;en:india,2026-03-13,ok,Open Food Facts (ODbL)
0834266007202,"SYNTHA-6 Ultra Premium Protein Matrix, Chocolate Milkshake",Bio-Engineered Supplements & Nutrition,2.27 kg,1 scoop (47 g),47.0,404,46.8,10.6,29.8,12.8,6.4,511,190,22.0,5.0,14.0,Dietary supplements; Bodybuilding supplements; Protein powders,NOT-APPLICABLE,en:france;en:india,2026-03-13,ok,Open Food Facts (ODbL)
0840205712915,Potata,Pran,25 g,25 g,25.0,456,8.0,14.8,72.8,,22.0,980,114,2.0,3.7,18.2,Snacks;Sweet snacks;Biscuits and cakes;Biscuits and crackers;Biscuits,E,en:india,2026-03-19,ok,Open Food Facts (ODbL)
0840222000149,LG Hing Powder (asafoetida),,50 g,,,348,10.1,1.6,73.3,,0.0,20,,,,,,UNKNOWN,en:france;en:india,2026-04-19,ok,Open Food Facts (ODbL)
0846203004878,Bakarwadi,Chitale,,10 g,10.0,544,9.0,36.0,49.0,,9.0,813,54,0.9,3.6,4.9,Food;Food Bakarwadi,E,en:germany;en:india,2026-03-26,ok,Open Food Facts (ODbL)
0846203081695,Bakarwadi,,500 g,500gm,500.0,106,1.4,6.8,9.4,,2.0,0,532,7.0,34.0,47.0,Food,B,en:france;en:india,2026-03-24,ok,Open Food Facts (ODbL)
0850006000012,Yaourt nature sucres U,Coca Cola,1.0 unit,375 ml (375 ml),375.0,80,3.0,3.3,9.6,,9.6,40,300,11.2,12.4,36.0,Produits laitiers;Produits fermentés;Produits laitiers fermentés;Desserts;Desserts lactés;Desserts lactés fermentés;Yaourts;Desserts lactés fermentés nature;Yaourts natures;Yaourts entiers;yaourt natu,C,en:france;en:india,2026-05-18,ok,Open Food Facts (ODbL)
0850041152776,ProteinX Bar,Bolt Nutrition,63g,1 portion (63 g),63.0,415,32.2,15.5,46.5,7.0,21.6,42,261,20.3,9.8,29.3,Protein bars,NOT-APPLICABLE,en:india,2026-03-24,ok,Open Food Facts (ODbL)
0856023006341,Sun-dried Tomatoes,Abbie’s,,10 g,10.0,300,0.0,20.0,20.0,0.0,10.0,1800,30,0.0,2.0,2.0,,UNKNOWN,en:india,2026-03-20,ok,Open Food Facts (ODbL)
0859072007437,Isopro Whey Rich Chocolate,Isopro,,1 scoop (34 g),34.0,353,79.4,1.5,2.9,0.0,0.0,265,120,27.0,0.5,1.0,,UNKNOWN,en:india,2026-03-18,ok,Open Food Facts (ODbL)
08704122,Active Energy,Active Energy,,230 g,230.0,75,8.7,0.5,9.0,,,,172,20.0,1.1,20.7,,UNKNOWN,en:india,2026-03-13,ok,Open Food Facts (ODbL)
0890150002678,Barramundi,The Better Fish,113g,1 piece (113 g),113.0,88,18.6,1.3,0.0,0.0,0.0,31,100,21.0,1.5,0.0,Seafood;Fishes and their products;Fishes;Lean fishes;ocean farmed fish,A,en:india,2026-03-06,ok,Open Food Facts (ODbL)
0890282001433,Lemon almond bar,Step one,,1 serving (41 g),41.0,170,4.0,8.0,21.0,5.0,15.0,,70,1.6,3.3,8.6,,UNKNOWN,en:india,2026-05-10,ok,Open Food Facts (ODbL)
0890497000412,Naan rounds original,Stone Fire,360 g,60,,337,6.1,12.9,46.7,4.1,7.2,307,,,,,en:biscuits-and-crackers;en:crackers-breakfast,C,en:canada;en:india,2026-04-01,ok,Open Food Facts (ODbL)
0903192230432,5:15pm Pistachio Kunafa Cholotate,,,,,540,5.0,31.0,54.5,1.5,53.2,10,,,,,Chocolate bars,UNKNOWN,en:india,2026-04-06,ok,Open Food Facts (ODbL)
09141209,Bourn Vita 500Gram Pauch,Cadbury,,23.6 g,23.6,284,5.1,0.4,59.3,17.8,35.2,17,67,1.2,0.1,14.0,chocolate powder,UNKNOWN,en:bulgaria;en:india;en:morocco;en:romania;en:united-kingdom;en:united-states,2026-04-10,ok,Open Food Facts (ODbL)
0944242985087,Campa Lemon Flavoured,Campa,1L,200ml,200.0,46,0.0,0.0,11.5,,11.5,5,92,0.0,0.0,23.0,Carbonated fruit soft drink,E,en:india,2026-04-17,ok,Open Food Facts (ODbL)
0944452551195,mawa kulfi icecream,Dinshaw's,,,,187,4.6,6.8,26.8,0.0,16.6,59,,,,,ice cream;Desserts,C,en:india,2026-04-10,ok,Open Food Facts (ODbL)
0946455040003,Organic Whole Wheat Flour,Organic Tattva,5 kg,60 g,60.0,400,18.0,1.8,77.2,11.9,5.3,6,240,10.8,1.1,46.3,Plant-based foods and beverages;Plant-based foods;Flours,A,en:india,2026-04-30,ok,Open Food Facts (ODbL)
0946497599453,Reload Orange Rush,Fast and Up,,1 portion (100 ml),100.0,3,0.1,0.0,0.7,,,72,3,0.1,0.0,0.7,,UNKNOWN,en:india,2026-04-21,ok,Open Food Facts (ODbL)
0962941232165,Raw peanut,Good Life,,,,610,22.8,49.1,14.8,8.6,5.9,9,,,,,Peanuts,A,en:india,2026-04-05,ok,Open Food Facts (ODbL)
10822926,Skyr High Protein Plain Yoghurt,Milky Mist,,100 gram,100.0,95,11.0,1.5,9.5,,9.5,144,95,11.0,1.5,9.5,Dairies;Fermented foods;Fermented milk products;Desserts;Dairy desserts;Fermented dairy desserts;Yogurts,A,en:india,2026-05-21,ok,Open Food Facts (ODbL)
12111202,Minis Mix Eggs,Cadbury,,,,516,5.8,27.0,61.0,1.9,59.0,,,,,,,UNKNOWN,en:india;en:morocco;en:united-kingdom,2026-04-08,ok,Open Food Facts (ODbL)
12345678,dsdsds,bfgfg,0.33l,13 CHIPS | ABOUT (28 g),28.0,536,7.1,32.1,57.1,3.6,3.6,964,150,2.0,9.0,16.0,Beverages and beverages preparations; Beverages,E,en:france;en:germany;en:india;en:united-states,2026-03-18,ok,Open Food Facts (ODbL)
1234567890128,Chocolat en poudre,Munch,2pcs,450 g,450.0,116,11.1,3.1,11.1,,,,520,50.0,14.0,50.0,Boissons et préparations de boissons; Boissons; Petit-déjeuners; Cacao et dérivés; Préparations pour boissons; Cacaos et chocolats en poudre; Boissons instantanées; Chocolats en poudre,UNKNOWN,en:france;en:germany;en:india;en:morocco;en:spain;en:united-states,2026-05-02,ok,Open Food Facts (ODbL)
1491313192001,Mango juice,Fresh Squeeze,,,,54,0.0,0.0,13.0,1.0,13.0,0,,,,,Beverages,E,en:india,2026-05-25,ok,Open Food Facts (ODbL)
19060477,Butter Chakli,Charliee,105g,1 tbsp (20 g),20.0,100,0.0,7.5,10.0,5.0,5.0,3550,20,0.0,1.5,2.0,Snacks,D,en:india,2026-03-01,ok,Open Food Facts (ODbL)
2000000146145,"Jambon braisé, lentilles",Foodles,400 g,400 g,400.0,145,12.3,3.1,13.9,5.1,1.3,564,580,49.2,12.4,55.8,Plats préparés; Frais; Plats préparés frais,B,en:belgium;en:france;en:india,2026-03-26,ok,Open Food Facts (ODbL)
2000000148087,Pecan & almond grain-free granola,The Paleo Foods Co,285 g,40 g,40.0,635,15.2,53.0,19.8,11.2,9.2,20,254,6.1,21.2,7.9,Plant-based foods and beverages; Plant-based foods; Breakfasts; Cereals and potatoes; Cereals and their products; Breakfast cereals; Mueslis,A,en:india;en:united-kingdom,2026-03-27,ok,Open Food Facts (ODbL)
2000000157839,Jolliz Namkeen Masala Chips,Anand,,25g,25.0,533,4.4,31.0,57.8,2.8,3.3,215,133,1.1,7.8,14.4,Namkeen,D,en:india;en:united-arab-emirates,2026-05-09,ok,Open Food Facts (ODbL)
23234545,Cheeku,Cheeku,500g,,,308,0.8,0.0,76.1,0.0,76.1,12,,,,,Cheeku,D,en:india,2026-03-09,ok,Open Food Facts (ODbL)
3017620425035,Nutella,nutella,1 kg,15 g,15.0,539,6.3,30.9,57.5,,56.3,43,81,0.9,4.6,8.6,en:petit-dejeuners;en:produits-a-tartiner;en:produits-a-tartiner-sucres;en:pates-a-tartiner-au-chocolat;en:pates-a-tartiner-aux-noisettes;en:pates-a-tartiner-aux-noisettes-et-au-cacao,E,en:algeria;en:belgium;en:bulgaria;en:france;en:germany;en:guadeloupe;en:india;en:italy;en:luxembourg,2026-05-05,ok,Open Food Facts (ODbL)
3017932033003,Amul butter scotch ice cream,,,100,,251,4.1,14.1,26.0,0.0,22.6,46,,,,,Ice cream in a box,D,en:india,2026-03-28,ok,Open Food Facts (ODbL)
3046920028004,Lindt Excellence 70% Cocoa,Lindt,100 g,25g,25.0,562,9.0,41.0,34.0,0.0,30.0,81,140,2.2,10.2,8.5,Snacks; Sweet snacks; Cocoa and its products; Chocolates; Chocolates negros; en:dark-chocolates,E,en:australia;en:belgium;en:bulgaria;en:canada;en:czech-republic;en:denmark;en:estonia;en:france;en:g,2026-05-25,ok,Open Food Facts (ODbL)
3052910041069,Honeycomb Syrup,Monin,,1 Portion (15 ml),15.0,323,0.0,0.0,79.3,,79.3,12,48,0.0,0.0,11.9,,UNKNOWN,en:india,2026-05-19,ok,Open Food Facts (ODbL)
3073781051872,Queso,picon,,,,268,10.0,23.0,6.0,,6.0,260,,,,,Dairies; Fermented foods; Fermented milk products; Spreads; Cheeses; Salted spreads; Cheese spreads,D,en:india;en:spain,2026-03-27,ok,Open Food Facts (ODbL)
3154230805458,HERTA TARTE EN OR Pâte Feuilletée LOT 2+1 OFFERTE,HERTA,690 g,38 g,38.0,383,6.5,20.0,42.0,1.4,1.9,480,146,2.5,7.6,16.0,Plant-based foods and beverages; Plant-based foods; Cereals and potatoes; Meals; Cereals and their products; Pizzas pies and quiches; Cooking helpers; Pie dough; Salted pies; Baking Mixes; Frozen baki,D,en:france;en:india,2026-03-16,ok,Open Food Facts (ODbL)
3168930007432,Chips barbecue,Lay's,130 g,30g,30.0,532,6.4,32.0,52.0,4.4,2.8,520,160,1.9,9.6,15.6,Plant-based foods and beverages; Dairies; Plant-based foods; Snacks; Cereals and potatoes; Salty snacks; Sweet snacks; Appetizers; Chips and fries; Confectioneries; Crisps; Potato crisps; Candies; Fla,D,en:belgium;en:france;en:india,2026-03-13,ok,Open Food Facts (ODbL)
3281780055511,Pierre Martinet Mon taboulé a poulet à la ciboulette la barquette de 300 g,Pierre MARTINET,,,,160,5.4,5.7,21.0,0.0,3.3,380,,,,,Plats préparés; Taboulés,C,en:france;en:india,2026-03-24,ok,Open Food Facts (ODbL)
3297387000137,Achard legumes,Royal Bourbon,200 g,,,106,1.1,9.0,3.7,,1.7,212,,,,,Aliments et boissons à base de végétaux; Aliments d'origine végétale; Conserves; Aliments à base de fruits et de légumes; Aliments à base de plantes en conserve; Pickles; Légumes et dérivés; Légumes e,A,en:france;en:india;en:reunion;fr:france-la-reunion,2026-03-19,ok,Open Food Facts (ODbL)
3336590080045,Huile D'olive  Vierge extra,Cauvin,1 l,,,900,0.0,100.0,0.0,,0.0,0,,,,,Plant-based foods and beverages;Plant-based foods;Fats;Vegetable fats;Olive tree products;Vegetable oils;Olive oils;Extra-virgin olive oils;Virgin olive oils,B,en:france;en:india,2026-03-13,ok,Open Food Facts (ODbL)
3379140002890,Lijjat Papad,Lijjat,,,,326,20.9,0.6,59.0,,0.0,556,,,,,Plant-based foods and beverages;Plant-based foods;Cereals and potatoes;Breads;Flatbreads;Special breads;Papadum,C,en:france;en:india,2026-03-03,ok,Open Food Facts (ODbL)
3394610000404,Rillettes de saumon,Le Père Eugène,,,,203,13.6,15.6,1.7,,1.1,320,,,,,Produits de la mer; Poissons et dérivés; Poissons; Viandes et dérivés; Produits à tartiner; Viandes; Charcuteries; Produits à tartiner salés; Rillettes; Préparations de poisson; Rillettes de poissons;,D,en:france;en:india,2026-03-20,ok,Open Food Facts (ODbL)
3564706633872,Torti surimi,Menu Fraîcheur,500g,,,207,3.3,14.0,16.0,1.8,1.3,312,,,,,Snacks; Salty snacks; Appetizers; en:pasta-salads,D,en:france;en:india,2026-03-17,ok,Open Food Facts (ODbL)
3596710496037,Feuilletée,Auchan,0.46 kg,,,398,5.7,22.0,39.0,1.4,1.2,352,,,,,en:puff-pastry-sheets; Aides culinaires; en:Refrigerated cooking helpers,D,en:france;en:india;en:world,2026-03-26,ok,Open Food Facts (ODbL)
3599741005421,Frites croustillant bistro express,Findus,130g,130g,130.0,204,3.2,7.8,29.0,2.4,0.5,19,265,4.2,10.1,37.7,Surgelés; Pommes de terre normales préfrites surgelées; Frites surgelées micro-ondables,UNKNOWN,en:france;en:india,2026-03-14,ok,Open Food Facts (ODbL)
3700009272466,Taboulé à l'orientale,,250 g,,,204,4.3,9.3,25.0,,3.8,480,,,,,Meals; Savory semolina dishes; Tabbouleh; Eastern tabbouleh,C,en:france;en:india,2026-03-17,ok,Open Food Facts (ODbL)
3948063032453,Treat Croissant Vanilla,Britannia,48.5g,45g (approx. 1 Croissant),45.0,465,6.4,27.2,48.7,,21.6,183,209,2.9,12.2,21.9,Biscuits and cakes;Snacks;Snacks variety packs;Cakes,E,en:india,2026-04-17,ok,Open Food Facts (ODbL)
3948262153423,High Protein Milk,Amul,,1 portion (250 ml),250.0,90,14.0,0.2,8.0,,8.0,23,225,35.0,0.5,20.0,Milk,D,en:india,2026-05-16,ok,Open Food Facts (ODbL)
3948262180115,Amul Malai Paneer,Amul,,1 portion (50 g),50.0,312,20.0,24.0,4.0,,4.0,24,156,10.0,12.0,2.0,,UNKNOWN,en:india,2026-02-28,ok,Open Food Facts (ODbL)
3948719105913,Hide and seek,Parle platina,120 gm,16.5,,480,5.8,18.3,73.1,,32.6,114,,,,,Snacks; Sweet snacks; Biscuits and cakes; Biscuits and crackers; Biscuits; Dry biscuits; Food; en:chocolate-biscuits,E,en:india,2026-03-28,ok,Open Food Facts (ODbL)
3948764011252,CocaCola,Coca Cola,,100 ml,100.0,44,0.0,0.0,10.9,,10.6,8,44,0.0,0.0,10.9,Beverages and beverages preparations; Beverages; Sweetened beverages; en:colas,E,en:india,2026-03-21,ok,Open Food Facts (ODbL)
3948764012273,Coca cola Soft Drink 750ml,Coca cola,750ml,200 ml,200.0,44,0.0,0.0,10.9,,10.6,8,88,0.0,0.0,21.8,Beverages; Carbonated drinks; Sodas; Colas; Cola with sugar and artificial sweetener; en:sweetened-beverages,E,en:india,2026-05-10,ok,Open Food Facts (ODbL)
3948764012914,Cocacola zero,Cocacola,250 ml,400 ml,400.0,44,0.0,0.0,10.9,0.0,10.6,8,176,0.0,0.0,43.6,Beverages; Carbonated drinks; Artificially sweetened beverages; Sodas; Diet beverages; Colas; Diet sodas; Diet cola soft drink; en:sweetened-beverages,E,en:india,2026-03-13,ok,Open Food Facts (ODbL)
3948764032707,Sprite,Coca-Cola Company,740ml,740 ml,740.0,40,0.0,0.0,10.0,0.0,9.8,14,296,0.0,0.0,74.0,Beverages and beverages preparations; Beverages; Carbonated drinks; Waters; Sodas; Carbonated waters; en:sweetened-beverages,E,en:india,2026-04-22,ok,Open Food Facts (ODbL)
3948764041259,Thumbs Up (Indian coke),Coca Cola Company,,1 can (300 ml),300.0,126,0.0,0.0,31.8,0.0,31.2,0,378,0.0,0.0,95.4,en:sodas,E,en:india;en:united-kingdom,2026-04-11,ok,Open Food Facts (ODbL)
3948764042270,Thumbs Up 750ml pet,Thumps up,750ml,200 ml,200.0,39,0.0,0.0,9.7,0.0,9.5,22,78,0.0,0.0,19.4,Beverages; Carbonated drinks; Sodas,E,en:india,2026-03-21,ok,Open Food Facts (ODbL)
3948764042904,Thumbs Up,,,,,42,0.0,0.0,10.6,,10.4,1,,,,,Thumms up; en:sodas,E,en:india,2026-03-07,ok,Open Food Facts (ODbL)
3948764042911,thums up,thumsup,250ml,,,39,0.0,0.0,9.7,0.0,9.5,22,,,,,Boissons et préparations de boissons;Boissons;Boissons gazeuses;Sodas;Sodas au cola;Boissons avec sucre ajouté,E,en:india,2026-03-27,ok,Open Food Facts (ODbL)
3948764092206,Maaza,,,,,74,0.6,0.2,14.3,1.6,12.9,2,,,,,en:sweetened-beverages,E,en:india,2026-05-02,ok,Open Food Facts (ODbL)
3948764092800,maaza,coco-cola,200ml,,,50,0.0,0.0,12.5,0.0,12.3,0,,,,,Cool drink; en:sweetened-beverages,E,en:india,2026-02-22,ok,Open Food Facts (ODbL)
4000417224002,Ritter Sport Noir Noisettes Entières,Ritter Sport,100 g,25 g,25.0,577,8.2,40.0,40.0,1.2,37.0,5,144,2.0,10.0,10.0,Snacks; Snacks sucrés; Cacao et dérivés; Chocolats; Chocolats noirs; Chocolats aux noisettes; Chocolats noirs aux noisettes,E,en:denmark;en:france;en:germany;en:india;en:morocco,2026-04-27,ok,Open Food Facts (ODbL)
4008400351926,Hanuta Minis,Ferrero,1pcs,1 piece (11 g),11.0,542,7.6,31.9,54.0,,42.6,172,60,0.8,3.5,5.9,Snacks; Sweet snacks; Biscuits and cakes; Biscuits and crackers; Biscuits; Wafers; Stuffed wafers; en:pastries,E,en:germany;en:india;en:italy;en:malaysia,2026-05-23,ok,Open Food Facts (ODbL)
4019041001057,Roasted Chana with skin,Schani,800g,100g,100.0,210,14.0,2.0,34.0,0.0,0.0,8,210,14.0,2.0,34.0,Salty roasted chickpeas,A,en:india,2026-02-27,ok,Open Food Facts (ODbL)
4056489797869,Destinato Tè Nero,,"43,75g",,,1,0.0,0.0,0.3,0.0,0.0,3,,,,,Beverages and beverages preparations; Plant-based foods and beverages; Beverages; Hot beverages; Plant-based beverages; Teas; it:Te-deteinato; en:black-teas,B,en:india,2026-05-04,ok,Open Food Facts (ODbL)
4088600023700,Handmade Chocolate Orange Honeycomb,Aldi,250g,63g,63.0,447,2.6,12.0,81.0,0.7,64.0,212,282,1.6,7.6,51.0,Snacks; Sweet snacks; Cocoa and its products; Confectioneries; Chocolate candies,E,en:india;en:united-kingdom,2026-03-27,ok,Open Food Facts (ODbL)
4250350550861,Whey Protein,Body Attack,2000g,30g,30.0,394,73.0,7.3,7.0,,4.0,132,118,21.9,2.2,2.1,Milchprodukte;Molkenpulver,B,en:india,2026-05-07,ok,Open Food Facts (ODbL)
4897036691427,Monster Energy Drink 350ml,Monster,5,350 ml,350.0,48,0.0,0.0,12.0,,11.1,77,167,0.0,0.0,42.0,Beverages; Energy drinks; en:sweetened-beverages,E,en:india,2026-04-01,ok,Open Food Facts (ODbL)
4897036692455,Monster Energy Ultra,Monster,350ml,350ml,350.0,3,0.0,0.0,1.4,,0.0,79,9,0.0,0.0,4.8,Caff; en:energy-drinks,C,en:india;en:united-states,2026-04-01,ok,Open Food Facts (ODbL)
4897036695678,Monster Energy Pipeline Punch,Monster Energy,350ml,350ml,350.0,36,0.0,0.0,8.9,,8.9,15,126,0.0,0.0,31.0,Energy drink with sugar;Energy drinks,E,en:india,2026-04-01,ok,Open Food Facts (ODbL)
4897036696040,"Predator Energy, Gold Strike",Monster Energy,,250 ml,250.0,24,0.0,0.0,6.0,,5.6,41,61,0.0,0.0,15.0,,UNKNOWN,en:india,2026-05-07,ok,Open Food Facts (ODbL)
4901472017793,Maggi 2-minute noodles,Maggi,450g,,,384,8.2,12.5,59.6,,1.8,1000,,,,,Noodles;Instant noodles,UNKNOWN,en:india,2026-04-04,ok,Open Food Facts (ODbL)
4906424418420,Cream bell java coffee Milk shake,Cream bell,180ml,100,,84,3.4,1.6,14.0,,13.8,50,,,,,Beverages and beverages preparations;Beverages,E,en:india,2026-05-24,ok,Open Food Facts (ODbL)
4906444890404,Lemon Cranberry Protein Bar,Whole the Truth,,52 g,52.0,487,24.0,25.0,41.0,6.7,24.8,27,253,12.5,13.0,21.3,,UNKNOWN,en:india,2026-03-18,ok,Open Food Facts (ODbL)
4906459635090,Greek Yogurt blueberry,Epigamia,,85 g,85.0,94,6.5,1.9,12.9,,12.9,52,80,5.5,1.6,11.0,,UNKNOWN,en:india,2026-04-15,ok,Open Food Facts (ODbL)
4908419757941,Death by chocolate Guilt free icecream cone,Go Zero,120ml,120ml,120.0,132,2.4,7.3,21.8,3.1,4.8,26,159,2.9,8.8,26.1,Ice cream cone;Chocolate ice cream;Death by chocolate,C,en:india,2026-05-15,ok,Open Food Facts (ODbL)
4908430809612,Sweet Chilli Supergrain Puffs,Klaw,,25 g,25.0,514,18.0,26.0,52.0,5.0,3.0,500,128,4.5,6.5,13.0,,UNKNOWN,en:india,2026-03-12,ok,Open Food Facts (ODbL)
5000159567435,Bounty Coconut Bar,Bounty M,,1 bar (100 g),100.0,487,3.8,25.7,61.0,,48.0,103,487,3.8,25.7,61.0,Snacks; Sweet snacks; Cocoa and its products; Confectioneries; Chocolate candies; en:bars,UNKNOWN,en:france;en:india,2026-04-26,ok,Open Food Facts (ODbL)
5000171010025,Wild Pacific Red Salmon,John West,210 g,100 g,100.0,151,20.4,7.8,0.0,,0.0,360,151,20.4,7.8,0.0,Seafood;Fishes and their products;Canned foods;Fishes;Fatty fishes;Canned fishes;Salmons;Canned salmons,A,en:australia;en:france;en:india;en:morocco;en:new-zealand;en:united-kingdom,2026-04-07,ok,Open Food Facts (ODbL)
5000232192202,FOOD,Princes,125 g,90g,90.0,217,19.7,21.3,0.1,0.0,0.1,260,195,17.7,19.2,0.1,Seafood; Canned foods; Fishes; Fatty fishes; Canned fishes; Fish fillets; Mackerels; Mackerel fillets; Tinned Mackerels,B,en:france;en:india;en:morocco;en:united-kingdom,2026-03-14,ok,Open Food Facts (ODbL)
5000295155343,Matured For 36 Months Reserve Cheddar Cheese,Davidstow,,1 block (200 g),200.0,416,25.4,34.9,0.1,,0.1,708,832,50.8,69.8,0.2,,UNKNOWN,en:india,2026-04-24,ok,Open Food Facts (ODbL)
5000354908248,Original Custard powder,Bird's,350 g,164g,164.0,83,3.1,1.5,14.2,0.3,9.5,61,136,5.1,2.5,23.3,Dairies;Condiments;Cooking helpers;Sauces;Dessert mixes;Dessert sauces;Custards and pastry creams;Custard powder,B,en:france;en:germany;en:india;en:united-kingdom,2026-03-21,ok,Open Food Facts (ODbL)
5010338001049,Tom Yum Culinary Paste,Blue Dragon,,,,266,1.9,18.3,22.8,,16.0,2908,,,,,,UNKNOWN,en:india,2026-03-01,ok,Open Food Facts (ODbL)
5013531997416,Tamarind & date sauce,Natco,340g,100g,100.0,136,1.4,0.0,32.1,0.0,24.3,680,136,1.4,0.0,32.1,Condiments; Sauces; en:fruit-chutneys,D,en:france;en:india;en:united-kingdom,2026-03-24,ok,Open Food Facts (ODbL)
5020411121182,Nutella & Go!,Nutella,48 g,48 g,48.0,509,7.4,25.0,62.0,,42.3,274,244,3.6,12.0,29.8,Snacks; Breakfasts; Spreads; Sweet snacks; Sweet spreads; fr:Pâtes à tartiner; Hazelnut spreads; Chocolate spreads; en:cocoa-and-hazelnuts-spreads,E,en:india;en:united-kingdom,2026-03-27,ok,Open Food Facts (ODbL)
5056185786920,MyProtein Micellar Casein Protein Chocolate Flavour,MyProtein,,1 scoop (30 g),30.0,360,73.3,2.7,10.0,,2.7,264,108,22.0,0.8,3.0,,UNKNOWN,en:india,2026-04-27,ok,Open Food Facts (ODbL)
5056307356178,Clear Whey Isolate Peach,MyProtein,,1 portion (24 g),24.0,344,83.4,0.1,2.2,,0.1,44,83,20.0,0.0,0.5,,UNKNOWN,en:india,2026-04-29,ok,Open Food Facts (ODbL)
5056307363268,Cookies & Cream Protein Powder,Myprotein,,25 g,25.0,408,79.0,7.2,7.0,2.0,6.9,96,102,19.8,1.8,1.8,,UNKNOWN,en:india,2026-05-26,ok,Open Food Facts (ODbL)
5056517322048,Butter Chicken,Cook,,1 portion (310 g),310.0,128,11.9,5.9,6.0,1.7,4.9,287,397,36.9,18.3,18.6,,UNKNOWN,en:india,2026-05-06,ok,Open Food Facts (ODbL)
5059883304632,Impact Bar Fudge Brownie,MyProtein,,64 g,64.0,364,31.2,13.3,31.2,13.4,3.0,160,233,20.0,8.5,20.0,,UNKNOWN,en:india,2026-03-01,ok,Open Food Facts (ODbL)
5059883483894,Clear Watermelon Daquiri,Myprotein,,1 portion (26 g),26.0,339,76.6,0.2,7.4,0.3,1.6,40,88,19.9,0.1,1.9,,UNKNOWN,en:india,2026-05-19,ok,Open Food Facts (ODbL)
5059883483900,Clear Whey Mocktail - Aam Panna Margarita,MyProtein,,1 Scoop (26 g),26.0,334,76.8,0.2,5.6,0.9,0.6,600,87,20.0,0.1,1.5,,UNKNOWN,en:india,2026-05-21,ok,Open Food Facts (ODbL)
5059883500720,Hyrox-The ElectroPower (Pina Colada),MyProtein,,1 Scoop (14 g),14.0,94,0.1,0.1,22.6,8.8,3.6,1793,13,0.0,0.0,3.2,,UNKNOWN,en:india,2026-05-21,ok,Open Food Facts (ODbL)
5060141280711,Whortleberry Jam,Waterhouse Fayre,,1 serving (100 g),100.0,281,0.0,0.2,72.0,2.0,68.0,20,281,0.0,0.2,72.0,,UNKNOWN,en:india,2026-04-25,ok,Open Food Facts (ODbL)
5060250610058,Kabuto Noodles Chicken Ramen,Kabuto,,100,,64,2.6,0.0,13.1,0.7,2.0,360,,,,,Plant-based foods and beverages; Plant-based foods; Cereals and potatoes; Cereals and their products; Dried products; Dried products to be rehydrated; Noodles; Instant noodles,UNKNOWN,en:france;en:india,2026-03-13,ok,Open Food Facts (ODbL)
5060746519124,"Impact Whey Protein, Caramel Brownie",Myprotein,,30 g,30.0,367,64.4,6.6,10.0,,4.3,308,110,19.3,2.0,3.0,,UNKNOWN,en:india,2026-05-22,ok,Open Food Facts (ODbL)
5065024144029,SAP 40,SAP,,1 portion (40 g),40.0,160,0.0,0.0,40.0,,,,64,0.0,0.0,16.0,,UNKNOWN,en:india,2026-05-08,ok,Open Food Facts (ODbL)
5400119019149,Creme fraiche,Delhaize,250 ml,,,215,2.3,20.2,5.1,0.3,3.2,40,,,,,Produits laitiers; Crèmes; Crèmes fraîches,D,en:belgium;en:france;en:india,2026-03-17,ok,Open Food Facts (ODbL)
5400119587587,Schalottes,Delhaize,,1 portion (100 g),100.0,85,2.5,0.1,17.0,3.2,,12,85,2.5,0.1,17.0,,UNKNOWN,en:india,2026-03-09,ok,Open Food Facts (ODbL)
5400141138863,Mélange de bonbons,Boni,600 g,,,319,5.8,0.2,73.4,,51.8,20,,,,,Snacks; Snacks sucrés; Confiseries; Bonbons; Bonbons gélifiés,E,en:belgium;en:india,2026-03-31,ok,Open Food Facts (ODbL)
5400141297171,Noix de cajou nature,Boni,250 g,30 g,30.0,581,18.0,44.0,27.0,3.3,5.9,12,174,5.4,13.2,8.1,Aliments et boissons à base de végétaux; Aliments d'origine végétale; Fruits à coques et dérivés; Fruits à coques; Noix de cajou,B,en:belgium;en:india,2026-03-31,ok,Open Food Facts (ODbL)
5410056186699,Royco Minutesoep X3 Groenten Supreme,Royco,,200g,200.0,36,0.6,1.6,4.4,,0.6,340,72,1.2,3.2,8.8,,UNKNOWN,en:belgium;en:france;en:india,2026-03-17,ok,Open Food Facts (ODbL)
5410942104158,Passendale classic,Passendale,190g (5*38g),,,353,23.0,29.0,0.0,0.0,0.0,600,,,,,Dairies; Fermented foods; Fermented milk products; Cheeses; Cow cheeses; Belgian cheeses; Abbaye cheeses; en:sliced-cheeses,D,en:belgium;en:france;en:india,2026-02-23,ok,Open Food Facts (ODbL)
5411788046442,Tamari soya sauce,Lima,1 l,,,96,12.0,0.0,5.3,0.9,1.7,4120,,,,,Condiments; Sauces; Sauces au soja; Tamaris; en:groceries,E,en:france;en:india,2026-03-18,ok,Open Food Facts (ODbL)
5425024150107,Caulier Tripel 33 CL Fles,,33 cl,,,1,0.0,0.5,0.5,,0.0,4,,,,,Boissons; Boissons alcoolisées; Bières; Bières fortes,NOT-APPLICABLE,en:france;en:india,2026-03-14,ok,Open Food Facts (ODbL)
5430446645063,Protein Spaghetti,Urban Platter,,50 g,50.0,336,21.4,2.1,62.3,9.1,0.0,2,168,10.7,1.1,31.1,,UNKNOWN,en:india,2026-03-04,ok,Open Food Facts (ODbL)
5449000000996,Coke Original Taste,Coca-Cola,33 cl,1 Can (330 ml),330.0,42,0.0,0.0,10.6,,10.6,0,139,0.0,0.0,35.0,Beverages and beverages preparations;Beverages;Carbonated drinks;Sodas;Colas;pt:bebidas cafeína,E,en:albania;en:austria;en:belgium;en:bulgaria;en:canada;en:czech-republic;en:france;en:georgia;en:ger,2026-05-25,ok,Open Food Facts (ODbL)
5449000043382,Cocacola original taste,Coca Cola,355 ml,,,42,0.0,0.0,10.6,,0.0,8,,,,,Beverages and beverages preparations; Beverages; Carbonated drinks; Sodas; Colas; en:artificially-sweetened-beverages,B,en:india;en:spain;en:united-arab-emirates,2026-03-15,ok,Open Food Facts (ODbL)
54491496,Diet Coke,Coke,500 ml,1 serving (250 g),250.0,0,0.0,0.0,0.0,,,0,1,0.0,0.0,0.0,Beverages; Carbonated drinks; Artificially sweetened beverages; Sodas; Diet beverages; Colas; Diet sodas; Unsweetened beverages; Diet cola soft drink; Sweetened beverages,C,en:france;en:india;en:united-kingdom,2026-04-20,ok,Open Food Facts (ODbL)
5604260227174,Bolacha Manteiga Belgas,Chabrior,250 g,,,478,7.1,17.6,72.2,0.0,32.1,240,,,,,Snacks; Snacks sucrés; Biscuits et gâteaux; Biscuits,E,en:france;en:india,2026-03-23,ok,Open Food Facts (ODbL)
5907256003067,Special Potato Chiwda,LaxmiNarayan,400 g,25 g,25.0,565,9.6,44.1,37.9,5.4,17.9,444,141,2.4,11.0,9.5,Snacks,E,en:india;en:united-kingdom,2026-03-27,ok,Open Food Facts (ODbL)
5999884034469,HELL,Hell,250 ml,250 ml,250.0,46,0.0,0.0,11.0,,11.0,200,115,0.0,0.0,27.5,Bebidas y preparaciones de bebidas;Bebidas;Bebidas energéticas;en:Energy drink with sugar;Bebidas azucaradas,E,en:bulgaria;en:croatia;en:greece;en:india;en:morocco;en:romania;en:spain;en:tunisia,2026-04-01,ok,Open Food Facts (ODbL)
6001068587209,Maggi 2 Minute Noodles Beef 1 x 73G (Single),Maggi,1 x 73 g,,,436,10.1,16.4,57.0,3.8,2.3,800,,,,,Aliments et boissons à base de végétaux; Aliments d'origine végétale; Produits déshydratés; Pâtes alimentaires; Produits lyophilisés à reconstituer; Nouilles; Nouilles instantanées,UNKNOWN,en:france;en:india,2026-03-16,ok,Open Food Facts (ODbL)
6009510804782,Potato Chips Salted,Lay's,36 g,36 g,36.0,528,7.5,35.0,47.2,4.7,0.8,528,190,2.7,12.6,17.0,Aliments et boissons à base de végétaux; Aliments d'origine végétale; Snacks; Céréales et pommes de terre; Snacks salés; Amuse-gueules; Chips et frites; Chips; Chips de pommes de terre; Chips de pomme,E,en:india;en:south-africa,2026-03-17,ok,Open Food Facts (ODbL)
6111242100992,Perly,Jaouda,100 g,80g,80.0,97,8.0,3.0,9.4,0.0,9.4,0,78,6.4,2.4,7.5,Produits laitiers;Produits fermentés;Produits laitiers fermentés;Snacks;Desserts;Desserts lactés;Desserts lactés fermentés;Desserts lactés fermentés nature;Desserts lactés fermentés nature à la crème,A,en:france;en:india;en:morocco;en:netherlands;en:united-states,2026-05-21,ok,Open Food Facts (ODbL)
6281014110013,Peanut Butter Creamy,GOODY,340g,32g,32.0,562,21.9,46.9,25.0,6.2,12.5,375,180,7.0,15.0,8.0,Plant-based foods and beverages;Plant-based foods;Legumes and their products;Spreads;Nuts and their products;Plant-based spreads;Oilseed purees;Legume butters;Nut butters;Peanut butters,C,en:india;en:saudi-arabia,2026-03-25,ok,Open Food Facts (ODbL)
6291047020456,CORNI,emirates macaroni,400g,,,370,13.0,1.5,73.0,3.0,2.0,,,,,,,UNKNOWN,en:india,2026-04-19,ok,Open Food Facts (ODbL)
6291100213160,Khenaizi Dates,Khenaizi,500g,,,325,4.4,0.4,76.0,6.8,66.0,144,,,,,Plant-based foods and beverages;Plant-based foods;Fruits and vegetables based foods;Fruits based foods;Dried products;Fruits;Dried plant-based foods;Dried fruits;Dates,D,en:france;en:india,2026-04-12,ok,Open Food Facts (ODbL)
6291108230541,Emirates Dates,Date Crown,,,,325,1.8,0.4,76.0,6.8,66.4,10,,,,,Plant-based foods and beverages; Plant-based foods; Fruits and vegetables based foods; Fruits based foods; Fruits; Dates; en:dried-fruits,UNKNOWN,en:india,2026-04-18,ok,Open Food Facts (ODbL)
6294017130902,Chunky Caramel,Kitkat,,1 Bar (42 g),42.0,383,3.6,19.0,49.3,,40.7,65,161,1.5,8.0,20.7,,UNKNOWN,en:india,2026-05-25,ok,Open Food Facts (ODbL)
6909045692499,Veg Manchurian Noodles,Wow,,100 g,100.0,376,7.8,14.8,53.1,,,,376,7.8,14.8,53.1,,UNKNOWN,en:india,2026-04-28,ok,Open Food Facts (ODbL)
6942836715182,Hersheys syrup indulgent caramel flavor,,623 g,,,291,2.1,0.1,70.2,,55.3,156,,,,,,UNKNOWN,en:india,2026-03-17,ok,Open Food Facts (ODbL)
7610827760259,Cantucci Toscani - Fine food,Fine Food,250 g e,21 g,21.0,471,12.0,18.0,64.0,3.0,24.0,310,99,2.5,3.8,13.4,Snacks; Snacks sucrés; Biscuits et gâteaux; Biscuits; Biscuits secs; Croquants aux amandes; Cantucci; it:Cantucci Toscani,D,en:france;en:germany;en:india;en:switzerland,2026-02-24,ok,Open Food Facts (ODbL)
7622201636012,Tang Lemon,The Natural,500g,27.2 g,27.2,331,2.8,0.1,78.0,,64.0,0,90,0.8,0.0,21.2,,UNKNOWN,en:india,2026-05-18,ok,Open Food Facts (ODbL)
7622201762193,Dairy Milk Silk Oreo,Mondelez International,60g,1 serving (100 g),100.0,563,6.0,34.8,56.9,2.3,48.9,207,563,6.0,34.8,56.9,Snacks; Sweet snacks; Cocoa and its products; Confectioneries; Chocolates; en:milk-chocolates,E,en:india,2026-04-18,ok,Open Food Facts (ODbL)
7622201796174,Cadbury 5 Star Oreo Centre Filled Chocolate Bar 40 g,Cadbury,,42.0g,42.0,521,4.3,18.0,62.9,28.1,50.6,,219,1.8,7.6,26.4,,UNKNOWN,en:india,2026-04-06,ok,Open Food Facts (ODbL)
7622202030840,Bournville 50% Dark,Cadbury,,100 g,100.0,533,6.4,32.8,56.8,,,,533,6.4,32.8,56.8,Snacks; Sweet snacks; Cocoa and its products; Confectioneries; Chocolate candies; Bars; Candy chocolate bars; en:dark-chocolates,UNKNOWN,en:india,2026-04-02,ok,Open Food Facts (ODbL)
7622202210433,5 Star,Cadbury,,1 portion (38 g),38.0,444,3.3,15.9,72.9,,55.5,,169,1.3,6.0,27.7,en:confectioneries,UNKNOWN,en:canada;en:india,2026-04-01,ok,Open Food Facts (ODbL)
7622202216695,Gems,Cadbury,7.11g,,,469,3.5,17.5,75.9,,70.8,38,,,,,Snacks;Snacks sucrés;Confiseries;en:Gems,E,en:india,2026-04-21,ok,Open Food Facts (ODbL)
7622202216749,Cadbury Gems,Cadbury is sold by Mondelez International,23.7 g,23.7 g,23.7,469,3.5,17.5,75.9,,70.8,38,111,0.8,4.1,18.0,Snacks;Snacks sucrés;Cacao et dérivés;Confiseries;Confiseries chocolatées;Confiseries au chocolat dragéifiées;en:specifically sugar-coated chocolate buttons,E,en:india,2026-04-21,ok,Open Food Facts (ODbL)
7622202216916,Cadbury Chocobakes 17gm,Cadbury,17g,,,466,3.8,21.9,64.2,0.0,40.3,203,,,,,en:confectioneries,E,en:india,2026-04-08,ok,Open Food Facts (ODbL)
7622202220968,Dairy Milk Mini Treats,Cadbury,,7 g,7.0,532,7.8,29.2,60.4,,57.0,129,37,0.5,2.0,4.2,,UNKNOWN,en:india,2026-02-23,ok,Open Food Facts (ODbL)
7622202225024,Silk Deserts Brownie,Cadbury Dairy Milk,,20 g,20.0,557,8.1,36.3,50.9,2.1,40.6,141,111,1.6,7.3,10.2,Snacks; Sweet snacks; Cocoa and its products; Bars; Chocolates; Dark chocolates; Milk chocolates; Chocolate bar with dried fruits; en:confectioneries,E,en:india,2026-05-19,ok,Open Food Facts (ODbL)
7622202225512,Original Oreo,Cadbury,,12 biscuits (100 g),100.0,483,5.2,19.6,71.9,,38.9,420,483,5.2,19.6,71.9,Snacks;Sweet snacks;Biscuits and cakes;Biscuits and crackers;Biscuits;Filled biscuits;Des,E,en:india;en:united-states,2026-05-15,ok,Open Food Facts (ODbL)
7622202236914,Original Oreo,Oreo,,16.7g,16.7,483,5.2,19.6,71.9,,38.9,420,81,0.9,3.3,12.0,Snacks;Sweet snacks;Biscuits and cakes;Biscuits and crackers;Biscuits,E,en:india;en:united-kingdom,2026-03-27,ok,Open Food Facts (ODbL)
7622202245558,Cadbury Dairy Milk,Cadbury,,100 g,100.0,532,7.8,29.2,60.4,,,,532,7.8,29.2,60.4,Snacks; Sweet snacks; Cocoa and its products; Chocolates; en:confectioneries,UNKNOWN,en:france;en:india,2026-03-26,ok,Open Food Facts (ODbL)
7622202253638,Oreo 5 Pack,Cadbury,459.25g,,,483,5.2,19.6,71.9,,,,,,,,Biscuit (cookie) snack w chocolate filling,UNKNOWN,en:india,2026-04-07,ok,Open Food Facts (ODbL)
7622202271861,Dairy Milk Silk Bubbly Chocolate,Cadbury,46g,1 portion (20 g),20.0,545,7.5,30.0,58.5,,55.0,125,109,1.5,6.0,11.7,en:confectioneries,E,en:india;en:united-states,2026-03-07,ok,Open Food Facts (ODbL)
7622202290756,Silk Ganache,Cadbury Dairy Milk,,20 g,20.0,566,8.7,36.8,51.4,,46.6,104,113,1.7,7.4,10.3,en:milk-chocolates,E,en:india,2026-04-18,ok,Open Food Facts (ODbL)
7622202308697,Caramelized cookie,Lot,,25g,25.0,476,6.0,18.0,73.0,,37.0,369,119,1.5,4.5,18.2,Snacks;Sweet snacks;Biscuits and cakes;Biscuits and crackers;Biscuits,E,en:india,2026-04-25,ok,Open Food Facts (ODbL)
7622202318078,5 Star Chocolate Bar,Cadbury,18g,18g,18.0,444,3.3,15.9,72.9,,55.5,170,80,0.6,2.9,13.1,Snacks; Sweet snacks; Cocoa and its products; Chocolates; Milk chocolates; Sugar-boil; en:confectioneries,E,en:india,2026-03-15,ok,Open Food Facts (ODbL)
7622202324260,Dairy Milk Chocolate,,,,,531,7.9,29.0,60.4,,57.0,129,,,,,Snacks; Sweet snacks; Cocoa and its products; Confectioneries; Chocolate candies; Bars; Chocolates; Candy chocolate bars; Ch; en:milk-chocolates,E,en:india,2026-03-20,ok,Open Food Facts (ODbL)
7622202324758,Crispello,Cadbury,,,,523,5.2,27.6,64.5,,50.2,192,,,,,Snacks; Sweet snacks; Cocoa and its products; Chocolates; en:chocolate-candies,E,en:india,2026-04-18,ok,Open Food Facts (ODbL)
7622202324840,Dairy Milk Fruit & Nut,Cadbury,,75 g,75.0,520,8.4,28.4,58.8,,,141,390,6.3,21.3,44.1,,UNKNOWN,en:india,2026-02-23,ok,Open Food Facts (ODbL)
7622202324871,Gadour Dairy milk chocolate fruit & nut,Cadbury,,1 portion (36 g),36.0,520,8.5,28.4,58.8,,54.4,106,187,3.1,10.2,21.2,Snacks; Sweet snacks; Cocoa and its products; Confectioneries; Chocolates; en:chocolate-candies,E,en:india,2026-03-25,ok,Open Food Facts (ODbL)
7622202324901,Dairy Milk Crackle,Dairy Milk,,36 g,36.0,516,7.7,25.8,63.6,,51.6,236,186,2.8,9.3,22.9,,UNKNOWN,en:india,2026-02-23,ok,Open Food Facts (ODbL)
7622202325939,Cadbury Bournville,Cadbury,78,20g,20.0,541,6.1,31.6,58.0,6.6,43.7,14,108,1.2,6.3,11.6,Chocolate bar,E,en:india,2026-03-31,ok,Open Food Facts (ODbL)
7622202325960,Bournville Intense 70% Dark,Cadbury,75g,1 portion (100 g),100.0,598,7.6,47.4,40.7,,24.4,,598,7.6,47.4,40.7,Cocoa and its products;Chocolates;Dark chocolates;Dark chocolate bar;Sweet snacks,UNKNOWN,en:india,2026-05-24,ok,Open Food Facts (ODbL)
7622202325991,50% Dark Chocolate,Cadbury Bournville,75,1 serving (20 g),20.0,543,5.6,34.3,56.9,,45.1,16,109,1.1,6.9,11.4,en:dark-chocolates,E,en:india,2026-05-02,ok,Open Food Facts (ODbL)
7622202326172,Cadbury Dairy Milk Silk Roast Almond,Cadbury,52g,52 g,52.0,560,9.7,35.2,52.7,,46.7,104,291,5.0,18.3,27.4,Snacks; Sweet snacks; Cocoa and its products; Confectioneries; Chocolate candies; Bars; Candy chocolate bars; en:beers,NOT-APPLICABLE,en:india,2026-03-08,ok,Open Food Facts (ODbL)
7622202329494,Dairy Milk (Classic milk chocolate variant),Cadbury,40 g,20 g,20.0,531,7.9,29.0,60.4,,57.0,129,106,1.6,5.8,12.1,Snacks; Sweet snacks; Cocoa and its products; Chocolates; en:milk-chocolates,E,en:india,2026-05-19,ok,Open Food Facts (ODbL)
7622202329555,Fruit And Nut,Dairy Milk,,,,520,8.5,28.5,58.8,,,106,,,,,Snacks; Sweet snacks; Cocoa and its products; Confectioneries; Chocolate candies; en:chocolates,UNKNOWN,en:india,2026-04-26,ok,Open Food Facts (ODbL)
7622202329630,Brownie,Cadbury,3 x 38g,38 g,38.0,438,5.0,19.0,61.0,,37.0,207,166,1.9,7.2,23.2,Brownies,E,en:india,2026-05-18,ok,Open Food Facts (ODbL)
7622202334009,dairy milk,Dairy Milk,11 g,1 mini (11 g),11.0,525,6.8,27.9,62.6,0.0,58.8,107,58,0.7,3.1,6.9,Snacks; Sweet snacks; Cocoa and its products; Chocolates; en:milk-chocolates,E,en:india,2026-03-05,ok,Open Food Facts (ODbL)
7622202335488,CADBURY NUTTIES CHOCOLATE 30G,Cadbury,,100 g,100.0,511,5.0,24.5,67.2,,61.5,117,511,5.0,24.5,67.2,,UNKNOWN,en:india,2026-04-25,ok,Open Food Facts (ODbL)
7622202342196,Diary Milk Silk,Diary Milk,,,,543,7.6,31.4,58.5,,55.3,125,,,,,Candy chocolate bars,E,en:india,2026-04-01,ok,Open Food Facts (ODbL)
7622202356209,Milkini,Cadbury,,,,547,9.7,32.4,54.4,,52.7,170,,,,,,UNKNOWN,en:india,2026-05-04,ok,Open Food Facts (ODbL)
7622202398735,Dairy Milk Chocolate,Cadbury,,20 g,20.0,532,7.8,29.2,60.4,,,,106,1.6,5.8,12.1,en:chocolates,UNKNOWN,en:india,2026-05-21,ok,Open Food Facts (ODbL)
7622202815096,Dairy Milk Crackle Chocolate,Cadbury,10.5g,10.5g,10.5,507,7.1,24.6,65.3,,53.3,94,53,0.7,2.6,6.9,Snacks;Sweet snacks;Cocoa and its products;Confectioneries;Chocolate candies;Bars;Candy chocolate bars,E,en:india,2026-03-18,ok,Open Food Facts (ODbL)
7622202820946,Tang Instant Drink Mix,Tang,17.2g,17.2g,17.2,389,0.0,0.0,93.9,,92.9,35,67,0.0,0.0,16.2,beverage preparations,UNKNOWN,en:india,2026-03-15,ok,Open Food Facts (ODbL)
7622202836619,Vanilla Flavored (Golden),Oreo,,,,492,4.0,20.0,72.0,,37.0,282,,,,,,UNKNOWN,en:india,2026-04-26,ok,Open Food Facts (ODbL)
7622202846816,Cadbury Fuse,Cadbury,43g,,,549,9.5,34.6,51.6,,39.9,220,,,,,Chocolate bar with dried fruits,E,en:india,2026-04-03,ok,Open Food Facts (ODbL)
7622210624918,Cheese Spread,Philadelphia Original,280g,30g,30.0,223,5.3,20.3,4.7,0.3,4.7,300,67,1.6,6.1,1.4,Dairies; Fermented foods; Fermented milk products; Cheeses; Fresh cheeses; en:cheese-spreads,D,en:india;en:qatar,2026-04-20,ok,Open Food Facts (ODbL)
7627536958983,Lait noisettes,Coop Prix Garantie,100g,1 Row (16.6 g),16.6,583,7.9,39.0,48.0,4.0,42.0,48,97,1.3,6.5,8.0,,UNKNOWN,en:germany;en:india,2026-03-26,ok,Open Food Facts (ODbL)
8000500126936,Ferrero Rocher,Ferrero rocher,50 g,,,584,8.0,40.0,48.0,0.0,40.0,80,,,,,Botanas;Snacks dulces;Galletas y pasteles;en:Biscuits and crackers;Cacao y sus productos;Alimentos festivos;Galletas;Gastronomía navideña;Chocolates;Galletas de chocolate;Galletas crujientes;Galletas ,E,en:france;en:india;en:mexico;en:morocco;en:spain;en:switzerland;en:united-states,2026-03-26,ok,Open Food Facts (ODbL)
8000500394847,Kinder Joy,Ferrero,60 g,1 serving (20 g),20.0,550,8.2,32.0,56.5,,51.0,393,110,1.6,6.4,11.3,,UNKNOWN,en:india,2026-02-24,ok,Open Food Facts (ODbL)
8000500410974,Tic tac strawberry,Tic Tac,13,,,397,0.0,0.4,0.0,0.0,90.8,0,,,,,Fo; en:candies,D,en:india,2026-04-26,ok,Open Food Facts (ODbL)
8000500418512,Schokobons crispy,kinder,"4 x 5,6 g = 22.4 g",,,528,7.5,28.5,59.5,,50.7,48,,,,,Snacks; Sweet snacks; Biscuits and cakes; Biscuits and crackers; Confectioneries; Biscuits; Chocolate biscuits; Milk chocolate biscuits; en:chocolate-candies,E,en:germany;en:india,2026-05-05,ok,Open Food Facts (ODbL)
80135890,Kinder joy boy,Ferrero,20 g,,,550,8.2,32.0,56.5,,51.0,127,,,,,Snacks; Snacks sucrés; Cacao et dérivés; Confiseries; Aliments festifs; Confiseries chocolatées; Chocolats; Moulages en chocolat; Aliments de Pâques; Oeufs en chocolat; Œufs de Pâques; Œufs en chocola,E,en:france;en:india,2026-05-17,ok,Open Food Facts (ODbL)
80177173,nutella,Ferrero,350 g,15 g,15.0,539,6.3,30.9,57.5,,56.3,43,81,0.9,4.6,8.6,Pequenos alomoços;Produtos para barrar;Doces para barrar;fr:Pâtes à tartiner;Creme para barrar de avelã;Creme para barrar de chocolate;Creme para barrar de avelã e cacau,E,en:czech-republic;en:denmark;en:estonia;en:finland;en:france;en:georgia;en:germany;en:india;en:irela,2026-05-16,ok,Open Food Facts (ODbL)
80768258,健達奇趣蛋(女孩版),Kinder,20g,20g,20.0,550,10.0,30.0,55.0,0.0,50.0,624,110,2.0,6.0,11.0,Snacks; Sweet snacks; Confectioneries; en:chocolate-candies,E,en:china;en:india;en:morocco,2026-05-11,ok,Open Food Facts (ODbL)
80824107,Kinder Creamy Milky & Crunchy,Ferrero,19 g,19 g,19.0,539,8.4,31.3,55.4,0.9,48.8,134,102,1.6,5.9,10.5,Imbiss;Süßer Snack;Süßwaren,E,en:germany;en:india,2026-04-16,ok,Open Food Facts (ODbL)
81000011400100,Garlic,Fresho!,100g,,,111,5.3,0.2,18.6,5.8,1.2,9,,,,,Garlic,A,en:india,2026-04-13,ok,Open Food Facts (ODbL)
81000071400255,Carrot,Fresho!,250gm,,,40,0.6,0.2,7.6,2.7,6.0,43,,,,,Carrots,A,en:india,2026-04-13,ok,Open Food Facts (ODbL)
8410076601445,Nature valley crunchy,Nature valley,10 Barres,42g,42.0,479,10.2,20.7,59.8,6.6,25.6,356,201,4.3,8.7,25.1,snacks; snacks-sucrés; barres; barres-de-céréales; fr:barres; en:barres-de-céréales; en:snacks-sucrés,D,en:france;en:germany;en:india;en:italy;en:united-kingdom;en:united-states,2026-03-19,ok,Open Food Facts (ODbL)
8410125211700,Fígaro Extra Virgin Olive Oil (Imported),Figaro,250ml (228g),15ml,15.0,821,0.0,91.0,0.0,0.0,0.0,0,123,0.0,13.7,0.0,Plant-based foods and beverages; Plant-based foods; Fats; Vegetable fats; Olive tree products; Vegetable oils; Olive oils; en:extra-virgin-olive-oils,B,en:india,2026-04-26,ok,Open Food Facts (ODbL)
8410125600467,Figaro,,200ml,,,900,0.2,99.9,0.0,0.0,0.0,2,,,,,Oil,E,en:india,2026-05-11,ok,Open Food Facts (ODbL)
8410179007496,Spaghetti,Borges,500 g,1 portion (100 g),100.0,359,13.0,1.5,72.0,2.9,,,359,13.0,1.5,72.0,Alimentos y bebidas de origen vegetal; Alimentos de origen vegetal; Cereales y patatas; Cereales y derivados; Pastas alimenticias; Espaguetis,UNKNOWN,en:india;en:spain,2026-03-27,ok,Open Food Facts (ODbL)
8410783122813,Chorizo Barbecue,Noel,300 g,,,478,20.0,43.0,2.7,0.0,1.4,1120,,,,,Viandes et dérivés; Viandes; Charcuteries; Saucissons; Chorizo,E,en:france;en:india,2026-03-20,ok,Open Food Facts (ODbL)
8480024754288,Barritas de platano y chocolate,Alteza,,,,424,5.8,13.0,69.0,,29.0,160,,,,,Snacks; Sweet snacks; Bars; Cereal bars,E,en:india;en:spain,2026-03-27,ok,Open Food Facts (ODbL)
8710448632863,Barbecue-Sauce,Remia,250ml,,,80,1.0,0.0,18.0,,,,,,,,Condiments; Sauces; Barbecue sauces,UNKNOWN,en:germany;en:india,2026-02-26,ok,Open Food Facts (ODbL)
8715700033235,Ketchup P'tits Heinz,Heinz,280 ml - 310 g,2g,2.0,77,1.7,0.4,16.7,,15.9,920,2,0.0,0.0,0.3,Condiments; Sauces; Sauces tomate; Ketchup; en:groceries,D,en:france;en:india;en:switzerland,2026-04-01,ok,Open Food Facts (ODbL)
8801043018470,NONGSP 席 GOURMET SPICY SPICY & CREAMY FLAVOUR Toom,Shin Ramyun,137g,137 g,137.0,425,13.0,13.0,59.0,10.9,5.2,983,582,17.8,17.8,80.8,Pflanzliche Lebensmittel und Getränke;Pflanzliche Lebensmittel;Getrocknete Produkte;Teigwaren;Getrocknete Produkte zur Rehydrierung;Nudeln;Instant-Nudeln,UNKNOWN,en:germany;en:india,2026-05-24,ok,Open Food Facts (ODbL)
8801043150620,SHIN RAMYUN kpoptészta,NONGSHIM,120g,1 packet (120 g),120.0,424,8.6,14.0,66.0,0.0,2.6,1480,509,10.3,16.8,79.2,Plant-based foods and beverages; Plant-based foods; Meals; Dried products; Pastas; Soups; Dried products to be rehydrated; Noodles; Dried meals; Instant noodles; Instant noodle soups; en:dehydrated-so,E,en:croatia;en:france;en:germany;en:india;en:lithuania;en:netherlands;en:south-korea;en:switzerland;e,2026-05-23,ok,Open Food Facts (ODbL)
8801073115378,Buldak HOT Chicken Flavor Ramen,Samyang,140g,1 portion (140 g),140.0,407,10.0,14.3,60.0,2.4,8.6,814,570,14.0,20.0,84.0,Plant-based foods and beverages;Plant-based foods;Dried products;Pastas;Dried products to be rehydrated;Noodles;Instant noodles,UNKNOWN,en:germany;en:india;en:morocco;en:vietnam,2026-04-20,ok,Open Food Facts (ODbL)
8809950200391,Korean Veg Dumplings,Good Seoul,,1 portion (85 g),85.0,160,9.1,4.7,22.4,4.2,3.3,541,136,7.7,4.0,19.0,,UNKNOWN,en:india,2026-03-31,ok,Open Food Facts (ODbL)
8850389100684,Mogu lychee,Sappe Public Company Limited,320 ml,320g,320.0,53,0.0,0.0,13.0,0.5,12.0,20,170,0.0,0.0,41.6,Beverages and beverages preparations;Plant-based foods and beverages;Beverages;Plant-based foods;Fruits and vegetables based foods;Fruits based foods;Plant-based beverages;Fruit-based beverages;Fruits,E,en:australia;en:france;en:india;en:mexico;en:morocco;en:new-zealand;en:philippines;en:united-states,2026-05-08,ok,Open Food Facts (ODbL)
8850389100691,Mogu Mogu Strawberry Juice,Sappe Public Company Limited,320ml,1 bottle (320 ml),320.0,56,0.0,0.0,13.8,0.3,13.4,50,180,0.0,0.0,44.0,sweetened beverages,E,en:france;en:india,2026-03-24,ok,Open Food Facts (ODbL)
8850389100769,MANGO FLAVORED DRINK WITH NATA DE COCO,MOGU MOGU,320 mL,1 serving (320 ml),320.0,50,0.0,0.0,12.8,0.3,12.5,36,160,0.0,0.0,41.0,Beverages and beverages preparations; Plant-based foods and beverages; Beverages; Dairy substitutes; Milk substitutes; Plant-based beverages; Fruit-based beverages; Juices and nectars; Plant-based mil,E,en:australia;en:canada;en:germany;en:india;en:new-zealand;en:united-states,2026-03-25,ok,Open Food Facts (ODbL)
8854761951413,Real Almond Milk,137 Degrees,1L,1 portion (180 ml),180.0,33,1.1,2.8,0.6,0.0,0.0,6,60,2.0,5.0,1.0,Aliments et boissons à base de végétaux; Boissons; Aliments d'origine végétale; Aliments à base de fruits et de légumes; Substituts de produits laitiers; Légumes et dérivés; Substituts du lait; Fruits,B,en:france;en:india;en:thailand,2026-03-17,ok,Open Food Facts (ODbL)
8886467100277,Pringles - Original,Pringles,,25 g,25.0,523,5.0,27.9,62.8,,0.4,469,131,1.2,7.0,15.7,Snacks; Salty snacks; Appetizers; Chips and fries; Crisps; Salty snacks made from potato; Stacked extruded potato crisps,E,en:india,2026-03-25,ok,Open Food Facts (ODbL)
8886467122392,PRINGLES ( ORIGINAL ),Pringles,107g,25g,25.0,523,5.0,27.9,62.8,0.0,0.4,468,131,1.2,7.0,15.7,Snacks; Salty snacks; Appetizers; Chips and fries; Crisps; Salty snacks made from potato; Stacked extruded potato crisps,E,en:india,2026-03-26,ok,Open Food Facts (ODbL)
8886467122408,Potato chips,Pringles,25 g,,,541,5.0,30.9,57.6,,3.2,642,,,,,Plant-based foods and beverages; Plant-based foods; Snacks; Cereals and potatoes; Salty snacks; Appetizers; Chips and fries; Crisps; Potato crisps; Salty snacks made from potato; Different flavours; S,E,en:india,2026-03-27,ok,Open Food Facts (ODbL)
8886467122415,Pringles,Pringles,107gm,,,514,5.7,27.4,61.1,,2.4,677,,,,,Plant-based foods and beverages; Plant-based foods; Snacks; Cereals and potatoes; Salty snacks; Appetizers; Chips and fries; Crisps; Potato crisps; Salty snacks made from potato; Stacked extruded pota,E,en:india,2026-03-26,ok,Open Food Facts (ODbL)
8886467122439,Pringles Desi Masala Tadka Flavour,Pringles,107 g,25 g,25.0,518,4.7,28.3,61.2,,1.5,837,130,1.2,7.1,15.3,Plant-based foods and beverages; Plant-based foods; Snacks; Cereals and potatoes; Salty snacks; Appetizers; Chips and fries; Crisps; Potato crisps; Salty snacks made from potato; Stacked extruded pota,E,en:india,2026-03-27,ok,Open Food Facts (ODbL)
8886467122446,Pringles - South African Style Periperi Flavour,Pringles,,25 g,25.0,522,5.2,28.5,61.5,,2.0,592,130,1.3,7.1,15.4,Plant-based foods and beverages; Plant-based foods; Snacks; Cereals and potatoes; Salty snacks; Appetizers; Chips and fries; Crisps; Potato crisps; Salty snacks made from potato; Stacked extruded pota,E,en:india,2026-03-27,ok,Open Food Facts (ODbL)
8886467122866,pringles,Pringles,,100 g,100.0,523,5.0,27.9,62.8,,0.4,469,523,5.0,27.9,62.8,Plant-based foods and beverages; Plant-based foods; Snacks; Cereals and potatoes; Salty snacks; Appetizers; Chips and fries; Crisps; Potato crisps; Salty snacks made from potato; Stacked extruded pota,E,en:india,2026-03-26,ok,Open Food Facts (ODbL)
8886467122873,pringls,Pringles,,,,541,5.0,30.9,57.6,,3.2,642,,,,,en:crisps,E,en:india,2026-05-01,ok,Open Food Facts (ODbL)
8886467124716,Pringles original,Pringles,,1 portion (100 g),100.0,523,5.0,27.9,62.8,,0.4,469,523,5.0,27.9,62.8,Plant-based foods and beverages; Plant-based foods; Snacks; Cereals and potatoes; Salty snacks; Appetizers; Biscuits and crackers; Potatoes and their products; Salty snacks made from potato; Crackers ,E,en:india,2026-04-09,ok,Open Food Facts (ODbL)
8886467124723,Pringles sour cream 40g,,,,,541,5.0,30.9,57.6,1.5,3.2,642,,,,,Snacks; Salty snacks; Appetizers; Chips and fries; Crisps; Salty snacks made from potato; Stacked extruded potato crisps,E,en:india,2026-03-27,ok,Open Food Facts (ODbL)
8900404114308,Roasted & Salted Cashews,Wonderland,,,,574,15.0,46.0,33.0,3.0,5.0,640,,,,,Dry fruit;Salted cashews,D,en:india,2026-02-22,ok,Open Food Facts (ODbL)
8901014000203,Cup noodles chili chili,Nissin,,,,444,10.2,20.3,52.3,,6.3,1700,,,,,,UNKNOWN,en:india,2026-02-19,ok,Open Food Facts (ODbL)
8901014000425,nissin noodels,Nissin,80,1 portion (100 g),100.0,493,5.4,22.1,66.5,,4.2,,493,5.4,22.1,66.5,Instant noodles,UNKNOWN,en:india,2026-03-06,ok,Open Food Facts (ODbL)
8901014002054,Top Ramen Masala Noodles,Nissin,360 g,60 g,60.0,460,8.9,16.0,67.9,,2.2,2004,276,5.3,9.6,40.7,Plant-based foods and beverages; Plant-based foods; Pastas; Noodles; en:instant-noodles,UNKNOWN,en:france;en:india,2026-03-25,ok,Open Food Facts (ODbL)
8901014002566,Top Ramen,Nissin,500 grams,70g,70.0,459,9.2,16.2,66.8,,1.9,1542,321,6.5,11.3,46.8,Plant-based foods and beverages;Plant-based foods;Meats and their products;Meats;Chicken and its products;Dried products;Poultries;Dried products to be rehydrated;Noodles;Chickens;Instant noodles,UNKNOWN,en:india,2026-03-07,ok,Open Food Facts (ODbL)
8901014004737,Mazeder  masala 70 g,Nissin,70,1 pack (70 g),70.0,477,9.6,16.8,69.0,,3.4,1428,334,6.7,11.8,48.3,en:noodles,E,en:india,2026-05-01,ok,Open Food Facts (ODbL)
8901014004836,cup noodles,Nissin,70g,70g,70.0,468,8.5,18.0,64.9,,3.0,1400,328,6.0,12.6,45.4,Plant-based foods and beverages; Plant-based foods; Dried products; Pastas; Dried products to be rehydrated; Noodles; Instant noodles; Cup noodles,UNKNOWN,en:france;en:india,2026-03-23,ok,Open Food Facts (ODbL)
8901014012114,Cup noodles Rogan  josh,Cup Noodles,70g,100 g,100.0,485,12.2,20.3,59.9,,5.2,1440,485,12.2,20.3,59.9,en:instant-noodles,UNKNOWN,en:india,2026-05-22,ok,Open Food Facts (ODbL)
8901030677601,Choco Bar Mini,,,24 g,24.0,292,3.3,20.8,27.1,0.0,22.5,50,70,0.8,5.0,6.5,Desserts; Frozen foods; Frozen desserts; Ice creams and sorbets; Ice creams; Ice cream bars; en:chocolate-candies,E,en:india;en:united-kingdom,2026-04-10,ok,Open Food Facts (ODbL)
8901030702679,No onion no garlic,Kissan,,,,133,1.1,0.4,30.9,0.6,29.2,689,,,,,,UNKNOWN,en:india,2026-05-24,ok,Open Food Facts (ODbL)
8901030735097,Vanilla Ice Cream,Kwality Walls,,53 g,53.0,225,3.8,12.5,24.3,0.2,22.5,68,119,2.0,6.6,12.9,Ice cream,D,en:india,2026-04-12,ok,Open Food Facts (ODbL)
8901030824937,Horlicks Lite Regular Malt 450g pet,Horlicks,6,100g,100.0,367,13.0,2.1,74.0,,45.0,400,367,13.0,2.1,74.0,Beverages;Instant beverages;Malt based beverage;Unsweetened beverages,UNKNOWN,en:india,2026-05-09,ok,Open Food Facts (ODbL)
8901030831690,kissan mixed fruit jam,kissan,200g,1 serve (20 g),20.0,285,0.3,0.1,70.5,0.8,68.1,51,57,0.1,0.0,14.1,Plant-based foods and beverages;Plant-based foods;Breakfasts;Spreads;Plant-based spreads;Sweet spreads;Fruit and vegetable preserves;Jams;Tropical fruit jams,UNKNOWN,en:india,2026-05-25,ok,Open Food Facts (ODbL)
8901030831706,Mixed fruit Jam,Kissan,500g,100,,287,0.0,0.0,70.7,0.7,68.7,51,,,,,Mixed fruit jams,D,en:canada;en:india,2026-04-01,ok,Open Food Facts (ODbL)
8901030851070,Kissan Jam,Kissan,1kg,20,,285,0.3,0.1,70.5,0.8,62.6,51,,,,,Jams,D,en:india,2026-04-07,ok,Open Food Facts (ODbL)
8901030872693,Real mayonnaise,Hellmann’s,800 g,1 portion (15 g),15.0,75,0.0,7.9,1.0,,,108,11,0.0,1.2,0.1,Mayonnaises,UNKNOWN,en:india,2026-05-24,ok,Open Food Facts (ODbL)
8901030876998,Red Label,Brooke Bond,500 gm,,,0,0.0,0.0,0.0,0.0,0.0,2,,,,,tea,B,en:india,2026-05-26,ok,Open Food Facts (ODbL)
8901030891830,double chocolate cornetto,Kwality Walls,61g,,,182,2.2,10.5,19.6,1.5,15.6,85000,,,,,Desserts; Frozen foods; Frozen desserts,E,en:india,2026-03-22,ok,Open Food Facts (ODbL)
8901030891847,Kwality Wall's Cornetto - Butterscotch,Kwality Wall's,,62 g,62.0,313,4.8,16.0,38.4,1.8,28.2,105,194,3.0,9.9,23.8,Frozen desserts,E,en:india,2026-05-19,ok,Open Food Facts (ODbL)
8901030891854,Choco Vanilla Cornetto,Kwality Walls,,62 g,62.0,273,5.2,11.9,37.1,1.9,24.7,111,169,3.2,7.4,23.0,en:frozen-desserts,D,en:india,2026-05-04,ok,Open Food Facts (ODbL)
8901030900105,knorr Thick tomato soup,knorr,51g,,,28,0.4,0.4,5.6,0.4,2.7,310,,,,,Plant-based foods and beverages; Plant-based foods; Fruits and vegetables based foods; Meals; Soups; Vegetable soups; Tomato soups,C,en:india;en:united-states,2026-04-26,ok,Open Food Facts (ODbL)
8901030900112,Hot and sour vegetable soup,Knorr,50,,,341,4.9,2.9,72.2,3.9,15.6,3912,,,,,en:soups,E,en:india;en:united-states,2026-02-25,ok,Open Food Facts (ODbL)
8901030900280,knorr,Knorr,,100 g,100.0,348,13.0,5.9,61.4,1.1,17.2,3517,348,13.0,5.9,61.4,,UNKNOWN,en:india,2026-02-25,ok,Open Food Facts (ODbL)
8901030900297,knorr hong kong manchow soup,Knorr,,1 serving (11 g),11.0,360,5.2,6.2,71.6,,14.6,4374,40,0.6,0.7,7.9,en:dehydrated-soups,UNKNOWN,en:india,2026-04-09,ok,Open Food Facts (ODbL)
8901030900303,International Mexican Tomato Corn Soup,Knorr,50 g,1 portion (162.5 g),162.5,336,6.2,2.9,73.0,4.9,33.8,4515,546,10.1,4.7,118.6,Meals; Soups; Soup mixes; en:dehydrated-soups,E,en:india,2026-02-25,ok,Open Food Facts (ODbL)
8901030902369,Knorr hot & sour veg soup,Knorr,10,10.5 g,10.5,314,4.8,2.9,69.5,3.8,14.3,6,33,0.5,0.3,7.3,Dehydrated soups,UNKNOWN,en:india,2026-05-21,ok,Open Food Facts (ODbL)
8901030985843,3 Roses,Brooke Bond is sold by Hindustan Unilever Ltd. (HUL),2 Units × 500 g = 1kg,,,0,0.0,0.0,0.0,0.0,0.0,2,,,,,Beverages and beverages preparations; Beverage preparations; Tea leaves; Tea bags; en:teas,UNKNOWN,en:india,2026-05-20,ok,Open Food Facts (ODbL)
8901030985973,Horlicks chocolate delight flavour 500g pet,Horlicks,,20 g,20.0,360,7.0,2.0,81.0,5.0,,349,72,1.4,0.4,16.2,Beverages and beverages preparations; Beverages; Sweetened beverages; en:instant-beverages,UNKNOWN,en:india,2026-05-09,ok,Open Food Facts (ODbL)
8901030986048,Chocolate Delight flavour,Horlicks,200g,Nutrients per 100g,100.0,360,7.0,2.0,81.0,,46.0,350,360,7.0,2.0,81.0,Beverages,E,en:india,2026-03-21,ok,Open Food Facts (ODbL)
8901030987007,Knorr Schezwan Sauce 200 g,Knorr,200g,20 g,20.0,134,1.7,6.0,18.7,2.3,11.5,2162,27,0.3,1.2,3.7,Condiments;Sauces,C,en:india,2026-03-31,ok,Open Food Facts (ODbL)
8901042957968,MTR DOSA,MTR,500g,,,378,13.3,6.7,64.4,6.7,0.0,1333,,,,,Baby foods;Baby milks;Infant formulas;Pre-food;Batters,NOT-APPLICABLE,en:canada;en:germany;en:india,2026-05-03,ok,Open Food Facts (ODbL)
8901042969725,Gulab Jamun,MTR,175 g,5 g,5.0,390,14.0,10.4,60.0,0.0,3.3,0,20,0.7,0.5,3.0,Dessert mixes,UNKNOWN,en:france;en:india,2026-03-17,ok,Open Food Facts (ODbL)
8901044250197,Mapro Mix Fruit Jam,Mapro,500 g,20 g,20.0,265,0.1,0.0,68.0,,67.0,22,53,0.0,0.0,13.6,Jams,D,en:india,2026-03-31,ok,Open Food Facts (ODbL)
8901047816208,Dal Makhani,Kohinoor,300g,1 serving (100 g),100.0,91,5.1,2.9,9.1,4.2,1.0,283,91,5.1,2.9,9.1,Condiments; Meals; Sauces; Microwave meals; Curry sauces; Dal-makhani; Pre-cooked-dal-microwave-pouch,A,en:india;en:united-kingdom,2026-05-20,ok,Open Food Facts (ODbL)
8901052009114,Tata Soulfull Mast misal,Tata,,1 serving (32 g),32.0,383,8.7,8.2,68.5,14.4,8.3,2431,123,2.8,2.6,21.9,,UNKNOWN,en:india,2026-03-04,ok,Open Food Facts (ODbL)
8901052010127,Awadhi Style Shahi Paneer Mix,Tata Sampann,,,,322,8.9,1.9,67.4,0.0,51.2,6384,,,,,,UNKNOWN,en:india,2026-04-18,ok,Open Food Facts (ODbL)
8901052010141,Amritsari Style Panner Tikka Mix,Tata Sampann,,,,342,10.2,5.6,62.7,0.0,34.6,5163,,,,,,UNKNOWN,en:india,2026-04-21,ok,Open Food Facts (ODbL)
8901052010172,Punjabi Style Matar Paneer Mix,Tata Sampann,,,,325,9.7,2.7,65.3,0.0,31.0,4593,,,,,,UNKNOWN,en:india,2026-04-21,ok,Open Food Facts (ODbL)
8901052030460,premium desh ki chai,Tata Tea,500 gram,,,0,0.0,0.0,0.0,0.0,0.0,2,,,,,tea,B,en:india,2026-05-26,ok,Open Food Facts (ODbL)
8901058000290,maggi,Nestlé,70,70 g,70.0,384,8.2,12.5,59.6,,1.8,1028,269,5.7,8.8,41.7,Plant-based foods and beverages;Plant-based foods;Dried products;Pastas;Dried products to be rehydrated;Noodles;Instant noodles;Instant Noodles with Seasoning,E,en:india,2026-04-21,ok,Open Food Facts (ODbL)
8901058000306,Maggi noodles masala,Nestle,560 gm,1 portion (70 g),70.0,443,8.6,18.6,60.0,2.9,1.4,1029,310,6.0,13.0,42.0,Plant-based foods and beverages;Plant-based foods;Dried products;Pastas;Dried products to be rehydrated;Noodles;Instant noodles,UNKNOWN,en:india,2026-04-02,ok,Open Food Facts (ODbL)
8901058004922,(MAGGI) Rich Tomato Sauce 485Gram,Maggi,,1 portion (25 g),25.0,140,0.0,0.0,33.4,1.4,32.0,1028,35,0.0,0.0,8.3,en:tomato-sauces,E,en:india,2026-05-04,ok,Open Food Facts (ODbL)
8901058005080,Munch Max,Nestlé,38.5 g,1 chocolate (42 g),42.0,430,5.6,23.2,49.8,,34.3,79,181,2.4,9.7,20.9,Snacks;Sweet snacks;Biscuits and cakes;Biscuits and crackers;Cocoa and its products;Confectioneries;Biscuits;Chocolate candies;Bars;Candy chocolate bars,E,en:india;en:indonesia,2026-03-01,ok,Open Food Facts (ODbL)
8901058005233,Kitkat mini chocolate coated wafer,KitKat,11.9g,11.9 g,11.9,438,6.4,24.8,47.4,0.0,35.1,97,52,0.8,3.0,5.6,Snacks;Sweet snacks;Biscuits and cakes;Biscuits and crackers;Cocoa and its products;Confectioneries;Biscuits;Chocolate candies;Bars;Chocolate biscuits;Dark chocolate bar,E,en:india,2026-02-22,ok,Open Food Facts (ODbL)
8901058006100,Masala Veg Atta Noodles with Spinach,Maggi,,1 portion (72.5 g),72.5,316,8.8,10.9,49.0,,,,229,6.4,7.9,35.5,Instant noodles,UNKNOWN,en:india,2026-03-27,ok,Open Food Facts (ODbL)
8901058006148,maggie chicken noodles,nestle,71g,1 portion (71 g),71.0,401,7.7,11.8,66.1,,1.1,1000,285,5.5,8.4,46.9,en:instant-noodles,UNKNOWN,en:india,2026-05-19,ok,Open Food Facts (ODbL)
8901058008999,2-Minutes Noodles,Nescafé,,1 pack / 2.46Oz (70g),70.0,384,8.2,12.5,59.6,2.9,1.8,1028,269,5.7,8.8,41.7,Plant-based foods and beverages; Plant-based foods; Pastas; Noodles; en:instant-noodles,UNKNOWN,en:india,2026-03-27,ok,Open Food Facts (ODbL)
8901058009439,munch,Nestle,,1 portion (100 g),100.0,424,5.6,22.3,50.4,,32.6,89,424,5.6,22.3,50.4,Snacks; Sweet snacks; Cocoa and its products; Chocolates; en:confectioneries,E,en:india,2026-04-01,ok,Open Food Facts (ODbL)
8901058009729,Masala Veg Atta Noodles,Maggi,72.5g,,,314,7.7,10.3,50.4,4.5,2.5,799,,,,,instant noodles,UNKNOWN,en:india,2026-05-24,ok,Open Food Facts (ODbL)
8901058011012,KitKat Minis,Nestle,133.2 g (18 UNITS x 7.4 g),1 finger (7.4g),7.4,444,6.6,25.3,47.5,,37.8,78800,33,0.5,1.9,3.5,Chocolate snacks,E,en:india,2026-04-04,ok,Open Food Facts (ODbL)
8901058013658,Hot and Sweet Tomato Chilli Sauce,Maggi,500 g,100 g,100.0,135,0.4,0.0,33.8,,33.3,808,135,0.4,0.0,33.8,en:tomato-sauces,E,en:india,2026-05-20,ok,Open Food Facts (ODbL)
8901058013863,Kitkat Double Choco,Nestlé,63g,14g,14.0,446,6.3,25.3,48.1,,42.2,88,62,0.9,3.5,6.7,wafers,E,en:india,2026-03-05,ok,Open Food Facts (ODbL)
8901058015171,Nestle KitKat,Nestlé,22.1,1 chocolate (22.1 g),22.1,438,6.4,24.8,47.4,,35.1,97,97,1.4,5.5,10.5,Snacks;Sweet snacks;Cocoa and its products;Confectioneries;Chocolate candies;Bars;Candy chocolate bars;Chocolate biscuity bars,E,en:india,2026-03-07,ok,Open Food Facts (ODbL)
8901058017670,Maggi 280g,Maggi,280,70 g,70.0,384,8.1,12.6,59.6,,1.9,1000,269,5.7,8.8,41.7,Plant-based foods and beverages;Plant-based foods;Pastas;Noodles,E,en:india;en:united-states,2026-05-21,ok,Open Food Facts (ODbL)
8901058017687,maggi,Maggi,75,1 portion (70 g),70.0,384,8.2,12.5,59.4,,1.8,1000,269,5.7,8.8,41.6,Maggi;Maggie,E,en:india,2026-04-22,ok,Open Food Facts (ODbL)
8901058019339,2 Minutes Noodles,Maggie,,70 g,70.0,384,8.2,12.5,59.6,,1.8,1028,269,5.7,8.8,41.7,en:instant-noodles,UNKNOWN,en:germany;en:india,2026-03-24,ok,Open Food Facts (ODbL)
8901058021950,Nestle Milkmaid Mini,Nestle,190g,,,126,2.5,0.1,28.7,0.0,28.6,33,,,,,en:flavoured-milks,E,en:india,2026-05-23,ok,Open Food Facts (ODbL)
8901058022384,Dahi,Nestle,,1 portion (100 g),100.0,53,2.9,3.0,4.1,,2.3,37,53,2.9,3.0,4.1,Dahi,B,en:india,2026-03-12,ok,Open Food Facts (ODbL)
8901058022872,Masala Veg Atta Noodles,Maggi,,72.5 g,72.5,314,7.7,10.3,50.3,4.6,2.5,799,228,5.6,7.5,36.5,en:instant-noodles,UNKNOWN,en:india,2026-03-25,ok,Open Food Facts (ODbL)
8901058023329,KitKat Delights Hazelnut,Nestle,,2 fingers (24 g),24.0,418,4.9,22.9,48.0,,36.4,42,100,1.2,5.5,11.5,,UNKNOWN,en:india,2026-03-02,ok,Open Food Facts (ODbL)
8901058023787,Maggi 140g,Maggi,Variety of packet sizes. The one I scanned and gave details of has Net Quantity of 140g,70g,70.0,269,5.7,12.6,59.6,,1.9,1000000,188,4.0,8.8,41.7,Plant-based foods and beverages;Plant-based foods;Condiments;Herbs and spices;Dried products;Pastas;Dried products to be rehydrated;Noodles;Instant noodles;Tastemaker,UNKNOWN,en:india,2026-03-30,ok,Open Food Facts (ODbL)
8901058023800,Maggi,Maggi,560,1 piece (70 g),70.0,401,8.1,12.6,59.6,,,,281,5.7,8.8,41.7,Noodles;Spices,NOT-APPLICABLE,en:india,2026-05-24,ok,Open Food Facts (ODbL)
8901058023848,Baby Cereal Rice,Nestlé,,,,370,6.0,0.2,86.2,0.5,14.5,12,,,,,Plant-based foods and beverages;Plant-based foods;Cereals and potatoes;Cereals and their products;Baby foods,NOT-APPLICABLE,en:india,2026-05-26,ok,Open Food Facts (ODbL)
8901058024425,Maggie Double Masala Instant Noodles,Maggie,98g,47.5g,47.5,369,7.2,13.2,55.3,,1.7,1242,175,3.4,6.3,26.3,Plant-based foods and beverages;Plant-based foods;Pastas;Noodles;Instant Noodles,UNKNOWN,en:india,2026-04-17,ok,Open Food Facts (ODbL)
8901058025392,Masala - a - magic,Maggi,20 units * 6 g = 120 g,,,166,0.0,2.9,30.7,9.1,13.5,10916,,,,,Mixed-masala-powder;Masala,E,en:india,2026-04-20,ok,Open Food Facts (ODbL)
8901058027129,Maggi 2-minute noodles with limited edition bowl,Maggi,2 x 450g,,,384,8.2,12.5,59.6,,1.8,1000,,,,,Instant noodles;Noodles,UNKNOWN,en:india,2026-04-04,ok,Open Food Facts (ODbL)
8901058028935,Milkybar Choo,Nestle,,1 bar (11 g),11.0,434,4.8,15.4,68.9,,55.4,60,48,0.5,1.7,7.6,Candy chocolate bars,E,en:india,2026-04-11,ok,Open Food Facts (ODbL)
8901058028959,Milkybar,Nestle,11g,,,436,5.0,15.1,69.8,,52.0,,,,,,Chocolate,UNKNOWN,en:india,2026-04-21,ok,Open Food Facts (ODbL)
8901058029949,Milkybar,Nestle,24.5g,12.2,,524,11.1,30.0,50.1,,40.9,117,,,,,Snacks;Sweet snacks;Cocoa and its products;Confectioneries;Chocolate candies;Bars;Chocolates;Milk chocolates;Candy chocolate bars;Milk chocolate bar;Soft Candy,E,en:india,2026-05-22,ok,Open Food Facts (ODbL)
8901058823844,Maggie 8pk,Nestlé,,230g,230.0,132,2.9,4.7,19.0,1.2,1.0,380,304,6.7,10.8,43.7,Plant-based foods and beverages; Plant-based foods; Dried products; Pastas; Dried products to be rehydrated; Noodles; Instant noodles; en:spices,NOT-APPLICABLE,en:germany;en:india;en:spain,2026-03-25,ok,Open Food Facts (ODbL)
8901058850390,Classic,Nestlé,,,,515,8.7,27.8,57.5,1.9,49.8,198,,,,,,UNKNOWN,en:india,2026-05-19,ok,Open Food Facts (ODbL)
8901058851304,Maggi Masala Noodles,Nestlé,70g,70,,427,8.0,15.7,63.5,3.6,1.2,1172,,,,,Plant-based foods and beverages;Plant-based foods;Cereals and potatoes;Cereals and their products;Dried products;Pastas;Dried products to be rehydrated;Noodles;Instant noodles,UNKNOWN,en:france;en:india,2026-03-19,ok,Open Food Facts (ODbL)
8901058851328,Maggi 2 Minutes Noodles Masala,Maggi,,,,437,10.4,15.7,63.6,,3.4,1232,,,,,instant noodles,UNKNOWN,en:france;en:india;en:spain,2026-03-14,ok,Open Food Facts (ODbL)
8901058851335,maggi,Maggi,560g,,,427,8.0,15.7,63.5,,2.2,493,,,,,aliments-d'origine-végétale; aliments-et-boissons-à-base-de-végétaux; céréales-et-dérivés; céréales-et-pommes-de-terre; fr:nouilles,D,en:france;en:india,2026-03-12,ok,Open Food Facts (ODbL)
8901058858860,Maggi Atta noodle - Masala,Maggi,4 pack - 300g,,,422,12.0,14.6,60.6,6.0,2.8,1100,,,,,Plant-based foods and beverages; Plant-based foods; Dried products; Pastas; Dried products to be rehydrated; Noodles; Instant noodles,UNKNOWN,en:france;en:india,2026-03-24,ok,Open Food Facts (ODbL)
8901058861921,Milky bar,Nestlé,42 g,7 g,7.0,524,11.1,30.0,50.1,,40.9,117,37,0.8,2.1,3.5,Snacks; Sweet snacks; Cocoa and its products; Confectioneries; Chocolates; Milk chocolates; Milk chocolate bar; en:chocolate-candies,E,en:india,2026-05-11,ok,Open Food Facts (ODbL)
8901058867015,Gold Blend Instant Coffee,Nescafe,50g,,,397,14.4,15.4,40.2,19.8,,74,,,,,Plant-based foods and beverages; Plant-based foods; Coffees; en:instant-coffees,UNKNOWN,en:india,2026-05-04,ok,Open Food Facts (ODbL)
8901058898330,Nescafe choco mocha,Nestle,180 ml,100 g,100.0,69,3.2,1.6,10.5,0.0,8.1,83,69,3.2,1.6,10.5,en:coffees,D,en:india,2026-04-17,ok,Open Food Facts (ODbL)
8901058903164,KitKat win gold,nestle,38.5 gm,1 portion (9.625 g),9.6,436,6.2,24.9,47.8,,35.3,98,42,0.6,2.4,4.6,Snacks; Sweet snacks; Cocoa and its products; Confectioneries; Bars; Chocolate candies; Bars covered with chocolate; Chocolate biscuity bars; fr:Barre chocolatée biscuitée type KitKat; Sweet snacks ca,E,en:india,2026-04-20,ok,Open Food Facts (ODbL)
8901058903959,milkmaid 100+ recipes,Nestlé,380 g,,,303,8.5,3.9,58.4,0.0,58.4,110,,,,,Dairies; Condensed milks; Sweetened condensed milk,E,en:india,2026-03-09,ok,Open Food Facts (ODbL)
8901058905113,Kit kat,NESTLE,57 g (2 UNITS x 28.5 g),28.5 g,28.5,448,6.4,24.8,47.4,0.0,35.1,97400,128,1.8,7.1,13.5,Chocolate snacks,E,en:india,2026-04-23,ok,Open Food Facts (ODbL)
8901063001022,Britannia nutri choice,Britannia,,,,492,8.1,19.9,70.2,7.7,18.6,224,,,,,en:biscuits,D,en:india,2026-03-20,ok,Open Food Facts (ODbL)
8901063004221,Good Day Chocochip cookies,Britania,111g,,,511,5.6,23.9,68.5,,32.0,200,,,,,,UNKNOWN,en:india,2026-03-26,ok,Open Food Facts (ODbL)
8901063014299,vita meri,Britannia,,,,449,7.3,11.4,79.3,,23.6,255,,,,,Plant-based foods and beverages; Plant-based foods; Breakfasts; Cereals and potatoes; Cereals and their products; Breakfast cereals; en:biscuits,E,en:india,2026-04-26,ok,Open Food Facts (ODbL)
8901063029255,Jimjam 57g (57),Britannia,57 g,,,483,5.0,19.0,73.0,0.0,32.9,211000,,,,,Biscuits,D,en:india,2026-04-03,ok,Open Food Facts (ODbL)
8901063032675,B. waffy choco,Britannia,50g,14g,14.0,514,6.5,24.3,67.2,,40.3,155,72,0.9,3.4,9.4,Snacks;Sweet snacks;Biscuits and cakes;Biscuits and crackers;Biscuits;Wafers,E,en:india,2026-03-05,ok,Open Food Facts (ODbL)
8901063032941,Treat Creme Wafers,Britannia,,1 Wafer Pack (4 Wafers) (32 g),32.0,497,7.0,21.0,70.0,,,,159,2.2,6.7,22.4,,UNKNOWN,en:india,2026-04-12,ok,Open Food Facts (ODbL)
8901063092785,Gâteau,,,,,505,6.3,23.0,68.2,,27.4,0,,,,,,UNKNOWN,en:france;en:india,2026-03-26,ok,Open Food Facts (ODbL)
8901063092792,Britannia Good Day Butter Jeera Biscuits,Britannia,90g,15 g,15.0,506,6.4,23.1,68.2,,20.8,592,76,1.0,3.5,10.2,biscuits,E,en:india,2026-02-26,ok,Open Food Facts (ODbL)
8901063092853,Good Day cashew cookie,Britannia,30.2 g,,,504,7.0,24.0,65.0,,22.0,218,,,,,Snacks;Sweet snacks;Biscuits and cakes;Biscuits and crackers;Biscuits,E,en:india;en:united-kingdom,2026-03-27,ok,Open Food Facts (ODbL)
8901063093522,Good Day - Cashew Cookies,Britannia,52.5 g,15g,15.0,512,7.0,24.0,67.0,0.0,22.0,0,77,1.1,3.6,10.1,Snacks;Sweet snacks;Biscuits and cakes;Biscuits;Cooking helpers;Dessert mixes;Pastry helpers;Variety packs;Baking Mixes;Biscuits or cookies variety packs;Biscuit mixes;Biscuits/Cookies (Shelf Stable),UNKNOWN,en:india,2026-05-18,ok,Open Food Facts (ODbL)
8901063093607,8901063093607(565),Britannia,,1 portion (100 g),100.0,509,6.7,23.7,67.3,,20.5,220,509,6.7,23.7,67.3,Snacks; Sweet snacks; Biscuits and cakes; Biscuits and crackers; en:biscuits,E,en:india,2026-05-07,ok,Open Food Facts (ODbL)
8901063136441,The Original Bourbon Creme Biscuit with Chocolate,Britannia,390 g,33 g,33.0,494,6.1,21.2,72.7,1.8,39.4,118,163,2.0,7.0,24.0,Snacks; Sweet snacks; Biscuits and cakes; Biscuits; Biscuit (cookie) snack w chocolate filling; en:chocolate-biscuits,E,en:australia;en:canada;en:india;en:united-states,2026-04-01,ok,Open Food Facts (ODbL)
8901063138162,Nutri choice Arrowroot,Britannia,300 g,,,452,8.0,12.0,78.0,,21.0,98,,,,,,UNKNOWN,en:india,2026-04-05,ok,Open Food Facts (ODbL)
8901063139213,Brit bourbon 150g (sys),Britannia,,,,494,5.0,20.3,72.7,,37.0,119,,,,,Snacks; Sweet snacks; Biscuits and cakes; Biscuits and crackers; Biscuits; en:chocolate-biscuits,E,en:india,2026-03-18,ok,Open Food Facts (ODbL)
8901063139350,BRITANNIA bourbon 500g,Britannia,5 x 100 g,,,494,5.0,20.3,72.7,,37.0,119,,,,,,UNKNOWN,en:india,2026-03-10,ok,Open Food Facts (ODbL)
8901063142015,Nutri Choice,Britannia Digestive,100 g,17 g,17.0,481,9.1,20.9,68.0,7.3,13.1,0,82,1.5,3.6,11.6,Snacks; Sweet snacks; Biscuits and cakes; Biscuits,D,en:france;en:india,2026-03-21,ok,Open Food Facts (ODbL)
8901063142022,Britannia Nutrichoice Digestive,britannnia,250g,15g,15.0,481,9.1,20.9,68.0,7.3,13.1,368,72,1.4,3.1,10.2,Snacks;Sweet snacks;Biscuits and cakes;Biscuits;Digestive biscuite,E,en:france;en:india,2026-03-21,ok,Open Food Facts (ODbL)
8901063142657,Digestvie nutri choice,Nitro Choice,,1 portion (100 g),100.0,483,9.3,20.8,68.0,6.7,12.7,,483,9.3,20.8,68.0,en:biscuits,UNKNOWN,en:india,2026-04-01,ok,Open Food Facts (ODbL)
8901063142664,britannia,Britannia,,,,483,9.3,20.8,68.0,6.7,12.7,362,,,,,Snacks;Sweet snacks;Biscuits and cakes;Biscuits and crackers;Biscuits,E,en:india,2026-03-18,ok,Open Food Facts (ODbL)
8901063142718,Oats & Millets Orange Flavour Cookies,Britannia Nutrichoice,,2 biscuits (17 g),17.0,471,7.8,19.4,70.3,8.0,15.6,351,80,1.3,3.3,12.0,,UNKNOWN,en:india,2026-05-11,ok,Open Food Facts (ODbL)
8901063142862,Nutri Choice Biscuits,Britannia,,,,479,8.6,21.0,68.4,9.0,,396,,,,,,UNKNOWN,en:india,2026-05-09,ok,Open Food Facts (ODbL)
8901063146280,Winkin cow thick Lassi classic 180ml,Britannia,,100 ml,100.0,62,1.2,1.2,11.6,,11.6,80,62,1.2,1.2,11.6,Dairies; Fermented foods; Fermented milk products; Desserts; Dairy desserts; Fermented dairy desserts; Yogurts; en:fermented-milk-drinks,E,en:india,2026-03-12,ok,Open Food Facts (ODbL)
8901063146457,Britannia winking cow chocolate 180ml,Britannia,180ml,180 ml,180.0,109,3.9,2.9,16.7,,16.2,65,196,7.0,5.2,30.1,Chocolate milks,E,en:india,2026-03-24,ok,Open Food Facts (ODbL)
8901063154049,Britannia Nutrichoice Oatmeal Cookies,Britannia,,,,483,8.0,19.0,70.0,,3.0,0,,,,,en:biscuits,D,en:france;en:india,2026-02-21,ok,Open Food Facts (ODbL)
8901063155572,Tiger Krunch,Britannia,,,,487,6.1,19.1,72.8,,28.3,178,,,,,,UNKNOWN,en:india,2026-02-25,ok,Open Food Facts (ODbL)
8901063155619,Britannia Tiger Krunch Chocochips,Britannia,60 g,16g,16.0,487,6.1,19.1,72.8,,28.3,178,78,1.0,3.1,11.6,en:biscuits,D,en:india,2026-03-18,ok,Open Food Facts (ODbL)
8901063162914,Marie Gold Biscuit,Britannia,64 g,15 g,15.0,445,7.9,10.6,79.5,0.0,21.2,316,67,1.2,1.6,11.9,Snacks;Sweet snacks;Biscuits and cakes;Biscuits and crackers;Biscuits;Biscuit,E,en:india;en:united-kingdom,2026-03-27,ok,Open Food Facts (ODbL)
8901063162976,Doodh Marie Gold,Britannia,,7 g,7.0,433,9.8,11.0,76.9,6.3,21.0,293,30,0.7,0.8,5.4,,UNKNOWN,en:india,2026-04-30,ok,Open Food Facts (ODbL)
8901063166257,Chocolate Bar,Britannia Tiger Kreemz  Choco,,4 biscuits (31 g),31.0,140,2.0,4.0,24.0,,10.0,,43,0.6,1.2,7.4,,UNKNOWN,en:india,2026-05-14,ok,Open Food Facts (ODbL)
8901063325227,Toast Tea Rusk,Britannia,50,Approx. 17g (Approx. 2 Rusks),17.0,432,9.2,8.0,80.9,,20.3,213,74,1.6,1.4,13.8,Snacks,D,en:india,2026-04-03,ok,Open Food Facts (ODbL)
8901063341241,Atta Kulcha Bread,Britannia,250g,1.0 portion (50.0 g),50.0,298,8.5,4.3,56.2,4.4,3.4,605,149,4.2,2.1,28.1,Plant-based foods and beverages;Plant-based foods;Cereals and potatoes;Cereals and their products;Breads,C,en:india,2026-04-22,ok,Open Food Facts (ODbL)
8901063341500,White bread,Britannia,,35 g,35.0,250,7.4,1.2,52.4,,,,88,2.6,0.4,18.3,en:breads,UNKNOWN,en:india,2026-03-26,ok,Open Food Facts (ODbL)
8901063342354,sandwich white bread,Britannia,450g,56 g,56.0,250,7.2,1.3,52.5,,2.6,446,140,4.0,0.7,29.4,Plant-based foods and beverages;Plant-based foods;Cereals and potatoes;Breads,B,en:india,2026-05-23,ok,Open Food Facts (ODbL)
8901063343450,Brown Bread,Britania,,,,248,7.9,1.5,51.6,3.0,1.9,562,,,,,en:breads,C,en:india,2026-04-09,ok,Open Food Facts (ODbL)
8901063344525,Atta Bread,Britania,,4 slices (100 g),100.0,245,7.9,2.0,51.1,4.5,1.7,483,245,7.9,2.0,51.1,,UNKNOWN,en:india,2026-03-19,ok,Open Food Facts (ODbL)
8901063367173,5050 Maska Chaska,Britannia,,1 Biscuit Pack (5 Biscuits) (38 g),38.0,525,7.7,26.5,63.8,,9.8,1065,200,2.9,10.1,24.2,en:biscuits,UNKNOWN,en:india;en:united-states,2026-02-24,ok,Open Food Facts (ODbL)
8901063367319,Maska Chaska,Britannia,38 g,12 g,12.0,525,7.7,26.5,63.8,,7.5,1065,63,0.9,3.2,7.7,Biscuits and crackers;Dry biscuits,E,en:india,2026-02-25,ok,Open Food Facts (ODbL)
8901063368026,Gobbles fruit cake 55gm,Britannia,,11 g,11.0,427,5.9,19.7,56.4,,25.2,231,47,0.6,2.2,6.2,Snacks; Sweet snacks; Biscuits and cakes; Cakes; en:bars,E,en:india,2026-03-28,ok,Open Food Facts (ODbL)
8901063368606,Gobbles Frooty Fun Cake,,50 g,10 g,10.0,415,5.7,17.3,59.0,,30.2,253,42,0.6,1.7,5.9,Biscuits and cakes,E,en:india,2026-05-25,ok,Open Food Facts (ODbL)
8901063368613,Gobbles Choco Chill Cake,Britannia,45 g 5g = 50 g,10 g,10.0,420,5.6,18.4,58.0,,27.5,181,42,0.6,1.8,5.8,Biscuits and cakes,E,en:india,2026-05-23,ok,Open Food Facts (ODbL)
8901063401136,Cheese Slices,Britannia,,10 slices (100 g),100.0,309,17.0,25.0,4.0,,4.0,1426,309,17.0,25.0,4.0,en:cheeses,E,en:india,2026-04-18,ok,Open Food Facts (ODbL)
8901071211161,COCOA POWDER MEDIUM FAT COCOA POWDER,HERSHEY'S,225 g,1 tablespoon (15 g),15.0,467,19.6,11.0,58.0,33.0,1.8,4,70,2.9,1.6,8.7,Cocoa and its products; Cocoa and chocolate powders; Cocoa powders; Powder,UNKNOWN,en:india,2026-05-10,ok,Open Food Facts (ODbL)
8901071211307,Hershey's syrup,Hershey's,200g,,,276,1.3,0.6,66.6,0.0,63.7,73,,,,,Sirops;en:Chocolate syrup,D,en:india,2026-04-11,ok,Open Food Facts (ODbL)
8901071701396,Hershey's Spreads Cocoa with Almond,Hershey's,150g,15g,15.0,548,2.2,32.7,61.4,,59.5,110,82,0.3,4.9,9.2,Breakfasts; Spreads; Sweet spreads; fr:Pâtes à tartiner; Hazelnut spreads; Chocolate spreads; Cocoa and hazelnuts spreads,E,en:india,2026-05-25,ok,Open Food Facts (ODbL)
8901071702102,Hershey's Cocoa,Hershey's,70g,1 serving (100 g),100.0,409,19.6,11.0,58.0,33.0,1.8,4,409,19.6,11.0,58.0,Cocoa and its products; Cocoa and chocolate powders; en:cocoa-powders,UNKNOWN,en:india,2026-04-27,ok,Open Food Facts (ODbL)
8901071702195,Exotic dark,Hershey's,,,,453,1.7,13.7,80.5,,64.7,61,,,,,Dark chocolates,E,en:india,2026-03-14,ok,Open Food Facts (ODbL)
8901071702744,Hershey's Hot Chocolate,Hershey's,240g,20g,20.0,399,5.9,3.0,87.0,10.0,70.0,4,80,1.2,0.6,17.4,Cocoa and its products; Cocoa and chocolate powders; en:instant-beverages,UNKNOWN,en:india,2026-04-05,ok,Open Food Facts (ODbL)
8901071704496,HERSHEY KISSes,SHARES,100.8g,4.2 g,4.2,570,7.5,37.1,52.0,,39.8,45,24,0.3,1.6,2.2,Dark chocolates with almonds,E,en:india,2026-03-20,ok,Open Food Facts (ODbL)
8901071705646,Milk Chocolate,Hershey's,38 g,,,553,8.8,32.0,53.4,,51.8,107,,,,,Snacks;Sweet snacks;Cocoa and its products;Confectioneries;Chocolate candies;Bars;Candy chocolate bars;milk chocolate,E,en:india,2026-05-04,ok,Open Food Facts (ODbL)
8901071705721,Creamy Milk Chocolate bar,Hersheys,,1 portion (100 g),100.0,553,8.8,32.0,53.0,,,,553,8.8,32.0,53.0,,UNKNOWN,en:india,2026-03-24,ok,Open Food Facts (ODbL)
8901071732451,Hershey's milk shake almond flavor,Hershey's,180ml,180 ml,180.0,88,1.7,1.8,16.1,0.0,16.1,57,159,3.0,3.2,29.0,Beverages;Dairies;Dairy drinks;Milks;Flavoured milks,E,en:india,2026-02-25,ok,Open Food Facts (ODbL)
8901071732468,Milkshake vanilla Ice cream flavor,Hershey's,180 ml,180 ml,180.0,90,1.7,1.8,16.7,,16.1,57,162,3.0,3.2,30.0,Beverages and beverages preparations;Beverages;Dairies;Dairy drinks;Flavoured milks,E,en:india,2026-05-18,ok,Open Food Facts (ODbL)
8901071732598,HERSHEY'S,Hershey's,,180 g,180.0,88,1.7,1.8,16.1,,16.1,57,159,3.0,3.2,29.0,Beverages and beverages preparations;Beverages;Dairies;Dairy drinks;Flavoured milks;Milkshakes,E,en:india,2026-02-25,ok,Open Food Facts (ODbL)
8901088000345,Coconut oil,Parachute,200ml(182g),18(10g),10.0,900,0.0,100.0,0.0,0.0,0.0,0,90,0.0,10.0,0.0,Plant-based foods and beverages; Plant-based foods; Fats; Vegetable fats; Vegetable oils; Fruit and fruit seed oils; Coconut oils,E,en:france;en:india;en:somalia,2026-03-13,ok,Open Food Facts (ODbL)
8901088000451,Parachnute 100% Pure Coconut Oil,Parachute,,,,900,0.0,100.0,0.0,0.0,0.0,0,,,,,Plant-based foods and beverages;Plant-based foods;Fats;Vegetable fats;Vegetable oils;Fruit and fruit seed oils;Coconut oils,E,en:france;en:india;en:somalia,2026-03-13,ok,Open Food Facts (ODbL)
8901088055772,Oats,Saffola,1kg,40g,40.0,369,12.6,8.0,66.8,10.4,0.5,5,148,5.0,3.2,26.7,Plant-based foods and beverages; Plant-based foods; Cereals and potatoes; Seeds; Cereals and their products; Cereal grains; Oat; en:rolled-oats,A,en:india,2026-05-01,ok,Open Food Facts (ODbL)
8901088055802,100% pure coconut oil,parachute,,,,900,0.0,100.0,0.0,,0.0,0,,,,,Alimentos y bebidas de origen vegetal; Alimentos de origen vegetal; Aceites y grasas; Grasas vegetales; Aceites vegetales; Aceites de frutas y semillas de frutas; Aceites de coco,E,en:india;en:spain,2026-03-27,ok,Open Food Facts (ODbL)
8901088069083,Saffola Honey 1 Kg,Saffola,1kg,20 g,20.0,325,0.2,0.0,81.0,0.0,81.0,13,65,0.1,0.0,16.2,Breakfasts;Spreads;Sweet spreads;Bee products;Farming products;Sweeteners;Honeys,E,en:india,2026-05-06,ok,Open Food Facts (ODbL)
8901088129800,Masala Oats,Saffola,500 g,38 g,38.0,340,9.9,7.2,71.8,12.9,5.7,2402,129,3.8,2.7,27.3,plant-based-foods-and-beverages; plant-based-foods; cereals-and-potatoes; seeds; cereals-and-their-products; cereal-grains; oat; it:avena,D,en:india,2026-03-13,ok,Open Food Facts (ODbL)
8901088129817,Masala oats 550g,Saffola,500 g,38 g,38.0,347,8.8,9.2,69.7,12.5,7.3,2244,132,3.3,3.5,26.5,Rolled oats with vegetables,E,en:india;en:united-states,2026-05-06,ok,Open Food Facts (ODbL)
8901088129824,Classic masala,saffola,500,,,362,11.9,12.1,64.1,12.7,4.7,2126,,,,,,UNKNOWN,en:india,2026-03-06,ok,Open Food Facts (ODbL)
8901088745109,Saffola Masala Oats Veggie Twist,Saffola,1kg,38g,38.0,368,9.2,9.7,65.8,10.0,6.1,1940,140,3.5,3.7,25.0,Rolled oats,E,en:india,2026-04-17,ok,Open Food Facts (ODbL)
8901088759533,Masala Oats Classic Masala,Saffola,,1 serving (38 g),38.0,366,8.7,7.6,70.5,9.7,6.1,2089,139,3.3,2.9,26.8,en:breakfast-cereals,E,en:india,2026-05-02,ok,Open Food Facts (ODbL)
8901095000017,Society tea,Society,,,,0,0.0,0.0,0.0,0.0,0.0,2,,,,,tea,B,en:india,2026-05-26,ok,Open Food Facts (ODbL)
8901095003018,Society tea 500 g,Society,,,,0,0.0,0.0,0.0,0.0,0.0,2,,,,,Beverages and beverages preparations;Plant-based foods and beverages;Beverages;Hot beverages;Plant-based beverages;Teas,B,en:india,2026-05-12,ok,Open Food Facts (ODbL)
8901095004015,Society tea,Society,250 GM,,,0,0.0,0.0,0.0,0.0,0.0,2,,,,,tea,B,en:india,2026-05-26,ok,Open Food Facts (ODbL)
8901117289963,prolyte ORS Nimbu Paani Flavour,CiplaHealth,,1 packet (22.4 g),22.4,241,0.0,0.0,60.3,,,,54,0.0,0.0,13.5,Beverages and beverages preparations;Diet beverages;Dietary drink for sport,UNKNOWN,en:india,2026-05-12,ok,Open Food Facts (ODbL)
8901123003720,LOTTE PIE,Lotte,504g,1 portion (23 g),23.0,433,4.0,17.0,66.0,,37.0,185,100,0.9,3.9,15.2,,UNKNOWN,en:india,2026-02-26,ok,Open Food Facts (ODbL)
8901127034270,Prohance - HP Vanilla Flavour,Prohance,400 g,25 g,25.0,370,45.0,7.0,28.8,6.1,20.0,150,93,11.2,1.8,7.2,Beverages and beverages preparations; en:protein-powders,NOT-APPLICABLE,en:india,2026-05-08,ok,Open Food Facts (ODbL)
8901155101210,Gulab Jamun,Gits,200 g,1 tbsp. (14.3 g),14.3,420,17.0,13.6,57.0,0.0,18.2,769,60,2.4,1.9,8.2,Gulab Jamun,E,en:france;en:india,2026-05-10,ok,Open Food Facts (ODbL)
8901192001207,Catch Black Salt,catch,,,,0,0.0,0.0,0.0,0.0,0.0,98,,,,,Condiments; en:groceries,B,en:france;en:india,2026-03-26,ok,Open Food Facts (ODbL)
8901192205261,Ginger Garlic - Culinary Paste,Catch,200 g,10g,10.0,65,1.9,0.2,1.4,,6.4,1452,6,0.2,0.0,0.1,Condiments;Sauces,UNKNOWN,en:india,2026-05-01,ok,Open Food Facts (ODbL)
8901192215864,Catch peri peri,,100 grams,,,307,11.9,5.7,52.0,0.0,25.0,8810,,,,,,UNKNOWN,en:india,2026-04-15,ok,Open Food Facts (ODbL)
8901192226150,Hing (Asafoetida),Catch,100g,0.1g,0.1,382,8.6,4.0,71.8,,12.3,61,0,0.0,0.0,0.1,Asafoetida,NOT-APPLICABLE,en:india,2026-04-17,ok,Open Food Facts (ODbL)
8901205039357,Vahdam Matcha Green Tea,Vahdam,50g,2 g,2.0,5,0.0,0.0,1.1,0.0,0.0,4,0,0.0,0.0,0.0,Beverages and beverages preparations;Plant-based foods and beverages;Beverages;Hot beverages;Plant-based beverages;Teas,B,en:india,2026-04-14,ok,Open Food Facts (ODbL)
8901207005527,Honey Squeezy,Dabur,400g,,,320,0.0,0.0,80.0,0.0,80.0,17,,,,,Breakfasts;Spreads;Sweet spreads;Bee products;Farming products;Sweeteners;Honeys;Food,D,en:france;en:india,2026-03-23,ok,Open Food Facts (ODbL)
8901207014321,Coconut water,Real,200ml,,,18,0.0,0.0,4.5,,4.5,,,,,,,UNKNOWN,en:india,2026-03-24,ok,Open Food Facts (ODbL)
8901207025365,Honey,Dabur,250,21 g,21.0,320,0.0,0.0,80.0,0.0,80.0,17,67,0.0,0.0,16.8,Breakfasts; Spreads; Sweet spreads; Bee products; Farming products; Sweeteners; Honeys,E,en:france;en:india,2026-03-25,ok,Open Food Facts (ODbL)
8901207035500,DaburHommade green chutney,Hommade,,,,30,1.7,0.3,5.5,2.4,2.4,1000,,,,,Chutneys,UNKNOWN,en:india,2026-03-24,ok,Open Food Facts (ODbL)
8901207035517,Dabur garlic chutney,Dabur Homemade,200g,1 portion (189 g),189.0,189,3.6,12.4,16.6,4.5,10.9,17,357,6.8,23.4,31.4,,UNKNOWN,en:india,2026-05-24,ok,Open Food Facts (ODbL)
8901207037795,activ 100% Coconut water,Real,1 l,100 ml,100.0,20,0.0,0.0,5.0,0.0,4.6,25,20,0.0,0.0,5.0,Beverages and beverages preparations;Plant-based foods and beverages;Beverages;Plant-based beverages;Waters;Coconut waters,C,en:india,2026-03-05,ok,Open Food Facts (ODbL)
8901207038334,Anmol Gold Coconut Oil,Dabur,550ml (503.25g),9.2g/10ml,9.2,900,0.0,100.0,0.0,0.0,0.0,0,83,0.0,9.2,0.0,Coconut oils,E,en:india,2026-04-17,ok,Open Food Facts (ODbL)
8901207042935,Dabur Honey,,1.3 kg,21 g,21.0,320,0.0,0.0,80.0,0.0,80.0,17,67,0.0,0.0,16.8,Honeys,UNKNOWN,en:india,2026-05-15,ok,Open Food Facts (ODbL)
8901207043772,Coconut water,Dabur,,,,20,0.0,0.0,5.0,0.0,4.6,25,,,,,Beverages and beverages preparations;Plant-based foods and beverages;Beverages;Plant-based beverages;Coconut waters,UNKNOWN,en:india,2026-05-02,ok,Open Food Facts (ODbL)
8901207051173,Dabur honey,,,,,320,0.0,0.0,80.0,0.0,80.0,17000,,,,,Hon; en:honeys,UNKNOWN,en:india,2026-03-07,ok,Open Food Facts (ODbL)
8901242114406,Bambino Vermicelli,Bambino,425g,,,381,10.5,1.0,82.5,3.0,0.0,0,,,,,Vermicelli,A,en:india,2026-04-15,ok,Open Food Facts (ODbL)
8901246003492,Del monte,Del Monte,,1 portion (100 g),100.0,110,0.0,0.0,27.5,,18.4,932,110,0.0,0.0,27.5,,UNKNOWN,en:india,2026-04-11,ok,Open Food Facts (ODbL)
8901246005373,TOMATO KETCHUP CLASSIC BLEND,Del Monte,900 g,15 g,15.0,110,0.0,0.0,27.5,,18.4,932100,16,0.0,0.0,4.1,Condiments; Sauces; Tomato sauces; Ketchup,E,en:india,2026-05-21,ok,Open Food Facts (ODbL)
8901262010207,Butter School Pack,Amul,100 g,,,724,1.0,80.0,0.0,,0.0,955,,,,,butter,E,en:india;en:united-kingdom,2026-02-19,ok,Open Food Facts (ODbL)
8901262010504,Amul Peanut Spread,Amul,300g,,,605,25.0,45.0,25.0,6.9,6.2,0,,,,,Plant-based foods and beverages;Plant-based foods;Legumes and their products;Spreads;Plant-based spreads;Oilseed purees;Legume butters;Peanut butters,A,en:india,2026-03-31,ok,Open Food Facts (ODbL)
8901262020039,Amul cheese,Amul,200 g,25g,25.0,320,20.0,28.0,0.0,0.0,0.0,1400,80,5.0,7.0,0.0,Dairies; Fermented foods; Fermented milk products; Cheeses,E,en:india,2026-03-07,ok,Open Food Facts (ODbL)
8901262020046,Pure Milk Cheese Slices,Amul,100g,20g,20.0,311,20.0,25.0,1.5,,1.5,1200,62,4.0,5.0,0.3,en:cheeses,E,en:france;en:india,2026-03-15,ok,Open Food Facts (ODbL)
8901262020091,Cheese Cube,Amul,,25 g,25.0,311,20.0,25.0,1.5,,1.5,1220,78,5.0,6.2,0.4,en:cheeses,E,en:india,2026-04-26,ok,Open Food Facts (ODbL)
8901262020534,Cheddar Cheese,Amul,,,,387,25.0,31.0,2.0,,2.0,885,,,,,,UNKNOWN,en:india,2026-03-18,ok,Open Food Facts (ODbL)
8901262020558,Diced Cheese,Amul,,1 serving (45 g),45.0,289,23.0,21.0,2.0,,2.0,400,130,10.3,9.4,0.9,en:cheeses,C,en:india,2026-03-25,ok,Open Food Facts (ODbL)
8901262030151,Amul Ghee 1ltr,Amul,1 ltr,,,897,0.0,99.7,0.0,1.4,0.0,0,,,,,Produits laitiers; Matières grasses; Produits à tartiner; Matières grasses à tartiner; Matières grasses animales; Matière grasse laitière; en:dairy-spread; Beurres; Matière grasse de beurre; Ghi,E,en:france;en:india,2026-03-13,ok,Open Food Facts (ODbL)
8901262030243,Amul gee,Amul,1L,14g,14.0,900,0.0,100.0,0.0,0.0,0.0,0,126,0.0,14.0,0.0,Dairies; Fats; Spreads; Spreadable fats; Animal fats; Dairy spreads; Milkfat; Butters,E,en:india;en:united-states,2026-04-09,ok,Open Food Facts (ODbL)
8901262030458,Ghee,Amul,200ml,181g,181.0,496,0.0,55.1,0.0,0.0,0.0,0,897,0.0,99.7,0.0,Fats; Animal fats; Butter fat; Clarified butter; Ghee; en:butters,E,en:india,2026-05-04,ok,Open Food Facts (ODbL)
8901262030878,Amul cow ghee 1ltr,Amul,1ltr,,,897,0.0,99.7,0.0,,0.0,0,,,,,,UNKNOWN,en:india,2026-04-22,ok,Open Food Facts (ODbL)
8901262040013,Shrikhand,Amul,500g,100.0g,100.0,234,5.0,5.0,42.0,2.9,42.0,20,234,5.0,5.0,42.0,Dairies;Desserts;Dairy desserts,D,en:india,2026-02-19,ok,Open Food Facts (ODbL)
8901262070836,Amul Bitter Chocolate,Amul,150g,10,,538,9.6,39.8,37.4,0.0,25.3,0,,,,,Extra fine dark chocolates,D,en:india,2026-04-02,ok,Open Food Facts (ODbL)
8901262071048,Amul Sugar free chocolate,Amul,150g,1 portion (15 g),15.0,558,6.0,33.8,56.7,,0.5,38,84,0.9,5.1,8.5,Snacks; Sweet snacks; Cocoa and its products; Chocolates; Sugar free chocolate; en:chocolate-candies,D,en:india,2026-04-12,ok,Open Food Facts (ODbL)
8901262071208,"Amul Probiotic Chocolate, 150g",Amul,,10g,10.0,521,6.4,33.1,51.4,,43.0,38,52,0.6,3.3,5.1,chocolate,E,en:india,2026-03-30,ok,Open Food Facts (ODbL)
8901262071536,55% Dark Chocolate,Amul,,1 serving (10 g),10.0,521,6.4,33.1,51.4,,43.0,38,52,0.6,3.3,5.1,,UNKNOWN,en:india,2026-03-31,ok,Open Food Facts (ODbL)
8901262090353,Amulya dairy whitener,Amulya,200g,,,126,2.5,0.1,28.7,0.0,28.6,33,,,,,Beverages and beverages preparations;Beverages;Dairies;Milks (liquid and powder);Dried products;Dried products to be rehydrated;Dehydrated beverages;Milk powders,UNKNOWN,en:india,2026-03-11,ok,Open Food Facts (ODbL)
8901262110303,Whey Shake,Amul,,1 packet (34 g),34.0,383,74.0,5.0,10.6,,10.0,132,130,25.2,1.7,3.6,Protein powders,NOT-APPLICABLE,en:india,2026-04-25,ok,Open Food Facts (ODbL)
8901262120029,Mithai Mate,Amul,400 gm,1 tablespoon (15 g),15.0,331,7.5,9.0,55.0,,55.0,100,50,1.1,1.4,8.2,,UNKNOWN,en:india,2026-04-27,ok,Open Food Facts (ODbL)
8901262130325,Amul Pro Chocolate 500g pp,Amul,5,,,365,8.0,3.3,75.8,,64.8,200,,,,,Beverages; Sweetened beverages,E,en:india,2026-05-25,ok,Open Food Facts (ODbL)
8901262150064,Amul Taaza 1ltr,Amul,1L,100 ml,100.0,58,3.0,3.0,4.8,0.0,4.8,37,58,3.0,3.0,4.8,Dairies; Milks; Whole milks; Toned milk,C,en:france;en:india,2026-03-12,ok,Open Food Facts (ODbL)
8901262150217,Amul Taaza milk 500ml,Amul,500ml,,,58,3.0,3.0,4.8,0.0,4.8,37,,,,,Dairies; Milks; Toned milk; en:whole-milks,C,en:india,2026-03-09,ok,Open Food Facts (ODbL)
8901262150378,slim 'n' trim Skimmed Milk,Amul,,1 portion (100 ml),100.0,35,3.5,0.1,5.0,0.0,5.0,40,35,3.5,0.1,5.0,Dairies;Milks,B,en:india,2026-02-23,ok,Open Food Facts (ODbL)
8901262151429,Amul kool Cofe,Amul,200 ml,,,200,6.0,9.0,23.8,,23.8,80,,,,,Drink,E,en:india,2026-03-28,ok,Open Food Facts (ODbL)
8901262151696,Amul Lassi 250 ml,Amul,250 ml,100 ml,100.0,87,2.0,2.0,14.0,,14.0,26,87,2.0,2.0,14.0,Beverages; Dairies; Fermented foods; Fermented milk products; Desserts; Dairy desserts; Dairy drinks; Fermented dairy desserts; Fermented drinks; Yogurts; Fermented milk drinks; Drinkable-yogurts; Dai,E,en:india,2026-03-24,ok,Open Food Facts (ODbL)
8901262151863,Amul Fresh Cream,Amul,250 ml,,,35,3.3,0.2,5.0,0.0,4.9,43,,,,,Dairies; Fermented foods; Desserts; Fermented milk products; Creams; Dairy desserts; Milks; Fermented dairy desserts; fr:Fromages blancs; Fresh cream cheese with cow's milk,C,en:india,2026-02-23,ok,Open Food Facts (ODbL)
8901262152228,Amul kool elaichi 180ml,Amul,180 ml,180ml,180.0,91,3.1,3.1,12.5,,12.5,43,163,5.6,5.6,22.5,Beverages; Dairies; Dairy drinks,E,en:india,2026-02-20,ok,Open Food Facts (ODbL)
8901262152341,Amul Kool Premium Kesar Flavour,Amul,180ml,180 ml,180.0,91,3.1,3.2,12.5,,12.5,43,164,5.6,5.7,22.5,Beverages and beverages preparations;Beverages;Dairies;Dairy drinks,E,en:india,2026-03-24,ok,Open Food Facts (ODbL)
8901262152402,Butterscotch milkshake,Amul,180 ml,180 ml,180.0,141,4.0,4.5,21.0,,21.0,52,254,7.2,8.1,37.8,Boissons;Produits laitiers;Boissons lactées;Laits aromatisés;Milkshakes,E,en:india,2026-03-30,ok,Open Food Facts (ODbL)
8901262152945,Protein Lassi - Mango flavour,Amul,250 ml,250ml,250.0,60,6.0,0.3,12.6,,4.0,39,150,15.0,0.8,31.5,Beverages; Dairies; Fermented foods; Desserts; Fermented milk products; Dairy desserts; Dairy drinks; Fermented dairy desserts; Fermented drinks; Fermented milk drinks; Yogurts; Drinkable yogurts,D,en:india,2026-03-12,ok,Open Food Facts (ODbL)
8901262152952,Protein Buttermilk,Amul,200 ml,1 serving (200 ml),200.0,54,7.5,0.5,4.0,,4.0,0,108,15.0,1.0,8.0,Beverages; Dairies; Fermented foods; Desserts; Fermented milk products; Dairy desserts; Dairy drinks; Fermented dairy desserts; Fermented drinks; Fermented milk drinks; Yogurts; Drinkable yogurts,B,en:india,2026-05-12,ok,Open Food Facts (ODbL)
8901262153331,Amul Protein Blueberry Shake,Amul,,200 ml,200.0,69,10.0,0.8,9.5,,1.6,20,138,20.0,1.5,19.0,Beverages and beverages preparations;Beverages;Dairies;Fermented foods;Fermented milk products;Milks (liquid and powder);Dairy drinks;Fermented drinks;Milks;Fermented milk drinks;Lassi;Flavoured Lassi,B,en:india,2026-05-08,ok,Open Food Facts (ODbL)
8901262153348,Protein Lassi - Rose Flavour,Amul,200mL,200 ml,200.0,54,7.5,0.8,6.0,,1.6,32,107,15.0,1.7,12.0,Dairies; Fermented foods; Fermented milk products; Desserts; Dairy desserts; Fermented dairy desserts; Fermented dairy desserts with fruits; Yogurts; Fruit yogurts; Yogurts high in protein on a fruit ,B,en:india,2026-03-12,ok,Open Food Facts (ODbL)
8901262153577,Amul Taaza Milk,Amul,,1 portion (180 ml),180.0,58,2.8,3.0,4.8,,4.8,37,104,5.1,5.4,8.6,,UNKNOWN,en:india,2026-03-05,ok,Open Food Facts (ODbL)
8901262153607,Protein Lassi - Plain,Amul,200 ml,1 portion (200 ml),200.0,62,7.5,0.8,6.0,,1.6,32,124,15.0,1.7,12.0,Beverages and beverages preparations; Beverages; Dairies; Dairy drinks; en:yogurts,C,en:india,2026-04-02,ok,Open Food Facts (ODbL)
8901262172448,Amul Chocolate Brownie,Amul,1L / 540 g,,,232,4.4,12.5,26.3,,22.3,46,,,,,Chocolate icecream; Icecream; en:ice-creams,D,en:india,2026-05-16,ok,Open Food Facts (ODbL)
8901262173599,Amul Rajbhog,Amul,1L/540 g,,,259,5.2,16.5,23.1,,20.7,46,,,,,Desserts; Frozen foods; Frozen desserts; Ice creams and sorbets; Ice creams; en:ice-cream-tubs,D,en:india,2026-03-25,ok,Open Food Facts (ODbL)
8901262175814,Amul VANILLA ROYALE,Amul,125 mL / 67 g,67 g,67.0,215,3.7,13.0,20.7,,20.7,52240,144,2.5,8.7,13.9,Snacks;Ice cream in individual cup,E,en:india,2026-04-04,ok,Open Food Facts (ODbL)
8901262176132,Amul Duetz Raspberry,Amul,,50 g,50.0,174,2.2,7.8,23.6,,23.6,32,87,1.1,3.9,11.8,,UNKNOWN,en:india,2026-02-22,ok,Open Food Facts (ODbL)
8901262180115,malai paneer fresh,Amul,200g,1 serving (50 g),50.0,312,20.0,24.0,4.0,,4.0,10,156,10.0,12.0,2.0,Dairies;Fermented foods;Fermented milk products;Cheeses;Paneer,C,en:india,2026-05-22,ok,Open Food Facts (ODbL)
8901262200011,Masti Dahi,Amul,85 g,,,55,3.4,2.6,3.9,0.0,3.9,43,,,,,Dairies; Fermented foods; Fermented milk products; Desserts; Dairy desserts; Fermented dairy desserts; Yogurts; Curd; en:fruit-yogurts,B,en:india,2026-03-12,ok,Open Food Facts (ODbL)
8901262200028,Dahi,Amul,200 g,200g,200.0,62,4.0,3.1,4.4,,,,123,8.0,6.2,8.8,Dairies; Fermented foods; Desserts; Fermented milk products; Dairy desserts; Fermented dairy desserts; Yogurts,UNKNOWN,en:india,2026-04-25,ok,Open Food Facts (ODbL)
8901262200035,Masti Dahi,Amul,,1 portion (100 g),100.0,65,4.0,3.1,4.6,,4.6,50,65,4.0,3.1,4.6,en:yogurts,B,en:india,2026-04-05,ok,Open Food Facts (ODbL)
8901262200189,Amul Lassi 200ml,Amul,200mL,200ml,200.0,88,2.1,2.1,14.5,,14.5,30,177,4.2,4.2,29.0,Beverages; Dairies; Fermented foods; Fermented milk products; Desserts; Dairy desserts; Dairy drinks; Fermented dairy desserts; Fermented drinks; Yogurts; Fermented milk drinks; Drinkable-yogurts; Las,E,en:india,2026-02-25,ok,Open Food Facts (ODbL)
8901262200196,Amul Masti Spiced Buttermilk 200ml,Amul,200mL,200mL,200.0,28,1.5,1.5,1.8,,1.8,250,57,3.0,3.0,3.6,Beverages; Dairies; Fermented foods; Fermented milk products; Milks; Buttermilks,C,en:india,2026-04-14,ok,Open Food Facts (ODbL)
8901262200622,Amul Masti,Amul,390 g,,,65,4.0,3.1,4.6,,4.6,50,,,,,Dairies;Fermented foods;Fermented milk products;Desserts;Dairy desserts;Fermented dairy desserts;Yogurts;Curd,B,en:india,2026-03-12,ok,Open Food Facts (ODbL)
8901262200646,Probiotic Buttermilk,Amul,,,,27,2.0,1.0,2.2,0.0,2.2,27,,,,,,UNKNOWN,en:india,2026-04-18,ok,Open Food Facts (ODbL)
8901262201001,Amul Spiced Buttermilk,Amul,200ml,200ml,200.0,57,3.0,3.2,3.6,0.0,3.6,500,114,6.0,6.4,7.2,Dairies;Fermented foods;Fermented milk products;Milks;Buttermilks,D,en:india,2026-03-11,ok,Open Food Facts (ODbL)
8901262201124,Amul Masti Dahi,Amul,85 g,,,62,4.0,3.1,4.4,,0.0,0,,,,,Dairies; Fermented foods; Desserts; Fermented milk products; Dairy desserts; Fermented dairy desserts; Yogurts,A,en:india,2026-03-12,ok,Open Food Facts (ODbL)
8901262201896,Amul Stirred Fruit Yogurt Strawberry,Amul,100g,100g,100.0,137,5.5,3.7,19.7,,19.7,70,137,5.5,3.7,19.7,Fruit yogurts with fruit chunks,C,en:india,2026-03-12,ok,Open Food Facts (ODbL)
8901262201902,Amul Stirred Fruit Yoghurt Pineapple,Amul,100g,,,138,5.5,3.7,20.0,,20.0,70,,,,,Dairies;Fermented foods;Fermented milk products;Desserts;Dairy desserts;Fermented dairy desserts;Fermented dairy desserts with fruits;Yogurts;Fruit yogurts;Fruit yogurts with fruit chunks,C,en:india,2026-03-12,ok,Open Food Facts (ODbL)
8901262202220,Dahi Yogurt,Amul,,0.667 cup (170 g),170.0,65,4.0,3.1,4.6,,,50,110,6.8,5.3,7.8,Curd,UNKNOWN,en:india;en:united-states,2026-02-26,ok,Open Food Facts (ODbL)
8901262202299,Amul High Protein,Amul,400 g,1 serving (100 g),100.0,68,6.3,0.1,10.0,,10.0,84,68,6.3,0.1,10.0,Curd,B,en:india,2026-03-12,ok,Open Food Facts (ODbL)
8901262202381,Amul Curd,Amul,800g,,,53,3.0,3.0,3.5,,3.5,40,,,,,Dairies;Fermented foods;Fermented milk products;Desserts;Dairy desserts;Fermented dairy desserts;Yogurts;Curd,B,en:india,2026-05-01,ok,Open Food Facts (ODbL)
8901262202442,Probiotic Curd,Amul,,,,65,4.0,3.1,4.6,,4.6,150,,,,,,UNKNOWN,en:india,2026-03-27,ok,Open Food Facts (ODbL)
8901262223850,Amul Roti,Amul,,65 g,65.0,371,30.8,2.3,56.9,,,,241,20.0,1.5,37.0,,UNKNOWN,en:india,2026-04-22,ok,Open Food Facts (ODbL)
8901262260947,Buffalo Milk A2,Amul,500ml,,,91,3.2,6.5,5.0,,5.0,50,,,,,milk;Milk products,D,en:india,2026-04-21,ok,Open Food Facts (ODbL)
8901262300117,Chocolate Crackle Ice cream,Amul,540gm,,,248,4.8,14.0,27.0,,24.4,54,,,,,Desserts;Frozen foods;Frozen desserts;Ice creams and sorbets;Ice creams;Ice cream in a box,D,en:india,2026-05-24,ok,Open Food Facts (ODbL)
8901262300544,Epic Almond Gold With Belgian Chocolate,Amul,,57 g,57.0,372,4.2,28.6,26.1,,23.5,35,212,2.4,16.3,14.9,,UNKNOWN,en:india,2026-05-21,ok,Open Food Facts (ODbL)
8901262300612,Tender Coconut,amul,67g,67g,67.0,237,3.9,13.3,25.7,,25.4,48,159,2.6,8.9,17.2,Desserts;Frozen foods;Frozen desserts;Ice creams and sorbets;Ice creams,D,en:india,2026-03-25,ok,Open Food Facts (ODbL)
8901262301107,Sky Scooper Multi-layered ice cream,Amul,77g,77g,77.0,325,4.8,22.3,27.7,,23.4,69,250,3.7,17.2,21.3,Desserts;Frozen foods;Frozen desserts;Ice creams and sorbets;Ice creams,E,en:india,2026-03-29,ok,Open Food Facts (ODbL)
8901262301411,Amul Berry Dazzle Ice Cream,Amul,,1 portion (54 g),54.0,217,3.5,10.7,26.5,,25.9,49,117,1.9,5.8,14.3,Ice Cream,D,en:india,2026-04-29,ok,Open Food Facts (ODbL)
8901389001898,Cacao Reserve Belgium Melt,Sos Save Our Souls,,,,101,3.5,3.0,14.5,,14.5,132,,,,,,UNKNOWN,en:india,2026-04-02,ok,Open Food Facts (ODbL)
8901393016680,Chupa chups bites,Chupa Chups,,,,366,2.7,2.5,81.2,0.0,55.3,207,,,,,Snacks; Snacks sucrés; Confiseries; Bonbons,E,en:belgium;en:india,2026-03-31,ok,Open Food Facts (ODbL)
8901393018530,aloenliebe just zelly,Just Jelly,,2.7 g,2.7,345,0.0,0.0,85.0,,,,9,0.0,0.0,2.3,,UNKNOWN,en:india,2026-03-02,ok,Open Food Facts (ODbL)
8901393019506,Gummy Tubes,Chupa Chups,,100 g,100.0,371,1.9,1.7,84.3,,,,371,1.9,1.7,84.3,,UNKNOWN,en:india,2026-05-20,ok,Open Food Facts (ODbL)
8901399084515,glucose,Glucovita,1kg,35g,35.0,360,0.0,0.0,92.0,0.0,92.0,0,126,0.0,0.0,32.2,Glucose,NOT-APPLICABLE,en:india,2026-03-05,ok,Open Food Facts (ODbL)
8901414057494,Crunchy Munchy Sweet Chilli,Bikano,,,,553,6.0,35.4,52.6,0.0,5.3,770,,,,,,UNKNOWN,en:india,2026-04-13,ok,Open Food Facts (ODbL)
8901483912991,Sweet Relish,Tiffy,,,,116,0.2,0.0,28.8,,26.0,862,,,,,,UNKNOWN,en:india,2026-05-16,ok,Open Food Facts (ODbL)
8901491000192,Doritod cheese flavor,20rs,50gm,,,508,7.7,25.7,61.6,,3.5,709,,,,,en:crisps,E,en:india;en:qatar,2026-03-18,ok,Open Food Facts (ODbL)
8901491000208,Sweet chilli Doritos,Doritos,50gm,,,499,6.6,23.4,65.5,,6.5,641,,,,,Snacks; Nacho chips; en:corn-chips,E,en:india,2026-05-24,ok,Open Food Facts (ODbL)
8901491000772,Lays american onion 80gm,Lay's,82 g,20 g,20.0,537,6.7,33.1,53.0,0.0,3.4,643,107,1.3,6.6,10.6,Plant-based foods and beverages; Plant-based foods; Snacks; Cereals and potatoes; Salty snacks; Appetizers; Chips and fries; Crisps; Potato crisps; en:flavoured-potato-crisps,E,en:india,2026-03-22,ok,Open Food Facts (ODbL)
8901491000789,Lays India's magic masala,Lays,90 g,,,537,6.9,33.1,52.9,,2.5,993,,,,,Chips and fries; en:flavoured-potato-crisps,E,en:france;en:india,2026-03-14,ok,Open Food Facts (ODbL)
8901491001038,Lays Spanish 50,Lays,90g,1 portion (100 g),100.0,525,6.4,31.9,53.1,,5.6,659,525,6.4,31.9,53.1,Plant-based foods and beverages; Plant-based foods; Snacks; Cereals and potatoes; Salty snacks; Appetizers; Chips and fries; Crisps; Potato crisps,E,en:india,2026-03-15,ok,Open Food Facts (ODbL)
8901491001243,Oats with Flavour Mix,Quaker,200g,,,407,11.8,9.5,69.7,10.0,1.8,10,,,,,Plant-based foods and beverages;Plant-based foods;Breakfasts;Cereals and potatoes;Seeds;Cereals and their products;Breakfast cereals;Cereal grains;Oat,A,en:india,2026-05-23,ok,Open Food Facts (ODbL)
8901491002561,Doritos dynamita,Doritos,,1 portion (65.2 g),65.2,513,6.8,26.1,62.6,,2.2,765,334,4.4,17.0,40.8,,UNKNOWN,en:india;en:poland,2026-05-11,ok,Open Food Facts (ODbL)
8901491002905,Kurkure,,20 grams,,,557,5.5,33.7,57.8,,4.1,,,,,,Spiced-crunchy-puffcorn; en:appetizers,UNKNOWN,en:india;en:united-states,2026-03-27,ok,Open Food Facts (ODbL)
8901491002912,"20 RICE, CORN & DAL WITH Kurkure Schezwan Ching's",PepsiCo,,1 portion (100 g),100.0,557,5.5,33.7,57.8,,4.1,684,557,5.5,33.7,57.8,en:crisps,E,en:india,2026-03-27,ok,Open Food Facts (ODbL)
8901491003537,Cheetos Masala Balls,Cheetos,,1 serving (20 g),20.0,504,8.2,23.1,65.7,,1.6,862,101,1.6,4.6,13.1,Snacks; en:crisps,E,en:india,2026-04-16,ok,Open Food Facts (ODbL)
8901491100106,Rolled Oats (Natural Wholegrain),Quaker,1kg,40g,40.0,407,11.8,9.5,68.5,10.0,1.8,10,163,4.7,3.8,27.4,Plant-based foods and beverages;Plant-based foods;Breakfasts;Cereals and potatoes;Cereals and their products;Breakfast cereals;Flakes;Cereal flakes;Rolled flakes;Rolled oats;Wholegrain-rolled-oats;Oat,A,en:india,2026-05-05,ok,Open Food Facts (ODbL)
8901491100243,Rolled Oats,Quaker,,1 portion (45 g),45.0,407,11.8,9.5,68.5,10.0,1.8,10,183,5.3,4.3,30.8,Oats,A,en:india,2026-03-15,ok,Open Food Facts (ODbL)
8901491100519,Kurkure,Kurkure,78 g,20 g,20.0,557,6.0,33.7,57.7,0.0,2.2,796,111,1.2,6.7,11.5,Snacks; Salty snacks; Namkeen; en:crisps,E,en:canada;en:france;en:india;en:nepal;en:spain,2026-05-03,ok,Open Food Facts (ODbL)
8901491100533,Chilli Chatka 20rs,Kurkure,75g,90 g,90.0,562,5.6,35.1,55.8,,2.0,723,506,5.0,31.6,50.2,Snacks; Salty snacks; Sweet snacks; Appetizers; Chips and fries; Biscuits and cakes; Crisps; Biscuits; Crispy biscuits,E,en:india;en:spain;en:united-kingdom,2026-03-16,ok,Open Food Facts (ODbL)
8901491101820,lays,Lay's,50gm 20rs,1 serving (25 g),25.0,528,8.0,32.0,56.0,0.0,8.0,636,132,2.0,8.0,14.0,Plant-based foods and beverages; Plant-based foods; Snacks; Cereals and potatoes; Salty snacks; Appetizers; Chips and fries; Crisps; Potato crisps,E,en:france;en:india,2026-03-21,ok,Open Food Facts (ODbL)
8901491101844,Lay's Potato Chips,Lay's,50 g,1 serving (20 g),20.0,539,6.9,33.1,53.4,,2.5,826,108,1.4,6.6,10.7,Plant-based foods and beverages; Plant-based foods; Snacks; Cereals and potatoes; Salty snacks; Appetizers; Chips and fries; Crisps; Potato crisps; en:flavoured-potato-crisps,E,en:canada;en:india;en:united-states,2026-04-01,ok,Open Food Facts (ODbL)
8901491103084,Green chutney style,Kurkure,75g,,,561,5.9,34.7,56.3,,2.1,959,,,,,Botanas; Snacks salados; en:appetizers,E,en:india;en:spain,2026-03-27,ok,Open Food Facts (ODbL)
8901491103787,Flocon d'avoine pour poridg,Pepsico,,,,407,11.8,9.5,68.5,,0.0,3800,,,,,Aliments et boissons à base de végétaux; Aliments d'origine végétale; Petit-déjeuners; Céréales et pommes de terre; Céréales et dérivés; Céréales pour petit-déjeuner; Flocons; Flocons de céréales; Flo,E,en:france;en:india,2026-03-01,ok,Open Food Facts (ODbL)
8901491103794,Quaker oats,Quaker,400g,1 serving (40 g),40.0,407,11.8,9.5,68.5,10.0,1.8,10,163,4.7,3.8,27.4,Plant-based foods and beverages; Plant-based foods; Breakfasts; Cereals and potatoes; Cereals and their products; Breakfast cereals; Flakes; Cereal flakes; Rolled flakes; Rolled oats,A,en:india,2026-04-27,ok,Open Food Facts (ODbL)
8901491103800,Oats,Quaker,1kg,1 portion (100 g),100.0,407,11.8,9.5,68.5,10.0,1.8,10,407,11.8,9.5,68.5,Plant-based foods and beverages;Plant-based foods;Breakfasts;Cereals and potatoes;Cereals and their products;Breakfast cereals;Flakes;Cereal flakes;Rolled flakes;Rolled oats,A,en:india,2026-05-18,ok,Open Food Facts (ODbL)
8901491361026,Masala Munch,Kurkure,44g,50g,50.0,558,6.4,34.7,55.2,0.0,1.0,892,279,3.2,17.4,27.6,Snacks;Salty snacks;Appetizers;Biscuits and crackers;Chips and fries;Crisps;Crackers (Appetizers);Puffed salty snacks;Masala-munch-with-gingelly-oil,E,en:india,2026-03-22,ok,Open Food Facts (ODbL)
8901491363020,Chilli Chatka,10,10rs,,,558,5.6,34.5,59.2,12.0,20.0,723,,,,,Plant-based foods and beverages; Plant-based foods; Breakfasts; Cereals and potatoes; Cereals and their products; Breakfast cereals; Flakes; Cereal flakes; Extruded cereals; Extruded flakes; Corn flak,E,en:india,2026-03-05,ok,Open Food Facts (ODbL)
8901491366052,Puffcorn,Kurkure,58 g,,,555,6.0,34.5,56.2,,1.0,892,,,,,Snacks;Salty snacks;Appetizers;Biscuits and crackers;Chips and fries;Crisps;Crackers (Appetizers);Corn chips;Puffed salty snacks,E,en:india,2026-05-15,ok,Open Food Facts (ODbL)
8901491366229,Kurkure Solid Masti Masala Twisteez Crisps,Kurkure,61gm,20 g,20.0,528,8.6,28.7,58.7,,0.5,878,106,1.7,5.7,11.7,Namkeen,E,en:india;en:spain,2026-03-27,ok,Open Food Facts (ODbL)
8901491503020,India's Magic Masala,Lay's,30.5g,30.5g,30.5,531,6.6,33.0,51.9,,1.6,677,162,2.0,10.1,15.8,Plant-based foods and beverages; Plant-based foods; Snacks; Cereals and potatoes; Salty snacks; Appetizers; Chips and fries; Crisps; Potato crisps; Flavoured potato crisps,E,en:india,2026-03-18,ok,Open Food Facts (ODbL)
8901499006936,Kellogg's Chocos,Kellogg's,12,12g,12.0,387,9.0,2.9,83.6,5.0,30.0,330,46,1.1,0.3,10.0,Chocos; en:breakfast-cereals,D,en:india,2026-04-01,ok,Open Food Facts (ODbL)
8901499008169,Chocos,Kellogg's,",",22.5 g,22.5,373,9.0,3.0,81.0,7.0,27.5,250,84,2.0,0.7,18.2,Plant-based foods and beverages;Plant-based foods;Breakfasts;Cereals and potatoes;Cereals and their products;Breakfast cereals;Extruded cereals;Filled cereals;Breakfast cereals filled with chocolate,D,en:india,2026-04-20,ok,Open Food Facts (ODbL)
8901499008183,Corn Flakes Original,Kellogg's,250 g,30g,30.0,380,6.7,1.0,87.0,2.7,8.3,500,114,2.0,0.3,26.1,Plant-based foods and beverages; Plant-based foods; Breakfasts; Cereals and potatoes; Cereals and their products; Breakfast cereals; Flakes; Cereal flakes; Extruded cereals; Extruded flakes; Corn flak,D,en:india;en:switzerland,2026-03-01,ok,Open Food Facts (ODbL)
8901499008190,Corn flakes,Kelloggs,475 g,30g,30.0,378,6.7,1.0,86.9,2.5,9.2,490,113,2.0,0.3,26.1,Plant-based foods and beverages; Plant-based foods; Breakfasts; Cereals and potatoes; Cereals and their products; Breakfast cereals; Flakes; Cereal flakes; Extruded cereals; Extruded flakes; Corn flak,D,en:india,2026-03-11,ok,Open Food Facts (ODbL)
8901499008893,Kellogg's Corn flakes original,Kellogg's,900 g,,,378,6.7,1.0,86.9,,9.2,400,,,,,Aliments et boissons à base de végétaux; Aliments d'origine végétale; Petit-déjeuners; Céréales et pommes de terre; Céréales et dérivés; Céréales pour petit-déjeuner; Flocons; Flocons de céréales; Cér,C,en:india;en:switzerland,2026-04-01,ok,Open Food Facts (ODbL)
8901499009043,kelloggs chocos multigrain,Kellogg's,1.20kg,100g,100.0,373,9.0,3.0,81.0,7.0,27.5,250,373,9.0,3.0,81.0,Breakfast cereals filled with chocolate,D,en:india,2026-05-06,ok,Open Food Facts (ODbL)
8901499009289,Cornflakes Almond Honey (Kellogg's),Kellogg's,1 kg,30 g,30.0,410,6.3,6.7,82.0,1.7,25.0,433,123,1.9,2.0,24.6,Plant-based foods and beverages;Plant-based foods;Breakfasts;Cereals and potatoes;Cereals and their products;Breakfast cereals;Flakes;Cereal flakes;Extruded cereals;Extruded flakes;Corn flakes,E,en:india,2026-04-23,ok,Open Food Facts (ODbL)
8901499009791,chocos Fills,Kellogg's,,,,430,8.0,14.0,71.0,6.2,30.5,270,,,,,,UNKNOWN,en:india,2026-03-16,ok,Open Food Facts (ODbL)
8901499010483,Kelloggs,kellogg's,240g,40g,40.0,398,8.0,6.0,80.0,5.0,16.0,60,159,3.2,2.4,32.0,Plant-based foods and beverages; Plant-based foods; Breakfasts; Cereals and potatoes; Cereals and their products; Breakfast cereals; Cereals with fruits; Mueslis; Mueslis with fruits; en:cereal-flakes,C,en:india,2026-03-01,ok,Open Food Facts (ODbL)
8901499010742,Chocos Crunchy Bites,Kellogg's,375g,,,390,4.0,3.1,84.9,30.0,31.0,180,,,,,Food; en:chocolate-cereals,D,en:india,2026-03-24,ok,Open Food Facts (ODbL)
8901499011992,Kellogg's Chocolate Muesli,Kellogg's,,1 Serving (40 g),40.0,444,7.7,15.5,71.4,6.0,26.9,227,178,3.1,6.2,28.6,Plant-based foods and beverages; Plant-based foods; Breakfasts; Cereals and potatoes; Cereals and their products; Breakfast cereals; Mueslis; en:mueslis-with-chocolate,D,en:india,2026-05-13,ok,Open Food Facts (ODbL)
8901499012012,Kellogg’s Oats,Kellogg’s India,,1 portion (40 g),40.0,378,11.5,9.0,67.8,10.0,1.2,7,151,4.6,3.6,27.1,,UNKNOWN,en:india,2026-04-23,ok,Open Food Facts (ODbL)
8901499025531,Kellogg's Muesli,Kellogg's,400 g,40g,40.0,382,9.3,5.2,77.5,6.4,10.8,132,153,3.7,2.1,31.0,Plant-based foods and beverages;Plant-based foods;Breakfasts;Cereals and potatoes;Cereals and their products;Breakfast cereals;Mueslis,B,en:india,2026-03-13,ok,Open Food Facts (ODbL)
8901512144805,Peanut butter,Sundrop,924,1 serving (100 g),100.0,619,26.0,48.0,22.7,4.0,9.2,142,619,26.0,48.0,22.7,Aliments et boissons à base de végétaux; Aliments d'origine végétale; Légumineuses et dérivés; Produits à tartiner; Fruits à coques et dérivés; Pâtes à tartiner végétales; Purées d'oléagineux; Beurres,C,en:india;en:united-kingdom,2026-03-27,ok,Open Food Facts (ODbL)
8901512540102,Act II Classic Salted,ACT II,40g,100 g,100.0,494,5.0,28.0,61.0,11.0,0.0,,494,5.0,28.0,61.0,Snacks; Popcorn,UNKNOWN,en:india,2026-04-04,ok,Open Food Facts (ODbL)
8901512562609,Act II Popcorn,Act II,,16 g,16.0,449,8.8,18.8,66.2,11.2,0.0,900,72,1.4,3.0,10.6,Salted popcorn,D,en:india,2026-03-22,ok,Open Food Facts (ODbL)
8901512917805,Act II Caramel Bliss,Act II,168,16 g,16.0,425,4.0,9.0,84.0,4.0,37.0,200,68,0.6,1.4,13.4,Snacks;Snacks sucrés;Popcorn;Popcorn au caramel;en:Caramel-in-popcorn-snacks,E,en:india,2026-05-21,ok,Open Food Facts (ODbL)
8901512921604,Sour Cream & Cheese Flavor Popcorn,Act 2,,100 g,100.0,496,8.3,29.0,56.0,11.3,7.5,1000,496,8.3,29.0,56.0,en:popcorn,E,en:india,2026-04-01,ok,Open Food Facts (ODbL)
8901522005158,Ginger Ale (Zero Sugar),Jameson,250ml,100mp,,0,0.0,0.0,0.0,,0.0,6,,,,,Beverages and beverages preparations;Beverages;Flavored sparkling waters;Carbonated mineral waters,C,en:india,2026-04-17,ok,Open Food Facts (ODbL)
8901537007116,Daawat Rozana Basmati Rice,Daawat,5 kg,,,384,8.2,0.5,78.0,1.9,0.0,1,,,,,Plant-based foods and beverages;Plant-based foods;Cereals and potatoes;Seeds;Cereals and their products;Cereal grains;Rices;Aromatic rices;Indica rices;Long grain rices;Basmati rices,B,en:india,2026-04-20,ok,Open Food Facts (ODbL)
8901537021631,DAWAT ROZANA BASMATI RICE MINI MOGRA 5 KG,Daawat,,,,350,7.0,0.9,78.0,1.1,0.2,2,,,,,Rice,UNKNOWN,en:india,2026-05-06,ok,Open Food Facts (ODbL)
8901542001666,Glucon - D,Zydus,,1 serving (20 g),20.0,364,0.0,0.0,90.5,,,,73,0.0,0.0,18.1,,UNKNOWN,en:india,2026-05-20,ok,Open Food Facts (ODbL)
8901542001673,Glucon - D,zydus wellness products ltd,250g,,,360,0.0,0.0,90.0,,0.0,,,,,,Glucon -D Instant Energy,UNKNOWN,en:india,2026-05-24,ok,Open Food Facts (ODbL)
8901542002090,DoodhShakti Ghee,Nutralite,1L,,,897,0.0,99.7,0.0,,0.0,0,,,,,Dairies;Fats;Spreads;Spreadable fats;Animal fats;Dairy spreads;Milkfat;Butters;Butter fat;Clarified butter,E,en:india,2026-05-05,ok,Open Food Facts (ODbL)
8901542013157,Heinz &quot;Tomato Ketchup&quot; 900GM,Heinz,900 gms,,,109,0.0,0.0,26.0,1.4,22.0,0,,,,,Condiments; Sauces; Tomato sauces; Ketchup; Tomato Ketchup; Groceries,UNKNOWN,en:france;en:india,2026-03-24,ok,Open Food Facts (ODbL)
8901542016226,Glucon-D Regular,Glucon-D,125 g,35g,35.0,360,0.0,0.0,90.0,,0.0,0,126,0.0,0.0,31.5,Beverages and beverages preparations;Beverages;Sweeteners;Food additives;Sugar substitutes;Energy drinks;Natural sugar substitutes;Glucose,NOT-APPLICABLE,en:india,2026-03-01,ok,Open Food Facts (ODbL)
8901548310403,DoodhShakti,Nutralite,500gms,,,632,0.5,70.0,0.1,,0.0,983,,,,,Produits laitiers;Matières grasses;Produits à tartiner;Matières grasses à tartiner;Matières grasses animales;Produits laitiers à tartiner;Matière grasse laitière;Beurres,E,en:india,2026-02-25,ok,Open Food Facts (ODbL)
8901552005036,Dal Makhani,Ashoka,280g,140g,140.0,129,4.3,6.8,12.1,,0.0,350429,181,6.0,9.5,17.0,Dahl indian curry,E,en:india;en:united-kingdom,2026-03-27,ok,Open Food Facts (ODbL)
8901552023450,Chana Pulao,Ashoka,280g (10oz),,,160,4.0,4.2,26.4,0.0,0.0,440,,,,,Plant-based foods and beverages; Plant-based foods; Fruits and vegetables based foods; Vegetables based foods; Meals; Vegetables; Rice dishes; Spanish vegetables; Rice; Indian,C,en:france;en:germany;en:india;en:united-kingdom,2026-05-09,ok,Open Food Facts (ODbL)
8901552032711,Soul Amritsari Kulcha,Soul,320,100,,247,8.9,9.5,34.0,5.2,2.1,,,,,,Frozen foods,UNKNOWN,en:india,2026-04-26,ok,Open Food Facts (ODbL)
8901565000769,Madala Rice Popped Chips,PikNik Pops,,1 portion (100 g),100.0,474,5.2,24.1,58.1,,,1483,474,5.2,24.1,58.1,,UNKNOWN,en:india,2026-03-05,ok,Open Food Facts (ODbL)
8901571000036,Horlicks - chocolate delight flavour,,,,,370,10.0,2.0,78.0,0.0,32.0,29600,,,,,Beverages and beverages preparations; Beverages; Sweetened beverages; en:instant-beverages,UNKNOWN,en:france;en:india,2026-03-26,ok,Open Food Facts (ODbL)
8901595853908,Chings noodles,,,140,,353,10.8,0.8,75.6,8.6,1.3,700000,,,,,Noodles,E,en:india,2026-05-13,ok,Open Food Facts (ODbL)
8901595862726,Dark Soy Sauce,Ching's Secret,210 g,,,143,0.0,0.0,28.6,0.0,14.3,5000,,,,,Condiments; Sauces; Soy sauces,E,en:india;en:united-states,2026-05-05,ok,Open Food Facts (ODbL)
8901595862733,Green chilli sauce,Ching's Secret,190,1 portion (6 g),6.0,44,0.2,0.2,10.4,,6.6,1803,3,0.0,0.0,0.6,en:hot-sauces,UNKNOWN,en:india;en:united-kingdom,2026-04-01,ok,Open Food Facts (ODbL)
8901595862962,Schezwan Chutney,Ching's Secret,250 g,1 portion (100 g),100.0,177,1.9,10.6,17.2,2.0,15.2,1351,177,1.9,10.6,17.2,Schezean Chutney,E,en:india,2026-04-09,ok,Open Food Facts (ODbL)
8901595864355,Chilli Oil,Ching,,1 portion (100 g),100.0,599,3.2,54.2,24.5,9.8,5.5,1285,599,3.2,54.2,24.5,,UNKNOWN,en:india,2026-04-19,ok,Open Food Facts (ODbL)
8901595873258,Smith & Jones Ginger Garlic Paste,Smith and Jones,,,,11,0.6,0.0,2.0,,0.0,0,,,,,en:canned-vegetables,A,en:india,2026-03-31,ok,Open Food Facts (ODbL)
8901595963317,Manchurian,,,,,100,2.8,3.0,15.3,,0.0,400,,,,,,UNKNOWN,en:india,2026-05-14,ok,Open Food Facts (ODbL)
8901595963348,Instant noodles,Chings,240,1 Cake (60 g),60.0,117,3.3,3.3,18.3,3.3,0.0,367,70,2.0,2.0,11.0,Plant-based foods;Dried products;Pastas;Noodles;Instant noodles,UNKNOWN,en:australia;en:india,2026-04-23,ok,Open Food Facts (ODbL)
8901595971220,Manchow instant soup,Ching's,12,12 g,12.0,48,0.6,0.0,10.8,5.0,25.8,1191,6,0.1,0.0,1.3,Meals;Dried products;Dried products to be rehydrated;Soups;Dried meals;Dehydrated soups,UNKNOWN,en:india,2026-04-22,ok,Open Food Facts (ODbL)
8901595971237,Sweet Corn Veg Instant Soup,Ching's,13,1 packet (13 g),13.0,346,3.1,1.5,80.8,6.9,35.4,5338,45,0.4,0.2,10.5,en:soups,E,en:india,2026-05-18,ok,Open Food Facts (ODbL)
8901595972142,Veg Manchurian masala,Ching's secret,20g,5 g,5.0,288,5.7,2.4,60.8,,15.0,7734,14,0.3,0.1,3.0,Sauces déshydratées,UNKNOWN,en:india;en:united-states,2026-05-21,ok,Open Food Facts (ODbL)
8901648000716,Malai paneer,Mother dairy,200g,100 g,100.0,324,15.5,28.0,2.5,,2.5,10,324,15.5,28.0,2.5,Paneer,C,en:india,2026-02-28,ok,Open Food Facts (ODbL)
8901648001775,Lassi,,,,,76,1.8,1.7,13.5,,13.5,,,,,,en:yogurt-drinks,UNKNOWN,en:france;en:india,2026-03-02,ok,Open Food Facts (ODbL)
8901648004264,Cheese Slice,Mother Dairy,,,,309,17.0,25.0,4.0,0.0,4.0,1426,,,,,,UNKNOWN,en:india,2026-04-06,ok,Open Food Facts (ODbL)
8901648014843,Fruit Yoghurt Mango,Mother Diary,100g,,,132,4.1,4.6,18.5,,18.5,54,,,,,Dairies; Fermented foods; Fermented milk products; Desserts; Dairy desserts; Fermented dairy desserts; Yogurts; en:fruit-yogurts,C,en:india,2026-03-12,ok,Open Food Facts (ODbL)
8901648019725,Ghee,Mother Dairy,200ml,,,897,0.0,99.7,0.0,,0.0,0,,,,,ghee,E,en:india;en:united-kingdom,2026-02-20,ok,Open Food Facts (ODbL)
8901648021537,Classic Curd,Mother Diary,100 g,,,62,3.7,3.0,5.0,,5.0,48,,,,,Dairies; Fermented foods; Desserts; Fermented milk products; Dairy desserts; Fermented dairy desserts; Yogurts; Curd,B,en:india,2026-03-12,ok,Open Food Facts (ODbL)
8901648022169,Mother dairy classic dahi,Mother Dairy,1 kg,100g,100.0,62,3.7,3.0,5.0,0.0,0.0,48,62,3.7,3.0,5.0,Dairies;Fermented foods;Fermented milk products;Desserts;Dairy desserts;Fermented dairy desserts;Yogurts;Curd,B,en:india,2026-03-12,ok,Open Food Facts (ODbL)
8901648026167,Classic Dahi,Mother Dairy,80 g,1 serving (100 g),100.0,62,3.7,3.0,5.0,,5.0,48,62,3.7,3.0,5.0,Dairies; Fermented foods; Desserts; Fermented milk products; Dairy desserts; Fermented dairy desserts; Yogurts; Curd,B,en:india,2026-03-12,ok,Open Food Facts (ODbL)
8901648092513,Kesar Elaichi Flavored Milk,Mother Dairy,,,,81,3.4,1.6,13.3,0.0,13.3,55,,,,,,UNKNOWN,en:india,2026-04-20,ok,Open Food Facts (ODbL)
8901648097983,Mother Dairy Ultimate Dahi,Mother Dairy,400g,100g,100.0,75,3.7,4.5,5.0,0.0,0.0,0,75,3.7,4.5,5.0,Dairies;Fermented foods;Fermented milk products;Desserts;Dairy desserts;Fermented dairy desserts;Yogurts;Curd,C,en:india,2026-04-17,ok,Open Food Facts (ODbL)
8901648921424,Live Lite Low Fat Milk,Mother Dairy,,100 ml (100 ml),100.0,47,3.3,1.5,5.0,,,,47,3.3,1.5,5.0,,UNKNOWN,en:india,2026-05-20,ok,Open Food Facts (ODbL)
8901652141047,Veg magic fruit cake,Priyagold,150g,14g,14.0,400,5.5,18.5,53.0,,23.7,217,56,0.8,2.6,7.4,Snacks;Sweet snacks;Biscuits and cakes;Cakes;Fruit cakes,E,en:india,2026-05-09,ok,Open Food Facts (ODbL)
8901662024538,paneer tikka masala mix,Suhana,50g,100 g provides approx (100 g),100.0,391,15.0,11.0,58.0,,17.0,,391,15.0,11.0,58.0,,UNKNOWN,en:india;en:italy,2026-03-31,ok,Open Food Facts (ODbL)
8901662037828,CHICKEN BIRYANI MIX,Suhana,50 g,12.5g (1 tbsp),12.5,480,13.7,27.5,45.0,1.5,3.9,2230,60,1.7,3.4,5.6,Spice Mix,NOT-APPLICABLE,en:india,2026-04-17,ok,Open Food Facts (ODbL)
8901689010019,MIXED FRUIT Jam,MALA'S,500g,20g,20.0,262,0.2,0.0,65.3,,64.8,13480,52,0.0,0.0,13.1,Food,E,en:india,2026-03-20,ok,Open Food Facts (ODbL)
8901689010477,Mixed Fruit Jam,Mala's,,1 portion (20 g),20.0,262,0.2,0.0,65.3,,64.8,14,52,0.0,0.0,13.1,,UNKNOWN,en:india,2026-04-18,ok,Open Food Facts (ODbL)
8901719101038,Parle - G,Parle,,56.4g,56.4,461,7.1,12.4,78.0,1.8,24.8,301,260,4.0,7.0,44.0,en:biscuits,E,en:canada;en:india,2026-04-01,ok,Open Food Facts (ODbL)
8901719122316,parles's potato piri piri chips,parles's,12 g,,,560,7.2,33.6,57.2,,2.2,693,,,,,Aliments et boissons à base de végétaux;Aliments d'origine végétale;Snacks;Céréales et pommes de terre;Snacks salés;Amuse-gueules;Chips et frites;en:Potatoes and their products;Chips;Snacks salés à ba,E,en:india,2026-03-31,ok,Open Food Facts (ODbL)
8901719124044,Happy Happy Choco-Chip Cookies,Parle,60 g,,,489,5.8,20.1,71.3,,30.6,197,,,,,Snacks;Snacks sucrés;Biscuits et gâteaux;Biscuits sucrés & biscuits apéritifs;Biscuits;Biscuits au chocolat,E,en:india,2026-04-24,ok,Open Food Facts (ODbL)
8901719125799,Parle hide and seek milano jazelnut,Parle,60g,1 cookie (10 g),10.0,536,4.3,29.5,63.4,,33.5,118,54,0.4,3.0,6.3,,UNKNOWN,en:india,2026-05-10,ok,Open Food Facts (ODbL)
8901719126468,parle 20-20,Parle,,65 gram,65.0,490,6.4,20.2,70.6,0.0,24.4,0,318,4.2,13.1,45.9,Buiscuit;Biscuits,D,en:india,2026-04-24,ok,Open Food Facts (ODbL)
8901719128547,Happy Happy CAKES Tutti Frutty Flavoured,PARLE,100 g,20g,20.0,422,5.3,18.4,58.8,,26.2,152,84,1.1,3.7,11.8,CAKES (CATEGORY-7.2.1),E,en:india,2026-03-28,ok,Open Food Facts (ODbL)
8901719129988,Happy happy - Parl,Parle,31.5 g,18g,18.0,469,6.1,15.9,75.2,0.0,31.0,205,84,1.1,2.9,13.5,Happy happy biscuit;Cookies,E,en:india,2026-03-23,ok,Open Food Facts (ODbL)
8901719130854,Melody Chocolate,Parle,,1 piece (3.91 g),3.9,451,2.5,17.4,71.0,,54.0,,18,0.1,0.7,2.8,en:chocolate-candies,UNKNOWN,en:canada;en:india,2026-03-10,ok,Open Food Facts (ODbL)
8901719133121,Hide & Seek Black Bourbon,Parle Platina,100g,20g per serve,20.0,478,4.5,17.8,74.9,2.7,44.2,180,96,0.9,3.6,15.0,Snacks,E,en:india,2026-03-30,ok,Open Food Facts (ODbL)
8901719135248,Krackjack,Parle,56.7g,100 g,100.0,489,6.8,19.9,70.5,,19.6,371,489,6.8,19.9,70.5,Snacks;Sweet snacks;Biscuits and cakes;Biscuits and crackers;Biscuits,E,en:india,2026-04-12,ok,Open Food Facts (ODbL)
8901719135767,Parle-G ROYALE,Parle,4 Biscuits and 48g,,,469,6.4,16.5,73.6,0.0,27.3,268,,,,,Snacks; Sweet snacks; Biscuits and cakes; en:dry-biscuits,E,en:india;en:united-kingdom,2026-03-08,ok,Open Food Facts (ODbL)
8901719135866,Parle Hide&Seek,Hide & Seek,,1 portion (100 g),100.0,499,4.8,22.0,70.0,,37.0,142,499,4.8,22.0,70.0,,UNKNOWN,en:india,2026-03-15,ok,Open Food Facts (ODbL)
8901719136764,Hide&Seek Vanilla,Parle Platina,,12.5g,12.5,525,3.4,27.2,66.6,,32.4,107,66,0.4,3.4,8.3,en:biscuits,E,en:india,2026-04-17,ok,Open Food Facts (ODbL)
8901719136801,Hide&Seek Milano (Creme),Parle,,2 Biscuits (20 g),20.0,521,4.7,26.9,64.9,,37.3,115,104,0.9,5.4,13.0,,UNKNOWN,en:india,2026-04-11,ok,Open Food Facts (ODbL)
8901719137037,parle hide serk,Parle Platina,,1 biscuit (10 g),10.0,521,5.3,26.6,65.2,,31.7,200,52,0.5,2.7,6.5,,UNKNOWN,en:india,2026-03-10,ok,Open Food Facts (ODbL)
8901719210419,Mango bite,Parle,333.8g,,,391,0.0,0.0,97.8,0.0,79.3,0,,,,,Aliments et boissons à base de végétaux; Aliments d'origine végétale; Aliments à base de fruits et de légumes; Snacks; Snacks sucrés; Confiseries; Fruits et produits dérivés; Bonbons,E,en:france;en:india;en:norway,2026-03-11,ok,Open Food Facts (ODbL)
8901721000237,Prabhuji khatta meetha 400g(22),Prabhuji,,1 portion (25 g),25.0,571,10.1,38.4,46.1,3.1,20.9,220,143,2.5,9.6,11.5,,UNKNOWN,en:india,2026-03-08,ok,Open Food Facts (ODbL)
8901725000899,Multi -Millet Mix,Aashirvaad,80g,20g,20.0,363,9.0,4.2,76.7,10.8,4.1,7,73,1.8,0.8,15.3,Plant-based foods and beverages; Plant-based foods; Breakfasts; Cereals and potatoes; Seeds; Cereals and their products; Flours; Breakfast cereals; Cereal flours; Cereal grains; Porridge; Millet; Pear,A,en:india,2026-03-05,ok,Open Food Facts (ODbL)
8901725001124,Sunfeast Dark Fantasy Chocolate Shake 300ml,Sunfeast,8,,,109,3.1,3.0,17.3,,17.0,95,,,,,Milkshakes,E,en:india,2026-03-23,ok,Open Food Facts (ODbL)
8901725001230,Sunfeast mango smoothie btl,Sunfeast,300ml,150ml,150.0,83,1.0,1.0,17.4,,17.0,41,124,1.5,1.5,26.1,Plant-based foods and beverages; Beverages; Plant-based beverages; Smoothies; Fruit smoothies,E,en:india,2026-03-21,ok,Open Food Facts (ODbL)
8901725007096,Potato Chips Salted,Bingo,21.4g,,,553,7.0,34.9,54.7,1.8,0.7,573,,,,,Plant-based foods and beverages;Plant-based foods;Snacks;Cereals and potatoes;Salty snacks;Appetizers;Chips and fries;Potatoes and their products;Crisps;Salty snacks made from potato;Potato crisps,E,en:india;en:qatar,2026-05-01,ok,Open Food Facts (ODbL)
8901725008307,B Natural Select Tender Coconut Water,B Natural,750ml,150ml,150.0,21,0.0,0.0,5.2,,5.2,20,32,0.0,0.0,7.8,Beverages and beverages preparations;Plant-based foods and beverages;Beverages;Dairy substitutes;Milk substitutes;Plant-based beverages;Plant-based milk alternatives;Coconut-based drinks;Coconut water,C,en:india,2026-04-24,ok,Open Food Facts (ODbL)
8901725010805,Super Millets Ragi And Jowar Cookies,Sunfeast,75 g,12.5 g,12.5,496,6.2,27.9,56.7,3.2,21.0,470,62,0.8,3.5,7.1,en:biscuits,E,en:france;en:india,2026-03-26,ok,Open Food Facts (ODbL)
8901725014759,Whole Mustard,Aashirvaad,,,,152,6.9,11.2,4.3,0.5,1.7,1860,,,,,Mustard,E,en:india,2026-04-29,ok,Open Food Facts (ODbL)
8901725015435,Sunfeast Marie Light Vita Orange,Sunfeast,95.6g,,,449,9.3,13.4,73.5,,20.8,333,,,,,Snacks; Sweet snacks; Biscuits and cakes; en:biscuits,E,en:india,2026-05-24,ok,Open Food Facts (ODbL)
8901725016296,Dark Fantasy Bourbon Biscuit,Sunfeast,108g,20g,20.0,469,5.9,17.9,72.3,,38.4,55,94,1.2,3.6,14.5,Snacks; Sweet snacks; Biscuits and cakes; Biscuits; en:chocolate-biscuits,E,en:india,2026-04-26,ok,Open Food Facts (ODbL)
8901725016838,Aashirvaad Superior MP Atta,Aashirvaad,1kg,60g,60.0,338,10.7,1.3,76.0,10.4,3.6,0,203,6.4,0.8,45.6,Plant-based foods and beverages;Plant-based foods;Cereals and potatoes;Seeds;Cereals and their products;Flours;Cereal flours;Cereal grains;Wheat flours;Wheats;Whole wheat flours,B,en:india,2026-05-23,ok,Open Food Facts (ODbL)
8901725016869,Aashirvaad Whole Wheat Atta,Aashirvaad is sold by ITC Limited,10 kg,60 g,60.0,338,10.7,1.3,76.0,10.3,3.7,1500,203,6.4,0.8,45.6,Whole wheat atta,D,en:india,2026-05-21,ok,Open Food Facts (ODbL)
8901725018016,Yippee noodles (snack pack),Sunfeast,48,25,,466,9.0,19.1,64.5,,3.1,1182200,,,,,Snacks; en:noodles,E,en:india,2026-03-27,ok,Open Food Facts (ODbL)
8901725019747,Noodles,Yippee,75,,,444,8.5,17.2,65.7,,3.4,1608200,,,,,Inst,E,en:india,2026-05-20,ok,Open Food Facts (ODbL)
8901725019754,Yippee! Korean Fiery Hot,Yippee!,75,,,439,8.5,17.1,64.7,,2.7,1771,,,,,instant noodles,UNKNOWN,en:india,2026-05-20,ok,Open Food Facts (ODbL)
8901725100025,B Natural Mixed fruit 1ltr tpk,ITC Limied,12,150ml,150.0,48,0.1,0.0,12.4,0.7,11.6,1,72,0.1,0.0,18.5,Fruit juices,E,en:india,2026-03-21,ok,Open Food Facts (ODbL)
8901725100131,B Natural Orange Juice 1ltr tpk,B Natural,12,150ml,150.0,33,0.2,0.1,7.4,0.6,7.3,11,49,0.2,0.1,11.1,Plant-based foods and beverages; Beverages; Plant-based beverages; Fruit-based beverages; Juices and nectars; Fruit juices; Orange juices; Orange juices with pulp,D,en:india,2026-02-25,ok,Open Food Facts (ODbL)
8901725101381,Dark Fantasy Choco Fills,Sunfeast,10,,,520,7.3,27.2,61.6,,35.8,184,,,,,Snacks; Snacks sucrés; Biscuits et gâteaux; Biscuits,E,en:france;en:india,2026-03-19,ok,Open Food Facts (ODbL)
8901725111168,Yippee tricolour pasta,Sunfeast,74.7g,100g,100.0,346,10.7,2.5,72.6,,5.5,1474,346,10.7,2.5,72.6,Energy,E,en:india,2026-03-05,ok,Open Food Facts (ODbL)
8901725117948,Mishti Doi,Aashirvaad,75g,75g,75.0,175,4.3,6.8,24.9,0.0,24.9,0,131,3.2,5.1,18.7,Curd,D,en:india,2026-03-12,ok,Open Food Facts (ODbL)
8901725119843,BINGO! Hashtag Cream & Onion,ITC Limited,21.9 g,20,,540,7.1,31.9,56.1,,2.4,652600,,,,,Snacks,E,en:india,2026-03-26,ok,Open Food Facts (ODbL)
8901725121228,Aashirbaad 5kg select aata,Aashirvaad,,1 portion (100 g),100.0,338,10.0,1.5,76.0,10.4,3.5,2,338,10.0,1.5,76.0,,UNKNOWN,en:india,2026-05-12,ok,Open Food Facts (ODbL)
8901725121723,Aashirvaad Superior MP Atta,ITC,5kg,,,338,10.7,1.3,76.0,10.4,3.6,1500,,,,,Plant-based foods and beverages;Plant-based foods;Cereals and potatoes;Seeds;Cereals and their products;Flours;Cereal flours;Cereal grains;Wheat flours;Wheats;Whole wheat flours,D,en:india,2026-05-16,ok,Open Food Facts (ODbL)
8901725132873,dark fantasy Choc Fills,Sunfeast,20,,,504,5.7,25.0,63.9,,37.6,40,,,,,Snacks;Sweet snacks;Biscuits and cakes;Biscuits;Chocolate biscuits,E,en:india,2026-04-19,ok,Open Food Facts (ODbL)
8901741000910,wai wai noodles,Wai Wai,75g,65.0g,65.0,472,9.0,19.0,66.3,3.0,,,307,5.8,12.3,43.1,Plant-based foods and beverages; Plant-based foods; Pastas; Noodles; en:instant-noodles,UNKNOWN,en:india,2026-02-23,ok,Open Food Facts (ODbL)
8901741000927,Wai Wai instant noodles,Wai Wai,,,,495,10.7,21.5,60.5,,2.1,1680,,,,,Plant-based foods and beverages;Plant-based foods;Cereals and potatoes;Cereals and their products;Dried products;Pastas;Dried products to be rehydrated;Noodles;Instant noodles,UNKNOWN,en:france;en:india,2026-02-22,ok,Open Food Facts (ODbL)
8901747000518,Wagh Bakri navchetan strong leaf tea,Wagh Bakri,,,,0,0.0,0.0,0.0,0.0,0.0,2,,,,,,UNKNOWN,en:india,2026-05-26,ok,Open Food Facts (ODbL)
8901747001539,Wagh Bakri premium leaf tea,Wagh Bakri,,,,0,0.0,0.0,0.0,0.0,0.0,2,,,,,Tea,B,en:india,2026-04-30,ok,Open Food Facts (ODbL)
8901747001546,Wagh Bakri tea,Wagh Bakri,500gm,,,0,0.0,0.0,0.0,0.0,0.0,2,,,,,Beverages and beverages preparations;Plant-based foods and beverages;Beverages;Hot beverages;Plant-based beverages;Beverage preparations;Teas;Tea leaves,UNKNOWN,en:india,2026-02-19,ok,Open Food Facts (ODbL)
8901747002086,Mili premium Strong Leaf Tea,Wagh Bakri,,,,0,0.0,0.0,0.0,0.0,0.0,2,,,,,tea,B,en:india,2026-05-26,ok,Open Food Facts (ODbL)
8901748000852,Garam Masala,Ruchi,25 g,25g,25.0,349,12.8,12.2,45.8,,0.0,1023,87,3.2,3.1,11.5,Garam masala,NOT-APPLICABLE,en:india,2026-05-09,ok,Open Food Facts (ODbL)
8901764012273,Coca Cola Coke Brand 750ml,Coca-Cola,5,750g,750.0,44,0.0,0.0,11.0,,11.0,,330,0.0,0.0,82.5,Beverages; Carbonated drinks; Sodas; Colas; Sweetened beverages,UNKNOWN,en:india,2026-05-10,ok,Open Food Facts (ODbL)
8901764012501,Coke Brand Coca Cola 2ltr,Coca cola,18,200 ml,200.0,44,0.0,0.0,10.9,0.0,10.6,8,88,0.0,0.0,21.8,Beverages; Carbonated drinks; Sodas; Colas; 200; en:sweetened-beverages,E,en:india,2026-04-17,ok,Open Food Facts (ODbL)
8901764022272,Fanta Orange Flv 750ml,The Coca-cola company,24,200 ml,200.0,52,0.0,0.0,13.0,0.0,13.0,0,104,0.0,0.0,26.0,Beverages; Carbonated drinks; Sodas; Sweetened beverages; Fanta,E,en:india,2026-05-10,ok,Open Food Facts (ODbL)
8901764022401,Fanta Orange Flv 2L,Coca-Cola Company,Orange flavour,200ml,200.0,56,0.0,0.0,14.0,,13.7,22,112,0.0,0.0,28.0,Boissons et préparations de boissons;Boissons;Boissons gazeuses;Sodas;Boissons avec sucre ajouté,E,en:india,2026-03-27,ok,Open Food Facts (ODbL)
8901764032806,Sprite,Sprite,1.25L,200ml,200.0,49,0.0,0.0,12.2,0.0,11.7,0,98,0.0,0.0,24.4,Beverages and beverages preparations;Beverages;Carbonated drinks;Sweetened beverages;Lemon soft drinks;Sodas,E,en:india,2026-02-23,ok,Open Food Facts (ODbL)
8901764032905,Sprite,Sprite,2.25l,2.25l,,40,0.0,0.0,10.0,,9.8,14,,,,,Beverages; Carbonated drinks; Sodas; en:artificially-sweetened-beverages,E,en:india,2026-03-03,ok,Open Food Facts (ODbL)
8901764032912,Sprite,sprite,250 ml,,,49,0.0,0.0,12.2,,11.7,10,,,,,Beverages and beverages preparations;Beverages;Carbonated drinks;Sodas;Sweetened beverages,E,en:india,2026-03-23,ok,Open Food Facts (ODbL)
8901764041259,Thums Up 300ml can,Coca Cola,1,1.5 serving (200 ml),200.0,42,0.0,0.0,10.5,0.0,10.5,0,85,0.0,0.0,21.0,Beverages; Carbonated drinks; Sodas; Colas; Sweetened beverages,E,en:canada;en:india;en:united-kingdom,2026-05-25,ok,Open Food Facts (ODbL)
8901764042904,Thumsup,Coca-Cola,1 litter,100ml,100.0,39,0.0,0.0,9.7,0.0,9.5,22,39,0.0,0.0,9.7,Soda; beverage,E,en:india,2026-04-16,ok,Open Food Facts (ODbL)
8901764052279,Limca lime lemon drink 750ml,Coca-Cola,132,200ml,200.0,44,0.0,0.0,11.1,0.0,10.7,0,88,0.0,0.0,22.2,Beverages; Carbonated drinks; Sodas; Carbonated soft drinks without fruit juice; Carbonated soft drinks without fruit juice with sugar and artificial sweeteners,E,en:india;en:united-kingdom,2026-03-27,ok,Open Food Facts (ODbL)
8901764052910,Limca,Pepsi,100 ml,250 ml,250.0,100,0.0,0.0,25.0,0.0,25.0,50,250,0.0,0.0,62.5,Beverages and beverages preparations; Beverages; Carbonated drinks; Carbonated fruit soft drink; en:sodas,E,en:india,2026-03-21,ok,Open Food Facts (ODbL)
8901764072277,Kinley Soda 750ml,kinley,24,100ml,100.0,0,0.0,0.0,0.0,0.0,0.0,2,0,0.0,0.0,0.0,Boissons; Boissons gazeuses; Sodas,B,en:france;en:india,2026-05-21,ok,Open Food Facts (ODbL)
8901764082252,Kinley water,Kinley,,,,0,0.0,0.0,0.0,0.0,0.0,0,,,,,waters,B,en:india,2026-04-12,ok,Open Food Facts (ODbL)
8901764092206,Maaza Original 600ml,Maaza,600,200,,63,0.0,0.0,15.8,,14.9,22,,,,,Beverages;Sweetened beverages,E,en:france;en:india,2026-03-21,ok,Open Food Facts (ODbL)
8901764111105,Coke Zero Can,Coca-Cola,,,,0,0.0,0.0,0.0,0.0,0.0,3000,,,,,Beverages and beverages preparations; Beverages; Carbonated drinks; Artificially sweetened beverages; Sodas; Diet beverages; Diet sodas; en:colas,E,en:france;en:india,2026-04-05,ok,Open Food Facts (ODbL)
8901764175015,Maaza,Coca-Cola,125ml,125 ml,125.0,48,0.0,0.0,12.0,,11.8,18,60,0.0,0.0,15.0,Boissons et préparations de boissons;Aliments et boissons à base de végétaux;Boissons;Boissons à base de végétaux;Boissons aux fruits;Jus et nectars;Jus de fruits;Boissons avec sucre ajouté;en:Mango-j,E,en:india,2026-03-28,ok,Open Food Facts (ODbL)
8901764692017,Carbonate Water,Sprite,,1 portion (200 ml),200.0,50,0.0,0.0,12.4,,12.4,,100,0.0,0.0,24.8,,UNKNOWN,en:india,2026-04-24,ok,Open Food Facts (ODbL)
8901777960042,Vadilal bomber,Vadilal,65ml,65 ml,65.0,394,2.6,27.4,34.3,,30.8,68,256,1.7,17.8,22.3,Dairy desserts;Ice cream bars coated with chocolate,E,en:india,2026-04-15,ok,Open Food Facts (ODbL)
8901786151004,Meat masala,Everest,100gm,1 teaspoon (5 g),5.0,400,14.0,10.0,58.0,,4.0,1900,20,0.7,0.5,2.9,,UNKNOWN,en:india,2026-05-25,ok,Open Food Facts (ODbL)
8901786161003,Chicken masala Spice Mix,Everest,100gn,1 portion (5 g),5.0,400,18.0,12.0,38.0,,0.6,2400,20,0.9,0.6,1.9,Masala; en:spice-mix,NOT-APPLICABLE,en:france;en:india,2026-04-18,ok,Open Food Facts (ODbL)
8901786411009,Everest Kashmiri Lal / Red Mirch Powder,Everest,100gm,1 portion (5 g),5.0,20,1.0,1.0,2.0,,,,1,0.1,0.1,0.1,Garam masala,NOT-APPLICABLE,en:france;en:india,2026-03-17,ok,Open Food Facts (ODbL)
8901786670307,Tasteeto Chilli Flakes,Everest,30g,0.45g,0.5,318,12.0,17.3,56.6,1.6,10.3,30,1,0.1,0.1,0.3,Chilli flakes,C,en:india,2026-05-16,ok,Open Food Facts (ODbL)
8901786761005,Ginger Garlic Paste,,100g,,,35,0.9,1.2,5.3,,0.3,853,,,,,25,C,en:india,2026-05-16,ok,Open Food Facts (ODbL)
8901808000044,weikfield corn starch,Weikfield,100,8 g,8.0,350,0.0,0.0,87.2,,,15,28,0.0,0.0,7.0,,UNKNOWN,en:india,2026-03-16,ok,Open Food Facts (ODbL)
8901808000051,Cornstarch,Weikfield,,1 g,1.0,350,0.0,0.0,87.2,,,15,4,0.0,0.0,0.9,,UNKNOWN,en:india,2026-05-23,ok,Open Food Facts (ODbL)
8901808000068,WeiKFiELD,Weikfield,100,,,358,1.0,0.0,88.4,0.8,0.0,280,,,,,Dairies; Condiments; Sauces; Dessert sauces; Custards and pastry creams; Desse; en:dessert-mixes,UNKNOWN,en:canada;en:india,2026-04-01,ok,Open Food Facts (ODbL)
8901826601209,Verka Shakti Milk,Verka,500 ml,1 portion (100 ml),100.0,71,3.0,4.5,4.7,0.0,4.7,55,71,3.0,4.5,4.7,Dairies;Milks (liquid and powder);Milks,C,en:india,2026-05-13,ok,Open Food Facts (ODbL)
8901826803702,Verka Dahi Cup,Verka,350 g,100 g,100.0,58,3.7,3.0,4.0,,4.0,68,58,3.7,3.0,4.0,Dairies; Snacks; Sweet snacks; Bars; Curd; en:yogurts,B,en:india,2026-05-12,ok,Open Food Facts (ODbL)
8901826902405,Dahi,Verka,,,,43,3.7,1.3,4.0,,4.0,66,,,,,Dairies;Fermented foods;Fermented milk products;Desserts;Dairy desserts;Fermented dairy desserts;Yogurts;Plain fermented dairy desserts;Plain yogurts;Curd,A,en:india,2026-03-12,ok,Open Food Facts (ODbL)
8901888005366,Apple Juice no added sugars+ no added preservatives,,,,,48,0.0,0.0,12.0,0.0,12.0,40,,,,,Plant-based foods and beverages; Plant-based foods; Fruits and vegetables based foods; Fruits based foods; Fruits; en:apple-juices,D,en:india;en:nepal,2026-03-06,ok,Open Food Facts (ODbL)
8901888005397,Real active 100% orange juice,Real,1 l,100 g,100.0,44,0.0,0.0,11.0,,11.0,8,44,0.0,0.0,11.0,Plant-based foods and beverages;Beverages;Plant-based beverages;Fruit-based beverages;Juices and nectars;Fruit juices;Orange juices,C,en:india,2026-05-09,ok,Open Food Facts (ODbL)
8901888005410,Real activ 100% mixed fruit juice,Real,1l,,,48,0.0,0.0,11.7,,11.4,2,,,,,Beverages and beverages preparations; en:multifruit-juices,E,en:india,2026-05-04,ok,Open Food Facts (ODbL)
8901888005748,Real Masala Mixed Fruit Juice,Real,1L,100ml,100.0,49,0.0,0.0,12.2,,12.2,110,49,0.0,0.0,12.2,Beverages and beverages preparations;Plant-based foods and beverages;Beverages;Plant-based beverages;Juices and nectars;Fruit-based beverages,E,en:india,2026-03-06,ok,Open Food Facts (ODbL)
8901888040350,Real fruit power mixed fruit 1ktr tpk,,1 L,6.7,,52,0.2,0.0,13.4,0.0,13.1,0,,,,,Plant-based foods and beverages;Beverages;Plant-based beverages;Fruit-based beverages;Juices and nectars;Fruit juices;Multifruit juices,E,en:india,2026-05-19,ok,Open Food Facts (ODbL)
8901972086158,Tick time,Dukes,,48 g,48.0,484,8.4,22.7,61.4,,61.4,786,232,4.0,10.9,29.5,,UNKNOWN,en:india,2026-04-08,ok,Open Food Facts (ODbL)
8902027006282,Brown Bread,Kitty,,,,327,12.3,1.7,61.4,8.4,7.3,298,,,,,Plant-based foods and beverages;Plant-based foods;Cereals and potatoes;Cereals and their products;Breads,A,en:india,2026-05-13,ok,Open Food Facts (ODbL)
8902080000227,Sting Energy,Sting,1,,,28,0.0,0.0,7.0,,6.8,53,,,,,Beverages;Energy drinks;Energy drink with sugar,E,en:india,2026-02-25,ok,Open Food Facts (ODbL)
8902080002320,Gatorade blue bolt flv 500ml,Gatorade,,1 1 (100 ml),100.0,1,0.0,0.0,0.0,,,47,1,0.0,0.0,0.0,en:artificially-sweetened-beverages,B,en:india,2026-04-21,ok,Open Food Facts (ODbL)
8902080002344,Gatorade zero sugar lemon lime,Gatorade,500 ml,,,1,0.0,0.0,0.0,0.0,0.0,0,,,,,sports drink,A,en:india,2026-03-21,ok,Open Food Facts (ODbL)
8902080003075,nimbooz,7up,345ml,1 - (100 ml),100.0,42,0.0,0.0,10.6,,10.6,65,42,0.0,0.0,10.6,en:sodas,E,en:india;en:united-states,2026-05-23,ok,Open Food Facts (ODbL)
8902080013296,Tropicana Orange Delight juice 1ltr,Tropicana,,,,50,0.1,0.0,12.4,0.0,12.0,,,,,,en:orange-juices,UNKNOWN,en:india,2026-05-04,ok,Open Food Facts (ODbL)
8902080013395,Tropicana Mixed Fruit Delight 1ltr Juice,Tropicana,24,,,49,0.0,0.0,12.3,,12.0,,,,,,en:multifruit-juices,UNKNOWN,en:india,2026-03-15,ok,Open Food Facts (ODbL)
8902080100361,Adrenaline rush,PepsiCo,300ml,,,28,0.0,0.0,7.0,,6.9,38,,,,,Beverage-energy-drink;DRINKS,E,en:india,2026-04-13,ok,Open Food Facts (ODbL)
8902080100415,Adrenaline Rush Ultimate Performance Energy Drink,Pepsico,,300 ml,300.0,28,0.0,0.0,7.0,,6.8,38,84,0.0,0.0,21.0,,UNKNOWN,en:india,2026-05-09,ok,Open Food Facts (ODbL)
8902080104024,Pepsi cola,Pepsico,1 8902080104024,,,43,0.0,0.0,10.9,,10.9,300,,,,,Beverages and beverages preparations; Beverages; Carbonated drinks; Sodas; Colas; en:sweetened-beverages,E,en:india,2026-04-28,ok,Open Food Facts (ODbL)
8902080205042,Mirinda can 330ml,,,,,27,0.0,0.0,6.8,0.0,6.8,6,,,,,Beverages,E,en:india,2026-04-29,ok,Open Food Facts (ODbL)
8902080364053,Mountain Dew,Pepsico,750,1 portion (100 ml),100.0,49,0.0,0.0,12.3,,,8,49,0.0,0.0,12.3,Beverages and beverages preparations;Beverages;Sweetened beverages,UNKNOWN,en:india,2026-02-22,ok,Open Food Facts (ODbL)
8902080364565,Mountain Dew,MEWATI 🔔,1.25 l,,,49,0.0,0.0,12.3,,12.3,8,,,,,Beverages; Carbonated drinks; Sodas; Sweetened beverages,E,en:india,2026-03-02,ok,Open Food Facts (ODbL)
8902080404117,slice,PEPSICO INDIA HOLDINGS PVT LTD.,1.2kg,200 ML,200.0,50,0.0,0.0,12.5,,10.8,7,100,0.0,0.0,25.0,cold drinks,C,en:india,2026-03-11,ok,Open Food Facts (ODbL)
8902080504060,Packaged Drinking Water,Aquafina is sold by PepsiCo,1 l,250 ml,250.0,0,0.0,0.0,0.0,0.0,0.0,1,0,0.0,0.0,0.0,Beverages; Waters,B,en:france;en:india,2026-04-30,ok,Open Food Facts (ODbL)
8902133055662,Sangam Curd,Sangam,450 g,112.5g,112.5,59,3.5,3.0,4.4,,,30,66,3.9,3.4,5.0,Curd,UNKNOWN,en:india,2026-03-12,ok,Open Food Facts (ODbL)
8902167000065,"Chunky chat masala - Préparation pour assaisonner les fruits, les plats salés et les salades",MDH,100 g,,,165,5.0,5.0,25.0,,0.0,18400,,,,,Aliments et boissons à base de végétaux; Aliments d'origine végétale; Condiments; Epices; Mélanges d'épices; en:groceries,NOT-APPLICABLE,en:france;en:india,2026-03-21,ok,Open Food Facts (ODbL)
8902167000140,MEAT KA MASALA,Mdh,100g,,,303,12.5,15.1,52.6,,0.0,561,,,,,,UNKNOWN,en:germany;en:india,2026-03-26,ok,Open Food Facts (ODbL)
8902268014688,anmol swiss roll,,,,,328,6.5,3.5,66.0,3.5,31.0,17,,,,,,UNKNOWN,en:india,2026-04-25,ok,Open Food Facts (ODbL)
8902268015852,Top ROYALE Butter & CHEESE,Anmol,,,,504,7.3,23.7,65.5,,10.1,557,,,,,,UNKNOWN,en:india,2026-04-27,ok,Open Food Facts (ODbL)
8902346012353,Oral Rehydration Salts I.P. Electral,FDC LIMITED,21.80 g,21.6 g,21.6,250,0.0,0.0,62.5,,62.5,4736,54,0.0,0.0,13.5,Non food products,E,en:india,2026-05-16,ok,Open Food Facts (ODbL)
8902346050560,Enerzal Orange Flavour,Enerzal,,15g,15.0,360,0.0,0.0,90.0,,90.0,950,54,0.0,0.0,13.5,Beverages and beverages preparations; Beverages; Energy drinks; en:energy-drink-without-sugar-and-with-artificial-sweeteners,E,en:india,2026-03-11,ok,Open Food Facts (ODbL)
8902433003134,SNICKERS BUTTERSCOTCH FLAVOUR,SNICKERS,40 g,20 g,20.0,501,9.9,26.6,56.3,,44.8,200,100,2.0,5.3,11.3,Snacks; Sweet snacks; Cocoa and its products; Chocolates; Filled chocolates; fr:barres-chocolatees-aux-fruits-oleagineux,E,en:france;en:india,2026-04-07,ok,Open Food Facts (ODbL)
8902433003707,galaxy milk chocolate smooth milk,mars International india pvt ltd,56g,,,539,6.8,32.3,55.2,0.4,54.7,75,,,,,Boissons et préparations de boissons;Boissons;Produits laitiers;Boissons lactées;Laits aromatisés;Laits aromatisés au chocolat,E,en:india,2026-02-20,ok,Open Food Facts (ODbL)
8902433005688,Galaxy Fusions Dark Chocolate,Galaxy,,20 g,20.0,568,7.5,43.1,30.8,,27.0,6,114,1.5,8.6,6.2,Snacks; Sweet snacks; Cocoa and its products; Chocolates; en:dark-chocolates,E,en:india,2026-05-21,ok,Open Food Facts (ODbL)
8902433005763,70%coCÓA,Galaxy,,1 portion (100 g),100.0,568,7.5,43.1,30.8,,26.9,6,568,7.5,43.1,30.8,en:dark-chocolates,E,en:india,2026-04-21,ok,Open Food Facts (ODbL)
8902433007989,Miniatures,Bounty,,100 g,100.0,490,3.9,25.8,59.4,,,100,490,3.9,25.8,59.4,en:chocolate-candies,UNKNOWN,en:india,2026-05-02,ok,Open Food Facts (ODbL)
8902433030598,Snickers Chocolate Bar,,11.5 g,,,477,7.2,22.6,61.0,,55.9,231,,,,,Snacks;Snacks sucrés;Confiseries;Barres chocolatées,E,en:india,2026-04-21,ok,Open Food Facts (ODbL)
8902579001360,Frooti 125ml,Frooti,125 ml,125ml,125.0,63,0.0,0.0,15.8,,15.6,19,79,0.0,0.0,19.8,Boissons et préparations de boissons;Préparations pour boissons;Boissons instantanées;Concentrés de jus de fruits;en:Frooti-mango-drink,UNKNOWN,en:india,2026-05-04,ok,Open Food Facts (ODbL)
8902579002053,Appy fizz,Parle Agro,,1 portion (375 ml),375.0,49,0.3,0.1,10.7,1.3,10.1,0,183,1.0,0.5,40.1,Apple soft drinks,C,en:india,2026-02-22,ok,Open Food Facts (ODbL)
8902579002121,Appy Fizz,Appy Fuzz,,160 gran (160 ml),160.0,56,0.0,0.0,14.0,,13.9,,90,0.0,0.0,22.4,en:confectioneries,UNKNOWN,en:india,2026-03-02,ok,Open Food Facts (ODbL)
8902579002299,Smoodh chocolate,Parle Agro,80ml,,,84,2.3,1.8,14.6,,13.7,68,,,,,Boissons et préparations de boissons;Boissons;Produits laitiers;Boissons lactées;Laits aromatisés;Laits aromatisés au chocolat,E,en:india,2026-03-29,ok,Open Food Facts (ODbL)
8902579003609,Smoodh Flavoured Milk,Smoodh,,80,,82,2.2,1.8,14.2,,13.7,,,,,,Flavoured milks,UNKNOWN,en:india,2026-05-06,ok,Open Food Facts (ODbL)
8902579004309,SMOODH Kesar Badam,Parle Agro,80ml,80ml,80.0,84,1.9,1.8,14.9,,14.6,63,67,1.5,1.4,11.9,Beverages;Sweetened beverages;Dairy drinks;Almond-based drinks,E,en:india,2026-05-19,ok,Open Food Facts (ODbL)
8902579004316,SMOODH Flavoured Milk (kesar Badam),Parlē Agro,150ml,150ml,150.0,84,1.9,1.8,14.9,,14.6,63,125,2.9,2.7,22.4,Beverages and beverages preparations;Beverages;Dairies;Dairy drinks;Flavoured milks;Kesar-badam-flavoured-milk;Fruit and milk beverages,E,en:india,2026-04-17,ok,Open Food Facts (ODbL)
8902579103170,frroti,Parle Agro,600 ml,,,65,0.0,0.0,16.2,0.0,13.3,0,,,,,Beverages and beverages preparations;Plant-based foods and beverages;Beverages;Plant-based beverages;Fruit-based beverages;Juices and nectars;Fruit nectars;Fruit juices;Mango nectars;Sweetened beverag,E,en:india,2026-04-06,ok,Open Food Facts (ODbL)
8902579203016,Packaged Drinking Water,Bailey,1 l,,,0,0.0,0.0,0.0,,0.0,0,,,,,Beverages;Waters;Spring waters;Mineral waters,A,en:india,2026-04-12,ok,Open Food Facts (ODbL)
8902710500509,Baggry’s No Added Sugar muesli,Baggrys,,1 portion (30 g),30.0,380,10.3,5.0,77.3,8.0,1.3,500,114,3.1,1.5,23.2,,UNKNOWN,en:india,2026-05-21,ok,Open Food Facts (ODbL)
8902710500776,Bagrry`s Crunchy Muesli,Bagrry's,425g,,,372,9.0,6.0,77.3,13.7,10.5,252,,,,,Plant-based foods and beverages;Plant-based foods;Breakfasts;Cereals and potatoes;Cereals and their products;Breakfast cereals;Mueslis;Crunchy mueslis,C,en:india,2026-05-22,ok,Open Food Facts (ODbL)
8902756661943,Cheese Corn Nuggets,Godrej Yummiez,,,,280,9.9,12.9,30.3,0.0,2.6,462,,,,,,UNKNOWN,en:india,2026-03-13,ok,Open Food Facts (ODbL)
8902901001594,Besan,Good Life,500g,,,330,21.9,5.3,46.7,5.5,1.1,21,,,,,Plant-based foods and beverages;Plant-based foods;Flours,A,en:india,2026-02-24,ok,Open Food Facts (ODbL)
8902901001600,besan,Good Life,1kg,,,330,21.9,5.3,46.7,5.5,1.1,21,,,,,Plant-based foods and beverages;Plant-based foods;Legumes and their products;Flours;Legume flours;Chickpea flours,A,en:india,2026-05-21,ok,Open Food Facts (ODbL)
8902901001709,Good Life Chakki Atta 5 Kg Bag,good life,5 kg,,,340,9.6,1.5,68.6,6.8,1.6,2,,,,,Plant-based foods and beverages;Plant-based foods;Cereals and potatoes;Cereals and their products;Flours;Cereal flours;Wheat flours,A,en:india,2026-05-06,ok,Open Food Facts (ODbL)
8902901001730,Maida,Good Life,1kg,,,346,10.4,0.8,74.3,6.8,1.8,2,,,,,Plant-based foods and beverages;Plant-based foods;Cereals and potatoes;Cereals and their products;Flours;Cereal flours;Wheat flours;White wheat flours,A,en:india,2026-05-21,ok,Open Food Facts (ODbL)
8902901027839,Desi kitchen Kodo millet,Desi Kitchen,500g,,,356,11.0,4.2,64.3,8.5,,3,,,,,Plant-based foods and beverages;Plant-based foods;Cereals and potatoes;Seeds;Cereals and their products;Cereal grains;Millet,UNKNOWN,en:india,2026-04-18,ok,Open Food Facts (ODbL)
8902901027853,Millet,Desi Kitchen,500g,,,356,11.0,4.2,64.3,8.5,,3,,,,,Millet,UNKNOWN,en:india,2026-04-18,ok,Open Food Facts (ODbL)
8902901031195,Crystal Sugar,Good Life,1 kg,100g,100.0,392,0.0,0.0,98.0,,98.0,0,392,0.0,0.0,98.0,Sweetners,E,en:india,2026-04-17,ok,Open Food Facts (ODbL)
8902901223972,Good Life W320 Cashew 200g,GoodLife,200g,,,616,17.4,49.0,23.5,5.7,6.6,8,,,,,Plant-based foods and beverages;Plant-based foods;Nuts and their products;Nuts;Cashew nuts,UNKNOWN,en:india,2026-05-21,ok,Open Food Facts (ODbL)
8902901224108,Good Life Fig Anjeer 100g,Good Life,100g,,,69,1.2,0.2,13.5,4.1,12.2,5,,,,,Plant-based foods and beverages;Plant-based foods;Fruits and vegetables based foods;Fruits based foods;Dried products;Dried plant-based foods;Dried fruits;Dried figs,A,en:india,2026-04-10,ok,Open Food Facts (ODbL)
8902901224962,Masoor dal,Good Life,1 kg,,,104,9.0,0.4,12.2,7.9,1.8,2,,,,,Plant-based foods and beverages;Plant-based foods;Legumes and their products;Legumes;Seeds;Legume seeds;Pulses;Lentils,A,en:india,2026-05-21,ok,Open Food Facts (ODbL)
8902979050906,Cavins kaju Butterscotch Milkshake 180ml,Cavin's,200ml,200ml,200.0,109,3.0,4.1,15.0,,14.8,80,217,6.0,8.2,30.0,Boissons et préparations de boissons;Boissons;Produits laitiers;Boissons lactées;Laits aromatisés;Milkshakes;en:Butterscotch-milkshake,E,en:india,2026-02-25,ok,Open Food Facts (ODbL)
8902979051071,Rose Lassi,Cavin's,180 ml,180g,180.0,99,2.1,2.1,18.1,,17.3,28,179,3.7,3.7,32.6,Beverages; Dairies; Fermented foods; Fermented milk products; Dairy drinks; Fermented drinks; Fermented milk drinks; en:yogurt-drinks,E,en:india,2026-03-12,ok,Open Food Facts (ODbL)
8903023002254,Raisins,Vedaka,1 kg,,,321,3.0,0.9,73.2,4.2,70.3,5,,,,,raisins,D,en:india,2026-02-23,ok,Open Food Facts (ODbL)
8903081300651,Dessert Protein Powder,Chase,,35 g,35.0,395,74.5,4.0,14.2,,1.7,185,138,26.1,1.4,5.0,,UNKNOWN,en:india,2026-05-14,ok,Open Food Facts (ODbL)
8903081456785,Strawberry Cheesecake Protein Bar,Chase Protein,,50 g,50.0,350,40.0,5.0,37.4,3.2,,0,175,20.0,2.5,18.7,,UNKNOWN,en:india,2026-04-18,ok,Open Food Facts (ODbL)
8903081678903,Cookies And Cream Protein Bar,Chase,,50 g,50.0,350,40.0,3.4,37.4,3.2,0.0,,175,20.0,1.7,18.7,,UNKNOWN,en:india,2026-03-20,ok,Open Food Facts (ODbL)
8903241110038,Mango Pickle,Pravin,,30 g,30.0,200,3.3,14.7,13.3,,2.0,4770,60,1.0,4.4,4.0,en:pickles,E,en:india,2026-03-20,ok,Open Food Facts (ODbL)
8903241110076,Pravin Mango Pickle,Pravin,1 kg,30g,30.0,138,3.3,3.2,24.0,,3.6,1815,41,1.0,1.0,7.2,Plant-based foods and beverages; Plant-based foods; Pickles; en:plant-based-pickles,E,en:india,2026-03-24,ok,Open Food Facts (ODbL)
8903241110793,Pravin,Suhana,200g,30,,130,3.3,3.2,24.0,,3.6,1851,,,,,Mango pickle,E,en:india;en:united-kingdom,2026-03-27,ok,Open Food Facts (ODbL)
8903241230224,Suhana Date Tamarind Chutnet,Pravin,,,,245,0.0,0.0,61.0,,41.7,830,,,,,Sauces,E,en:india,2026-05-20,ok,Open Food Facts (ODbL)
8903363001726,Refined Sunflower Oil,Dmart,,,,900,0.0,100.0,0.0,,0.0,0,,,,,sunflower oil,C,en:india;en:united-kingdom,2026-02-22,ok,Open Food Facts (ODbL)
8903363007032,Foxtail millet,DMart,500g,,,371,13.0,5.2,68.1,8.5,0.7,4,,,,,Plant-based foods and beverages;Plant-based foods;Cereals and potatoes;Seeds;Cereals and their products;Cereal grains;Millet,A,en:india,2026-03-30,ok,Open Food Facts (ODbL)
8903363007643,Nutri Delite Crunchies,Nutri Delite,25 gms,,,386,6.6,2.4,82.5,7.6,27.9,100,,,,,Snacks; en:breakfast-cereals,C,en:india;en:united-kingdom,2026-02-25,ok,Open Food Facts (ODbL)
8903363008275,Roasted Yellow Chana,Dmart Premia,200 grams,200,,419,16.3,7.3,72.2,,2.0,341100,,,,,Roasted chana; en:pulses,E,en:india,2026-03-25,ok,Open Food Facts (ODbL)
8903363008770,Oats,Nutri Delite,,"40 g, (100 g)",100.0,407,12.1,9.7,67.7,,0.9,3,407,12.1,9.7,67.7,en:rolled-oats,B,en:india,2026-05-01,ok,Open Food Facts (ODbL)
8903363010179,besan,dmart,1kg,,,359,22.4,6.7,47.0,10.8,10.9,64,,,,,Besan,UNKNOWN,en:india,2026-04-11,ok,Open Food Facts (ODbL)
8903363012234,Brisky Bites Waffle Chips Milk Choco Splash,Brisky Bites,,17.5 g,17.5,460,6.2,13.4,78.6,,35.6,244,80,1.1,2.3,13.8,,UNKNOWN,en:india,2026-03-20,ok,Open Food Facts (ODbL)
8903553601460,Mango Pickle,Ram Bandhu,350g,,,200,3.4,11.3,21.3,,3.3,,,,,,Pickled mangoes,UNKNOWN,en:germany;en:india,2026-03-26,ok,Open Food Facts (ODbL)
8903666002765,Palada Payasam Mix,UniTaste,300 g,25g,25.0,390,5.0,1.0,91.0,1.0,36.0,0,98,1.2,0.2,22.8,Cooking helpers,D,en:india,2026-05-24,ok,Open Food Facts (ODbL)
8903754000123,Gluco+ Strawberry Jelly Energy Drink,Tata,,,,41,0.0,0.0,10.2,0.0,10.2,0,,,,,Beverages;Sweetened beverages;energy and soft drink,E,en:india,2026-03-08,ok,Open Food Facts (ODbL)
8904004400069,Halirams Bhujiya sev 1kg,Haldiram's,1 kg,,,592,12.9,43.5,37.1,,0.0,308,,,,,Snacks; en:spices,NOT-APPLICABLE,en:france;en:india,2026-03-19,ok,Open Food Facts (ODbL)
8904004400472,Masala moongfali,Haldiram's,,,,637,20.6,51.9,21.9,3.3,0.0,425,,,,,Food,E,en:canada;en:india,2026-04-01,ok,Open Food Facts (ODbL)
8904004400755,Aloo Bhujia sev,Haldiram,,,,572,9.0,37.4,46.1,4.0,0.0,0,,,,,Snacks,D,en:france;en:india,2026-03-05,ok,Open Food Facts (ODbL)
8904004400762,Haldirams Alu Bhujia,Haldiram's,175 g,,,562,8.7,38.1,46.1,0.8,0.2,615,,,,,fr:Indian snacks,E,en:france;en:india,2026-03-14,ok,Open Food Facts (ODbL)
8904004400779,Haldiram's Aloo Bhujia,Haldiram's,,,,564,9.0,37.5,47.7,4.0,0.0,246,,,,,Snakes;Sev,E,en:france;en:india,2026-03-14,ok,Open Food Facts (ODbL)
8904004401134,Haldiram's Khatta Sweet and Salty mix,Haldiram,1 400grams,,,530,9.3,29.2,57.4,0.5,4.3,144,,,,,Mix of Sago and rice flakes,D,en:france;en:india,2026-03-24,ok,Open Food Facts (ODbL)
8904004401189,Haldiram's Khatta Meetha,Haldiram's,150 g,50 g,50.0,540,10.0,30.0,58.0,4.0,14.0,360,270,5.0,15.0,29.0,Indian Snacks,E,en:canada;en:france;en:india,2026-03-15,ok,Open Food Facts (ODbL)
8904004402056,All in one,Haldiram's,200 g,,,559,15.4,36.5,43.1,,0.8,587,,,,,,UNKNOWN,en:france;en:india,2026-03-25,ok,Open Food Facts (ODbL)
8904004402834,Panchathanthra mix,Haldiram's,,1 portion (100 g),100.0,142,1.3,10.5,10.5,,2.1,96,142,1.3,10.5,10.5,B,C,en:india,2026-04-07,ok,Open Food Facts (ODbL)
8904004403633,tasty nuts,Haldiram's,200 g,,,624,21.2,49.5,23.3,5.2,0.0,,,,,,Coated peanuts,UNKNOWN,en:india;en:united-kingdom,2026-04-10,ok,Open Food Facts (ODbL)
8904004403671,TASTY NUTS Shing Bhujia,Haldiram's,40g,20 g,20.0,634,21.2,49.5,23.3,4.9,0.0,493,127,4.2,9.9,4.7,Snacks,E,en:india,2026-03-22,ok,Open Food Facts (ODbL)
8904004403725,Moong Dal,Haldiram's,35 g,35g,35.0,476,21.3,20.9,50.7,,0.0,160,167,7.5,7.3,17.7,Snacks; Salty snacks; Namkeen,C,en:france;en:india,2026-03-19,ok,Open Food Facts (ODbL)
8904004404647,salted peanuts,Haldiram's,200g,20g,20.0,637,20.6,51.9,21.9,3.3,0.9,425,127,4.1,10.4,4.4,en:peanuts,D,en:india,2026-02-23,ok,Open Food Facts (ODbL)
8904004404661,salted peanuts,Haldiram's,,36 g,36.0,637,20.0,51.9,21.9,3.3,0.9,423,229,7.2,18.7,7.9,Plant-based foods and beverages;Plant-based foods;Nuts and their products;Nuts;Salted peanuts,E,en:india,2026-03-01,ok,Open Food Facts (ODbL)
8904004405415,Haldiram's Soan Papdi (indian Sweets),Haldiram's,,,,490,5.3,23.1,63.4,,46.1,3200,,,,,Snacks; Sweet snacks; Confectioneries; Candies; Indian sweets; en:pastries,E,en:france;en:india,2026-03-19,ok,Open Food Facts (ODbL)
8904004407860,Chatpata matar,Haldiram's,18 gram,18g,18.0,444,19.9,13.2,57.8,6.6,0.0,520,80,3.6,2.4,10.4,Snacks; en:wheat-groats,C,en:india,2026-04-09,ok,Open Food Facts (ODbL)
8904004411003,Rusky,Haldiram's,250 g,,,418,7.2,6.9,81.9,0.8,16.3,385,,,,,Rusks,D,en:france;en:india,2026-02-22,ok,Open Food Facts (ODbL)
8904004424485,Khatta Meetha,Haldiram's,55g,20,,530,9.3,29.2,57.4,4.0,13.1,368,,,,,Namkeen;Snacks,E,en:india,2026-04-13,ok,Open Food Facts (ODbL)
8904011302844,Gold Milk,Aavin,500 ml,200 ml,200.0,73,3.4,4.5,4.8,0.0,4.8,70000,146,6.8,9.0,9.6,Milk,E,en:india,2026-05-05,ok,Open Food Facts (ODbL)
8904013460023,Thurbo DARJEELING TEA WHOLE LEAF,Goodricke,250g,,,0,0.0,0.0,0.0,0.0,0.0,2,,,,,Beverages and beverages preparations;Plant-based foods and beverages;Beverages;Hot beverages;Plant-based beverages;Teas,B,en:india,2026-03-07,ok,Open Food Facts (ODbL)
8904043500263,Baker's Loaf High Protein Bread,Bimbo,,50g,50.0,242,15.2,2.7,39.1,6.2,4.0,387,121,7.6,1.4,19.6,Plant-based foods and beverages;Plant-based foods;Cereals and potatoes;Cereals and their products;Breads,A,en:india,2026-03-11,ok,Open Food Facts (ODbL)
8904043500393,Sunbake Rusk,Modern,,,,399,8.3,9.6,69.8,,21.7,246,,,,,,UNKNOWN,en:india,2026-02-22,ok,Open Food Facts (ODbL)
8904043501000,Multigrain Bread,Baker Loaf,,,,235,6.6,1.3,47.8,6.3,5.2,351,,,,,,UNKNOWN,en:india,2026-04-23,ok,Open Food Facts (ODbL)
8904043501017,Baker's Loaf High Protein Bread,Modern,350g,1 portion (100 g),100.0,242,15.2,2.7,39.1,6.2,4.0,387,242,15.2,2.7,39.1,bread,A,en:india,2026-04-17,ok,Open Food Facts (ODbL)
8904043501031,Whole Wheat Bread,Bakers Loaf,,,,232,7.8,1.4,46.0,,5.2,343,,,,,,UNKNOWN,en:india,2026-05-08,ok,Open Food Facts (ODbL)
8904043551548,Modern 100% Whole Wheat Bread,Modern,400 g,2 slices (50 g),50.0,264,8.8,2.7,43.5,6.4,3.7,390,132,4.4,1.4,21.8,Plant-based foods and beverages;Plant-based foods;Cereals and potatoes;Breads;Wholemeal sliced breads,B,en:india,2026-04-18,ok,Open Food Facts (ODbL)
8904043551845,Pineapple Sweet Fill,Modern,,100 g,100.0,342,6.7,10.2,56.0,,21.4,242,342,6.7,10.2,56.0,,UNKNOWN,en:india,2026-05-05,ok,Open Food Facts (ODbL)
8904043554716,Crem Treat Vanilla Crem bun,Modern,,50g,50.0,357,6.9,11.9,55.5,3.8,24.6,235,178,3.5,6.0,27.8,Plant-based foods and beverages;Plant-based foods;Cereals and potatoes;Breads;Bread rolls,E,en:india,2026-05-01,ok,Open Food Facts (ODbL)
8904043603407,Chicken Sausag,Venky's,,,,162,11.8,7.7,11.4,,,,,,,,,UNKNOWN,en:india,2026-03-25,ok,Open Food Facts (ODbL)
8904043603452,Chicken Burger Patty,Venky's,,50 g,50.0,222,11.0,11.1,19.5,,2.4,424,111,5.5,5.5,9.8,patties,C,en:india,2026-03-30,ok,Open Food Facts (ODbL)
8904043901015,Tata Salt,Tata,1 kg,1 g,1.0,0,0.0,0.0,0.0,0.0,0.0,0,0,0.0,0.0,0.0,Condiments;Salts;Table salts;Groceries,NOT-APPLICABLE,en:india,2026-05-25,ok,Open Food Facts (ODbL)
8904043904610,Almond,Tata,,,,596,20.6,43.8,29.9,12.5,5.5,0,,,,,,UNKNOWN,en:india,2026-03-21,ok,Open Food Facts (ODbL)
8904043908052,Dried Figs,Tata Sampann,,,,371,4.8,0.8,86.3,15.8,62.6,8,,,,,,UNKNOWN,en:india,2026-04-02,ok,Open Food Facts (ODbL)
8904043926582,Masoor Dal,Tata Sampann,500g,,,104,9.0,0.4,12.2,7.9,1.8,2,,,,,Plant-based foods and beverages;Plant-based foods;Legumes and their products;Legumes;Seeds;Legume seeds;Pulses,A,en:india,2026-04-22,ok,Open Food Facts (ODbL)
8904043926711,Besan,Tata Sampann,1 kg,,,359,22.4,6.7,47.0,10.8,10.9,64,,,,,Besan,UNKNOWN,en:india,2026-04-10,ok,Open Food Facts (ODbL)
8904052504269,Dark Choco Nut Icecream Triple Layered,Dinshaw,,60 g,60.0,313,4.0,18.7,32.2,,23.8,53,188,2.4,11.2,19.3,,UNKNOWN,en:india,2026-04-20,ok,Open Food Facts (ODbL)
8904055906114,Krispy Fried Chicken,Meatzza Snackers,,100 g,100.0,306,20.2,19.5,9.3,,6.3,698,306,20.2,19.5,9.3,,UNKNOWN,en:india,2026-05-16,ok,Open Food Facts (ODbL)
8904057395107,Standardized Milk,Arokya,500ml,,,70,3.0,4.5,4.5,0.0,4.5,40,,,,,Milk,C,en:india,2026-04-23,ok,Open Food Facts (ODbL)
8904057395503,Hatsun Curd,Hatsun,,,,67,4.0,3.0,6.0,,6.0,50,,,,,Curd,B,en:india,2026-03-12,ok,Open Food Facts (ODbL)
8904057395602,Curd,HATSUN,85g,85g,85.0,65,9.4,5.4,5.1,0.0,5.1,0,55,8.0,4.6,4.3,Curd,B,en:india,2026-03-12,ok,Open Food Facts (ODbL)
8904057396289,Hatsun Curd,Hatsun,200 g,100 g,100.0,76,4.0,4.0,6.0,0.0,6.0,50,76,4.0,4.0,6.0,Curd,B,en:india,2026-03-12,ok,Open Food Facts (ODbL)
8904057396531,Hatsun Yoghurt Shake Strawberry,Hatsun,,175 ml (175 ml),175.0,113,3.2,2.0,20.5,0.0,20.5,45,197,5.6,3.5,35.9,Drinkable yogurts,E,en:india,2026-03-12,ok,Open Food Facts (ODbL)
8904057396883,Hatsun Yoghurt Shake Mango,Hatsun,,,,186,5.3,3.5,33.3,0.0,33.3,70,,,,,Drinkable yogurts,E,en:india,2026-03-12,ok,Open Food Facts (ODbL)
8904057396968,Yogurt shake,Hatsun,,175.0g,175.0,110,3.0,2.0,20.0,,20.0,,193,5.3,3.5,35.0,en:yogurts,UNKNOWN,en:india,2026-03-12,ok,Open Food Facts (ODbL)
8904061400293,Orange Wafers,Gourmet's Delite,,,,494,4.0,21.8,70.4,,,,,,,,,UNKNOWN,en:india,2026-03-31,ok,Open Food Facts (ODbL)
8904063200051,BHUJIA,Haldiram's,200g,,,564,20.0,40.0,31.0,0.0,0.0,560,,,,,Snacks; Fried foods; Flour fried,E,en:france;en:india,2026-05-07,ok,Open Food Facts (ODbL)
8904063220233,Chips,Haldiram’s,,,,546,7.1,33.0,55.2,,1.0,600000,,,,,Chips and fries,E,en:india,2026-03-14,ok,Open Food Facts (ODbL)
8904063223036,Mexilla Flaming Hot,Haldiram's,79,79,,469,6.5,25.3,53.9,,3.1,850,,,,,Chips,E,en:india,2026-05-20,ok,Open Food Facts (ODbL)
8904063226402,Chips,Haldirams,95g,20g,20.0,546,7.1,33.0,55.2,,1.0,600,109,1.4,6.6,11.0,Potato-chips-in-vegetable-oil;classic salted potato chips,E,en:india,2026-02-22,ok,Open Food Facts (ODbL)
8904063233172,Takatak,Haldiram,,1 portion (21.5 g),21.5,543,7.6,33.3,53.2,,2.6,1172,117,1.6,7.2,11.4,,UNKNOWN,en:india,2026-05-13,ok,Open Food Facts (ODbL)
8904063240057,Aloo Bhujia,Haldiram's,42 g,,,577,9.7,40.1,44.4,,3.7,909,,,,,snacks; puffed-salty-snacks-potato/soy-based,E,en:france;en:india,2026-03-26,ok,Open Food Facts (ODbL)
8904063240187,Aloo Bhujia,Haldiram's,21.5g,,,577,9.7,40.1,44.1,4.5,3.7,909,,,,,snacks,E,en:india;en:united-kingdom,2026-03-14,ok,Open Food Facts (ODbL)
8904063240224,Namkeen,Haldiram's,20,,,529,11.2,28.1,57.8,7.6,10.8,5920,,,,,,UNKNOWN,en:india,2026-03-14,ok,Open Food Facts (ODbL)
8904063254986,Salted Peanuts,Haldiram Snacks Pvt. Ltd.,72,,,610,26.0,48.0,18.5,0.0,0.0,730,,,,,Plant-based foods and beverages; Plant-based foods; Snacks; Nuts and their products; Nuts; Roasted nuts; Peanuts; Peanut grilled salted; en:roasted-peanuts,E,en:india,2026-05-09,ok,Open Food Facts (ODbL)
8904063257215,Haldiram fatafat bhel,Haldiram,,,,526,11.0,30.0,53.0,,15.0,550,,,,,,UNKNOWN,en:india,2026-04-17,ok,Open Food Facts (ODbL)
8904063260024,Snac Lite! Soya Katori Masala Dhamaka,Haldiram's,21g,20g,20.0,511,9.0,27.0,58.0,5.2,1.5,1640,102,1.8,5.4,11.6,Snacks,E,en:india,2026-03-18,ok,Open Food Facts (ODbL)
8904067700304,Classic Hand Roasted Peanuts,Jabsons,150 g,30 g,30.0,630,20.0,52.0,21.0,9.0,4.0,630,189,6.0,15.6,6.3,Plant-based foods and beverages;Plant-based foods;Legumes and their products;Legumes;Nuts and their products;Nuts;Roasted nuts;Peanuts;Roasted peanuts,C,en:india,2026-03-20,ok,Open Food Facts (ODbL)
8904067700762,Khakhra roasted wheat crisps,,,,,489,10.0,21.0,65.0,,3.0,800,,,,,en:appetizers,E,en:france;en:india,2026-03-19,ok,Open Food Facts (ODbL)
8904067703367,Jonson falari mix,,,30g,30.0,600,6.7,40.0,46.7,0.0,23.3,0,180,2.0,12.0,14.0,namkeen,E,en:india,2026-03-08,ok,Open Food Facts (ODbL)
8904067712727,Peanut Chikki,Jabsons,,1 Bar (30 g),30.0,540,20.0,31.0,46.0,,31.0,,162,6.0,9.3,13.8,,UNKNOWN,en:india,2026-04-04,ok,Open Food Facts (ODbL)
8904071700024,Salt-n-Pepper Banana Chips,Chheda's,150g,170g,170.0,552,2.9,35.6,55.0,2.0,0.0,348,938,4.9,60.5,93.5,Plant-based foods and beverages; Plant-based foods; Fruits and vegetables based foods; Snacks; Salty snacks; Appetizers; Chips and fries; Fruits based foods; Crisps; Dried products; Dried plant-based ,E,en:germany;en:india,2026-03-26,ok,Open Food Facts (ODbL)
8904071700376,Farali potato Chivda,,,,,549,9.9,34.1,51.6,4.4,3.3,275,,,,,en:crisps,D,en:india;en:switzerland,2026-03-25,ok,Open Food Facts (ODbL)
8904071701175,Chana Chor,,6 oz,,,567,13.3,30.0,53.3,10.0,0.0,233,,,,,en:legume-seeds,C,en:india;en:united-states,2026-04-17,ok,Open Food Facts (ODbL)
8904071702196,Banana chips,Chheda’s,,1 r (100 g),100.0,317,1.3,17.9,37.9,4.1,0.0,79,317,1.3,17.9,37.9,Snacks; Salty snacks; Appetizers; Chips and fries; Crisps; en:dried-bananas,D,en:india,2026-05-12,ok,Open Food Facts (ODbL)
8904071709218,Crunchy Aloo Laccha,Chheda's,150G,100g,100.0,483,6.9,28.0,53.3,4.9,1.9,720000,483,6.9,28.0,53.3,Snacks,E,en:india,2026-03-23,ok,Open Food Facts (ODbL)
8904077201730,Manchurian Khakhra,Maniarrs,,4 pc (30 g),30.0,417,10.0,16.7,56.7,3.3,0.0,910,125,3.0,5.0,17.0,,UNKNOWN,en:india,2026-04-04,ok,Open Food Facts (ODbL)
8904080995336,Strawberry yogurt,Heritage,90g,,,97,5.5,0.0,15.2,,8.8,53,,,,,Dairies;Fermented foods;Fermented milk products;Desserts;Dairy desserts;Fermented dairy desserts;Yogurts,B,en:india,2026-04-11,ok,Open Food Facts (ODbL)
8904083300809,Cow Ghee,Milky Mist,12ml,4.6g,4.6,898,0.0,99.8,0.0,,0.0,6,41,0.0,4.6,0.0,Fats;Animal fats;Butter fat;Clarified butter;Ghee,E,en:india,2026-05-21,ok,Open Food Facts (ODbL)
8904083300953,MilkyMist Strawberry Milk Shake,Milky Mist,220ml,220ml,220.0,117,3.1,4.0,17.1,,17.1,50,257,6.8,8.8,37.6,Beverages and beverages preparations;Beverages;Dairies;Dairy drinks;Flavoured milks,E,en:india,2026-05-21,ok,Open Food Facts (ODbL)
8904083301097,Pizza Cheese Mozzarella Diced,Milky Mist,,50g,50.0,288,22.3,21.0,2.6,,2.6,193,144,11.2,10.5,1.3,Dairies;Fermented foods;Fermented milk products;Cheeses,C,en:india,2026-05-21,ok,Open Food Facts (ODbL)
8904083301158,MilkyMist Cow Ghee,Milky Mist,2L,4.6g,4.6,898,0.0,99.8,0.0,,0.0,6000,41,0.0,4.6,0.0,Fats;Animal fats;Butter fat;Clarified butter;Ghee,E,en:india,2026-05-21,ok,Open Food Facts (ODbL)
8904083301813,Cow Ghee,Milky Mist,,4.6g,4.6,898,0.0,99.8,0.0,,0.0,6,41,0.0,4.6,0.0,Dairies;Fats;Spreads;Spreadable fats;Animal fats;Dairy spreads;Milkfat;Butters,E,en:india,2026-05-21,ok,Open Food Facts (ODbL)
8904083302063,Yogurt,Milky Mist,,,,104,3.6,3.1,15.3,,15.3,21000,,,,,Dairies; en:fruit-yogurts,UNKNOWN,en:india,2026-05-04,ok,Open Food Facts (ODbL)
8904083302070,MilkyMist Fruit Yogurt,Milky Mist,100g,100 g,100.0,104,3.6,3.1,15.3,,15.3,21,104,3.6,3.1,15.3,Dairies;Fermented foods;Fermented milk products;Desserts;Dairy desserts;Fermented dairy desserts;Yogurts,C,en:india,2026-05-21,ok,Open Food Facts (ODbL)
8904083302094,milky mist yogurt peach,Milky Mist,100gm,1 per pack (100 g),100.0,104,3.6,3.1,15.3,,15.3,21,104,3.6,3.1,15.3,Dairies;Fermented foods;Fermented milk products;Desserts;Dairy desserts;Fermented dairy desserts;Yogurts,C,en:india,2026-05-21,ok,Open Food Facts (ODbL)
8904083302100,Fruit Yogurt Blueberry,Milky Mist,100 g,100 g* (100 g),100.0,104,3.6,3.1,15.3,,15.3,21,104,3.6,3.1,15.3,Dairies;Fermented foods;Fermented milk products;Desserts;Dairy desserts;Fermented dairy desserts;Fermented dairy desserts with fruits;Yogurts;Fruit yogurts,C,en:india,2026-05-21,ok,Open Food Facts (ODbL)
8904083302292,Greek Yogurt,Milky Mist,100g,100 g,100.0,78,8.0,2.2,6.5,,6.5,67,78,8.0,2.2,6.5,Dairies;Fermented foods;Fermented milk products;Desserts;Dairy desserts;Fermented dairy desserts;Yogurts;Greek-style yogurts,A,en:india,2026-03-12,ok,Open Food Facts (ODbL)
8904083302339,Greek yogurt,Milky Mist,,,,93,7.0,2.2,11.3,0.5,10.8,59,,,,,Dairies;Fermented foods;Fermented milk products;Desserts;Dairy desserts;Fermented dairy desserts;Yogurts;Greek-style yogurts,C,en:india,2026-03-12,ok,Open Food Facts (ODbL)
8904083302346,Greek Yogurt,Milky Mist,,,,74,7.0,2.2,6.5,,0.0,67,,,,,Dairies;Fermented foods;Fermented milk products;Desserts;Dairy desserts;Fermented dairy desserts;Yogurts;Greek-style yogurts,A,en:india,2026-03-12,ok,Open Food Facts (ODbL)
8904083302438,Greek Yoghurt,Milky Mist,700g,1 portion (100 g),100.0,80,8.6,2.2,6.5,,6.5,67,80,8.6,2.2,6.5,Greek Yogurt,A,en:india,2026-03-12,ok,Open Food Facts (ODbL)
8904083302445,Blueberry Greek Yogurt,Milkmist,,100 g,100.0,102,7.0,2.0,13.9,,13.9,57,102,7.0,2.0,13.9,,UNKNOWN,en:india,2026-03-29,ok,Open Food Facts (ODbL)
8904083302483,Skyr Yogurt,Milky Mist,100g,1 portion (100 g),100.0,100,12.0,1.5,9.5,,0.0,144,100,12.0,1.5,9.5,Dairies;Fermented foods;Fermented milk products;Desserts;Dairy desserts;Fermented dairy desserts;Fromages blancs - petit suisses and skyr;Plain fermented dairy desserts;Skyrs;Plain skyrs,A,en:india,2026-02-20,ok,Open Food Facts (ODbL)
8904083302490,Skyr,Milky Mist,,1 serving (100 g),100.0,96,11.2,1.5,9.5,,9.5,144,96,11.2,1.5,9.5,,UNKNOWN,en:india,2026-04-21,ok,Open Food Facts (ODbL)
8904083303077,Farm Fresh Sahi Plain Yoghurt,Milky Mist,1kg,1 portion (100 g),100.0,62,3.5,3.0,5.2,,5.2,45,62,3.5,3.0,5.2,Dairies; Fermented foods; Desserts; Fermented milk products; Dairy desserts; Fermented dairy desserts; Yogurts,B,en:india,2026-03-12,ok,Open Food Facts (ODbL)
8904083305057,Probiotic Curd,Milky Mist,,200 g,200.0,62,3.5,3.0,5.2,,,45,124,7.0,6.0,10.4,,UNKNOWN,en:india,2026-05-25,ok,Open Food Facts (ODbL)
8904083305071,Pro Biotic Curd,Milky Mist,1kg,100 g,100.0,62,3.5,3.0,5.2,,,45,62,3.5,3.0,5.2,curd,UNKNOWN,en:india,2026-03-12,ok,Open Food Facts (ODbL)
8904083306047,Curd,Milky Mist,135g,67.5g,67.5,61,3.5,3.0,4.8,,4.8,26,41,2.4,2.0,3.2,Dairies;Fermented foods;Fermented milk products;Desserts;Dairy desserts;Fermented dairy desserts;Yogurts;Dairy by-products;Curd,B,en:india,2026-05-21,ok,Open Food Facts (ODbL)
8904083307037,Processed Cheese Cubes,Milky Mist,200g,1 portion (20 g),20.0,313,19.0,25.0,3.0,,3.0,1439,63,3.8,5.0,0.6,Dairies;Fermented foods;Fermented milk products;Cheeses,UNKNOWN,en:india,2026-05-21,ok,Open Food Facts (ODbL)
8904083309888,Cream Cheese,Milky Mist,,,,334,7.5,32.0,4.1,,4.1,377,,,,,,UNKNOWN,en:india,2026-03-16,ok,Open Food Facts (ODbL)
8904083310112,Cheese Slice,Milky Mist,100 g,20 g,20.0,309,17.0,25.0,4.0,,4.0,1512,62,3.4,5.0,0.8,Dairies;Fermented foods;Fermented milk products;Cheeses;Cheese preparations;Processed cheeses;Processed cheese in slices,E,en:india,2026-05-21,ok,Open Food Facts (ODbL)
8904083310136,Milky Mist Cheese Slices 100 g (5 Slices),Milky Mist,,20 g,20.0,309,17.0,25.0,4.0,,4.0,1510,62,3.4,5.0,0.8,Dairies;Fermented foods;Fermented milk products;Cheeses,E,en:india,2026-04-05,ok,Open Food Facts (ODbL)
8904083312048,Shrikand,Milky Mist,,1 portion (100 g),100.0,261,6.7,5.1,44.9,,44.9,,261,6.7,5.1,44.9,,UNKNOWN,en:india,2026-03-02,ok,Open Food Facts (ODbL)
8904083323174,Skyr Blueberry,Milky Mist,,100 g,100.0,115,9.0,1.8,15.8,,15.8,122,115,9.0,1.8,15.8,,UNKNOWN,en:india,2026-04-14,ok,Open Food Facts (ODbL)
8904083323181,Blueberry Skyr,Milky mist,,,,115,9.0,1.8,15.8,,15.8,122,,,,,,UNKNOWN,en:india,2026-05-25,ok,Open Food Facts (ODbL)
8904083504870,24 Mantra Puffed Rice,24 Mantra,,,,378,8.0,1.7,81.0,2.7,0.0,100,,,,,Plant-based foods and beverages;Plant-based foods;Fruits and vegetables based foods;Breakfasts;Cereals and potatoes;Vegetables based foods;Cereals and their products;Vegetables;Breakfast cereals;Puffe,B,en:india,2026-05-23,ok,Open Food Facts (ODbL)
8904083505693,24 mantra peanut,24 Mantra Organic,500g,,,610,22.8,49.1,14.8,8.6,5.9,9,,,,,Plant-based foods and beverages;Plant-based foods;Legumes and their products;Legumes;Nuts and their products;Nuts;Peanuts,A,en:india,2026-05-23,ok,Open Food Facts (ODbL)
8904083519140,Organic Whole Wheat Flour,24 Mantra Organic,,1 portion (30 g),30.0,333,10.0,1.7,73.3,13.3,,,100,3.0,0.5,22.0,whole wheat flour,UNKNOWN,en:india;en:united-states,2026-05-23,ok,Open Food Facts (ODbL)
8904084900398,Fish Fingers,Tilapia,200 g,,,225,9.0,12.0,20.0,,0.0,712,,,,,,UNKNOWN,en:india,2026-05-22,ok,Open Food Facts (ODbL)
8904089915144,Toned Milk,Heritage,1l,,,58,3.1,3.0,4.6,,4.6,40,,,,,Milk,B,en:india,2026-05-01,ok,Open Food Facts (ODbL)
8904089920490,Heritage Total Curd,heritage,,1 portion (100 g),100.0,58,3.3,3.0,4.3,0.0,0.0,45,58,3.3,3.0,4.3,Dairies;Fermented foods;Fermented milk products;Desserts;Dairy desserts;Fermented dairy desserts;Yogurts;Curd,A,en:india,2026-03-12,ok,Open Food Facts (ODbL)
8904089920551,Heritage probiotic curd,Heritage,400g,,,58,3.3,3.0,4.3,,,45,,,,,Curd,UNKNOWN,en:india,2026-03-12,ok,Open Food Facts (ODbL)
8904089974776,Curd,Heritage,,50 g,50.0,46,3.3,1.5,4.9,,,55,23,1.6,0.8,2.5,Curd,UNKNOWN,en:india,2026-04-13,ok,Open Food Facts (ODbL)
8904089974844,Heritage Milk Shake,Heritage,180ml,180ml,180.0,102,3.4,3.5,14.1,0.0,8.5,0,183,6.1,6.3,25.4,Beverages and beverages preparations; Beverages; Dairies; Dairy drinks; Flavoured milks; Chocolate milks; Milkshakes; en:milks,C,en:india,2026-05-04,ok,Open Food Facts (ODbL)
8904089975339,Total Curd,Heritage,140 g,,,58,3.3,3.0,4.3,,0.0,45,,,,,Dairies; Fermented foods; Desserts; Fermented milk products; Dairy desserts; Fermented dairy desserts; Yogurts; Cow milk yogurts,A,en:india,2026-03-12,ok,Open Food Facts (ODbL)
8904089992602,Cheese Slices (Processed Cheese),Heritage,,20 g,20.0,309,17.0,25.0,4.0,,4.0,1426,62,3.4,5.0,0.8,,UNKNOWN,en:india,2026-05-01,ok,Open Food Facts (ODbL)
8904089994354,Lite Fit Milk,Heritage,,,,33,3.1,0.1,5.0,,5.0,50,,,,,Dairies;Milks (liquid and powder);Milks,B,en:india,2026-05-15,ok,Open Food Facts (ODbL)
8904089995498,Nourish+ High Protein Paneer,Heritage,240g,50g,50.0,203,25.0,9.0,5.4,,5.4,214,101,12.5,4.5,2.7,Dairies;Fermented foods;Fermented milk products;Cheeses;Paneer,C,en:india,2026-02-28,ok,Open Food Facts (ODbL)
8904092400118,Kulcha,Kabhi b,,1 portion (100 g),100.0,227,5.8,3.5,43.0,1.4,2.8,394,227,5.8,3.5,43.0,bread,C,en:india,2026-04-11,ok,Open Food Facts (ODbL)
8904092498023,Pizza bread,Kabhib,200g,50g,50.0,337,8.0,5.0,65.0,2.0,1.5,633,168,4.0,2.5,32.5,Plant-based foods and beverages;Plant-based foods;Cereals and potatoes;Cereals and their products;Breads;Raw pizza base;Flatbreads;Pizzas,D,en:india,2026-04-23,ok,Open Food Facts (ODbL)
8904092499419,Multigrain Bread,Kabhi B,,50 g,50.0,238,8.5,4.5,41.0,6.0,2.0,313,119,4.2,2.2,20.5,,UNKNOWN,en:india,2026-05-24,ok,Open Food Facts (ODbL)
8904109449222,Honey,,,,,320,0.0,0.0,80.0,,80.0,80,,,,,Breakfasts; Spreads; Sweet spreads; Bee products; Sweeteners; Honey-based preparations; Honey and royal jelly mixtures; en:honeys,E,en:france;en:india,2026-03-23,ok,Open Food Facts (ODbL)
8904119607049,Choco Chips Magic Cone,Top N Town,,64 g,64.0,206,3.0,8.7,29.3,,16.2,0,132,1.9,5.5,18.7,,UNKNOWN,en:india,2026-04-05,ok,Open Food Facts (ODbL)
8904124116161,Dahi,ANANDA,,1 portion (100 g),100.0,56,5.0,1.3,6.0,,5.9,24,56,5.0,1.3,6.0,curd,A,en:india,2026-04-29,ok,Open Food Facts (ODbL)
8904132913325,Choco Vanilla Creme,Independence,44.5 g,19 g,19.0,473,7.0,16.3,74.6,,37.1,199300,90,1.3,3.1,14.2,en:biscuits,E,en:india,2026-05-02,ok,Open Food Facts (ODbL)
8904132926820,Besan (Coarse),Good Life,,,,122,6.7,2.7,15.0,5.5,0.5,216,,,,,Chickpea flours,A,en:india,2026-04-17,ok,Open Food Facts (ODbL)
8904132932944,unpolished chana dal,Good Life,1 kg,,,122,6.7,2.7,15.0,5.5,0.5,216,,,,,Plant-based foods and beverages;Plant-based foods;Legumes and their products;Legumes;Seeds;Legume seeds;Pulses;Chickpea lentils,A,en:india,2026-05-21,ok,Open Food Facts (ODbL)
8904132942356,Good Life Lokwan Wheat 10 KG Bag,Good Life,10kg,,,340,9.6,1.5,68.6,6.8,1.6,2,,,,,Plant-based foods and beverages;Plant-based foods;Seeds;Cereal grains;Wheats,A,en:india,2026-05-12,ok,Open Food Facts (ODbL)
8904132948198,Campa Lemon,Campa Cola,500ml,100ml,100.0,46,0.0,0.0,11.5,,11.5,5,46,0.0,0.0,11.5,Beverages and beverages preparations;Plant-based foods and beverages;Beverages;Plant-based beverages;Carbonated drinks;Fruit-based beverages;Sodas;Fruit sodas;Lemon soft drinks,E,en:india,2026-02-18,ok,Open Food Facts (ODbL)
8904132952621,Lemon Flavoured 2ltr,Campa,2L(2000ml),200ml,200.0,46,0.0,0.0,11.5,0.0,11.5,5,92,0.0,0.0,23.0,Boissons et préparations de boissons;Boissons;Boissons gazeuses;Sodas;Limonades,E,en:india,2026-03-28,ok,Open Food Facts (ODbL)
8904132969995,Good Life HMT Kolam Rice 26 Kg Bag,Good Life,26kg,,,350,7.0,0.9,78.0,1.1,0.2,2,,,,,Rice,UNKNOWN,en:india,2026-05-06,ok,Open Food Facts (ODbL)
8904132973084,RAS KIK MANGO,CAMPA COLA,150 ml,200 ml,200.0,28,0.0,0.0,7.0,2.6,7.0,5,56,0.0,0.0,14.0,Beverages and beverages preparations; Plant-based foods and beverages; Beverages; Plant-based beverages; Juices and nectars; Sweetened beverages; en:fruit-juices,D,en:india;en:united-kingdom,2026-03-27,ok,Open Food Facts (ODbL)
8904132975491,Orange Flavoured,Campa,,1 bottle (200 ml),200.0,48,0.0,0.0,12.0,,12.0,20,96,0.0,0.0,24.0,en:sodas,E,en:india,2026-05-23,ok,Open Food Facts (ODbL)
8904132975507,Campa Orange Flavour,Campa,500 ml,,,48,0.0,0.0,12.0,,12.0,20,,,,,Beverages and beverages preparations; Beverages; Carbonated drinks; Carbonated fruit soft drink; Carbonated fruit soft drink with sugar; Cold dr; Cold drink; en:sodas,E,en:india,2026-04-26,ok,Open Food Facts (ODbL)
8904132976443,nimbu pani,Ras Kik,150ml,,,45,0.0,0.0,11.3,,11.3,142,,,,,Beverages and beverages preparations;Beverages,E,en:india,2026-05-12,ok,Open Food Facts (ODbL)
8904137703204,Rajgira Atta,Deepak,,1 portion (100 g),100.0,372,16.6,5.1,64.9,7.3,1.8,,372,16.6,5.1,64.9,,UNKNOWN,en:india,2026-03-18,ok,Open Food Facts (ODbL)
8904145911257,Ensure Vanilla Flavour,Ensure,375g,,,410,15.1,11.5,59.8,4.0,14.7,6000,,,,,Dietary supplements;Nutritional supplements;Health supplements;Gluten free,NOT-APPLICABLE,en:india;en:sri-lanka,2026-03-05,ok,Open Food Facts (ODbL)
8904145912025,PediaSure 7+ Vanilla flavour 400g Cbd,pediasure,400gm,100g,100.0,358,11.0,0.5,77.5,0.0,12.0,274,358,11.0,0.5,77.5,364,UNKNOWN,en:india,2026-05-09,ok,Open Food Facts (ODbL)
8904145912315,Ensure Diabetes Care Vanilla Delight flavour,Abbott,400g,,,435,20.2,14.6,59.8,5.2,12.0,324,,,,,Beverages and beverages preparations,D,en:india,2026-02-25,ok,Open Food Facts (ODbL)
8904150206461,Mix Dried Berries,Nutty Gritties,,1 portion (28 g),28.0,386,1.7,9.8,72.6,5.2,65.6,2,108,0.5,2.7,20.3,,UNKNOWN,en:india,2026-03-25,ok,Open Food Facts (ODbL)
8904156707320,Maiyas Moong Dal,maiyas,35,25g,25.0,476,20.2,18.8,56.4,1.0,0.0,850,119,5.0,4.7,14.1,snacks; salty-snacks; appetizers; da:crackers,E,en:france;en:india,2026-03-13,ok,Open Food Facts (ODbL)
8904221694241,Soy Protein Isolate,AS-IT-IS ONE,,35 g,35.0,377,85.7,1.4,5.7,,1.7,1080,132,30.0,0.5,2.0,,UNKNOWN,en:india,2026-04-20,ok,Open Food Facts (ODbL)
8904221697495,Protein Powder Cookie And Cream,Asitis,,1 portion (36 g),36.0,389,75.0,2.8,16.1,,6.2,254,140,27.0,1.0,5.8,,UNKNOWN,en:india,2026-04-04,ok,Open Food Facts (ODbL)
8904221697600,High Protein Bar Cookie Latte,Atom,,1 portion (60 g),60.0,398,33.7,15.2,31.8,9.7,0.7,242,239,20.2,9.1,19.1,protein bar,NOT-APPLICABLE,en:india,2026-03-03,ok,Open Food Facts (ODbL)
8904221697693,Peanut Butter Chocolate,Atom,,32 g,32.0,609,25.0,46.9,21.9,6.2,9.4,266,195,8.0,15.0,7.0,Plant-based foods and beverages; Plant-based foods; Legumes and their products; Spreads; Plant-based spreads; Oilseed purees; Legume butters; Peanut butters; en:nut-butters,C,en:india,2026-02-26,ok,Open Food Facts (ODbL)
8904221698997,Whey Protein Concentrate,Asitis,,1 portion (35 g),35.0,403,80.0,5.1,9.1,,4.3,266,141,28.0,1.8,3.2,Bodybuilding supplements,NOT-APPLICABLE,en:india,2026-04-17,ok,Open Food Facts (ODbL)
8904221699161,"Natural Peanut Butter, Creamy",asitis,,2 Tbsp (32 g),32.0,641,25.8,50.9,19.4,,4.1,45,205,8.2,16.3,6.2,,UNKNOWN,en:india,2026-02-22,ok,Open Food Facts (ODbL)
8904221699390,Soy Protein Isolate,Asitis,,35 g,35.0,377,85.7,1.4,5.7,,,1080,132,30.0,0.5,2.0,,UNKNOWN,en:india,2026-04-02,ok,Open Food Facts (ODbL)
8904234100616,Mixed Fruit Jam,,480g,,,208,0.0,0.0,52.0,,48.0,3,,,,,Jam,D,en:india,2026-05-25,ok,Open Food Facts (ODbL)
8904250701521,Palak Paneer,Kohinoor,300 g,,,176,5.6,13.0,9.0,,2.6,98,,,,,Microwave meals;Ready to eat combination meals;Ready,C,en:brazil;en:india,2026-04-17,ok,Open Food Facts (ODbL)
8904256704502,Fuili Semolina Pasta,Happy Chef,,1 portion (100 g),100.0,381,12.0,0.7,80.0,4.6,,5,381,12.0,0.7,80.0,,UNKNOWN,en:india,2026-02-19,ok,Open Food Facts (ODbL)
8904256724494,Whole Wheat Bread,Tasties,,30 g,30.0,285,9.0,3.5,54.6,8.0,6.4,513,85,2.7,1.0,16.4,,UNKNOWN,en:india,2026-05-13,ok,Open Food Facts (ODbL)
8904256734592,"Goat Meat, Mince",fresho!,,1 serving (50 g),50.0,134,21.9,5.1,0.0,,,456,67,10.9,2.5,0.0,,UNKNOWN,en:india,2026-02-22,ok,Open Food Facts (ODbL)
8904258700748,Mixed Fruit,Raw Pressery,1000 ml,100ml,100.0,46,1.2,0.0,10.2,1.0,6.5,9,46,1.2,0.0,10.2,Plant-based foods and beverages; Beverages; Plant-based beverages; Fruit-based beverages; Juices and nectars; Fruit and vegetable juices; en:fruit-juices,D,en:india,2026-03-20,ok,Open Food Facts (ODbL)
8904258701318,Grapefruit Juice,Raw,,1 glass (100 ml),100.0,38,0.5,0.0,8.9,0.6,6.7,0,38,0.5,0.0,8.9,,UNKNOWN,en:india,2026-04-27,ok,Open Food Facts (ODbL)
8904258701707,Coconut Water,RAW Pressery,5,200ml,200.0,25,0.2,0.2,5.6,0.8,4.4,0,50,0.4,0.4,11.2,Plant-based foods and beverages; Beverages; Plant-based beverages; Coconut waters; en:waters,B,en:india,2026-03-27,ok,Open Food Facts (ODbL)
8904258703848,Coconut Water,Raw Pressery,,1 glass (200 ml),200.0,25,0.2,0.2,5.6,0.8,4.4,12,50,0.4,0.4,11.2,Coconut waters,UNKNOWN,en:india,2026-04-12,ok,Open Food Facts (ODbL)
8904258703985,Jal Jeera,Raw,,,,18,0.1,0.1,4.4,0.2,3.5,,,,,,,UNKNOWN,en:india,2026-05-01,ok,Open Food Facts (ODbL)
8904272600154,Storia Tender Coconut Water,Storia,,,,20,0.1,0.0,5.1,,0.0,21,,,,,Beverages and beverages preparations; Plant-based foods and beverages; Beverages; Plant-based beverages; Coconut waters; en:waters,B,en:india,2026-03-21,ok,Open Food Facts (ODbL)
8904272600291,Storia 100% Tender Coconut Water 1L,Storia Foods & Beverages,10,100 ml,100.0,20,0.1,0.0,4.9,0.0,4.9,21,20,0.1,0.0,4.9,Boissons et préparations de boissons;Aliments et boissons à base de végétaux;Boissons;Boissons à base de végétaux;Eaux de coco,C,en:india,2026-04-19,ok,Open Food Facts (ODbL)
8904272600895,Storia Pomegranate 750ml,storia,1,100 ml,100.0,46,0.0,0.0,11.4,,11.4,50,46,0.0,0.0,11.4,Beverages and beverages preparations;Plant-based foods and beverages;Beverages;Plant-based beverages;Fruit-based beverages,E,en:india,2026-04-17,ok,Open Food Facts (ODbL)
8904272601311,Coconut Water,storia,750ml,,,20,0.1,0.0,4.9,,4.9,21,,,,,Beverages and beverages preparations;Plant-based foods and beverages;Beverages;Plant-based beverages;Coconut waters,C,en:india,2026-04-12,ok,Open Food Facts (ODbL)
8904284201035,Dilicia Classic Curd,Dilicia,500 g,,,63,4.0,3.0,5.0,,5.0,50,,,,,Curd,B,en:india,2026-03-12,ok,Open Food Facts (ODbL)
8904287001199,Nutraawell Spirali,Bambino,500g,,,357,12.0,1.0,75.0,3.0,2.3,0,,,,,Pasta,UNKNOWN,en:india,2026-05-16,ok,Open Food Facts (ODbL)
8904287001281,Pasta Macaroni,Bambino,,50 g,50.0,357,12.0,1.0,75.0,,2.0,,178,6.0,0.5,37.5,,UNKNOWN,en:india,2026-05-09,ok,Open Food Facts (ODbL)
8904288603613,Tops Tomato Ketchup,Tops,850g,100g,100.0,135,1.6,0.0,32.1,,27.2,1200000,135,1.6,0.0,32.1,Ketchup,E,en:india,2026-04-01,ok,Open Food Facts (ODbL)
8904288604023,Tops junior tomato ketchup,Tops,85g,,,131,1.6,0.0,31.1,,24.0,1200,,,,,Sauces;Ketchup,E,en:india,2026-04-14,ok,Open Food Facts (ODbL)
8904288612028,Mixed pickles,Tops gold,"900g,",15g,15.0,99,2.4,4.1,13.1,,1.6,5140,15,0.4,0.6,2.0,Plant-based foods and beverages;Plant-based foods;Fruits and vegetables based foods;Vegetable-based foods and beverages;Canned foods;Condiments;Vegetables based foods;Canned plant-based foods;Herbs an,NOT-APPLICABLE,en:india,2026-05-01,ok,Open Food Facts (ODbL)
8904293739956,Whole Wheat Bread,Delish,,50 g,50.0,276,8.9,2.8,53.8,6.1,3.2,384,138,4.4,1.4,26.9,,UNKNOWN,en:india,2026-05-18,ok,Open Food Facts (ODbL)
8904320002565,OATS,Disano,1 KG,,,398,17.8,7.4,65.1,14.1,1.0,0,,,,,Plant-based foods and beverages; Plant-based foods; Breakfasts; Cereals and potatoes; Seeds; Cereals and their products; Breakfast cereals; Cereal grains; Flakes; Cereal flakes; Rolled flakes; Rolled ,A,en:india,2026-04-12,ok,Open Food Facts (ODbL)
8904320007775,Fuzilli pasta,DiSano,500 g,,,349,11.5,0.3,76.1,7.0,3.8,1,,,,,Pasta,A,en:india,2026-03-29,ok,Open Food Facts (ODbL)
8904320015398,Peanut butter Creamy,Disano,924g,32 g,32.0,612,25.0,49.0,19.0,4.2,9.0,132,196,8.0,15.7,6.1,Växtbaserad mat och dryck; Växtbaserad mat; en:Legumes and their products; Bredbara pålägg; en:Nuts and their products; en:Plant-based spreads; en:Oilseed purees; en:Legume butters; en:Nut butters; Jo,C,en:india,2026-05-07,ok,Open Food Facts (ODbL)
8904320018245,Pasta,Di sano,200g,11.5g,11.5,349,11.5,0.3,76.1,7.0,,,40,1.3,0.0,8.7,Plant-based foods and beverages; Plant-based foods; Pastas,UNKNOWN,en:germany;en:india,2026-03-26,ok,Open Food Facts (ODbL)
8904320059668,Raw Peanut Butter,DiSano,,100 g,100.0,639,28.3,49.0,18.0,9.0,3.7,19,639,28.3,49.0,18.0,Plant-based foods and beverages;Plant-based foods;Legumes and their products;Spreads;Nuts and their products;Plant-based spreads;Oilseed purees;Legume butters;Peanut butters;Nut butters,UNKNOWN,en:india;en:united-kingdom,2026-05-22,ok,Open Food Facts (ODbL)
8904320075446,Chocolate Peanut Butter,Disano,350 g,32 g,32.0,635,23.0,50.0,23.3,6.4,7.0,170,203,7.4,16.0,7.4,Plant-based foods and beverages; Plant-based foods; Legumes and their products; Spreads; Plant-based spreads; Oilseed purees; Legume butters; Peanut butters; en:nut-butters,C,en:india,2026-04-08,ok,Open Food Facts (ODbL)
8904327600337,CHOCOLATE PEANUT BUTTER,MYFITNESS,510g,100 g,100.0,637,23.0,50.0,24.0,9.0,12.0,136,637,23.0,50.0,24.0,Plant-based foods and beverages; Plant-based foods; Legumes and their products; Spreads; Plant-based spreads; Oilseed purees; Legume butters; Peanut butters; Chocolate Peanut Butter; en:nut-butters,C,en:india,2026-04-26,ok,Open Food Facts (ODbL)
8904327600399,Myfitness Peanut butter,Myfitness,510g,32 g,32.0,625,26.0,50.0,19.0,5.0,10.0,350,200,8.3,16.0,6.1,Plant-based foods and beverages;Plant-based foods;Legumes and their products;Spreads;Nuts and their products;Plant-based spreads;Oilseed purees;Legume butters;Nut butters;Peanut butters,C,en:india,2026-05-25,ok,Open Food Facts (ODbL)
8904327600818,Peanut Butter,My Fitness,,32 g,32.0,641,25.0,50.0,21.9,6.2,6.2,225,205,8.0,16.0,7.0,,UNKNOWN,en:india,2026-05-22,ok,Open Food Facts (ODbL)
8904327600917,Unsweetened Peanut Butter Crunchy,Myfitness,1.25kg,32g,32.0,204,10.1,15.4,6.2,2.6,1.0,4,65,3.2,4.9,2.0,Plant-based foods and beverages;Plant-based foods;Legumes and their products;Spreads;Plant-based spreads;Oilseed purees;Legume butters;Peanut butters,B,en:india,2026-05-04,ok,Open Food Facts (ODbL)
8904327600955,MYFITNESS Peanut Butter - Chocolate,MYFITNESS,,,,201,8.4,15.4,7.1,,2.7,48,,,,,Peanut butters,B,en:india,2026-03-31,ok,Open Food Facts (ODbL)
8904327601914,MYFITNESS Peanut Butter Smooth - Dark Chocolate,MYFITNESS,,32g,32.0,638,31.2,50.0,21.9,6.2,6.2,69,204,10.0,16.0,7.0,Plant-based foods and beverages; Plant-based foods; Legumes and their products; Spreads; Plant-based spreads; Oilseed purees; Legume butters; Peanut butters; en:nut-butters,C,en:india,2026-04-18,ok,Open Food Facts (ODbL)
8904327601969,Dark Chocolate Peanut Butter with added Whey,Myfitness,510 g,1 portion (32 g),32.0,638,25.0,50.0,21.9,6.2,6.2,69,204,8.0,16.0,7.0,Plant-based foods and beverages; Plant-based foods; Legumes and their products; Spreads; Plant-based spreads; Oilseed purees; Legume butters; Peanut butters; en:nut-butters,C,en:india,2026-03-28,ok,Open Food Facts (ODbL)
8904327601976,Dark Chocolate Peanut Butter,My fitness,,1 portion (32 g),32.0,647,25.0,53.1,18.8,6.2,12.5,59,207,8.0,17.0,6.0,,UNKNOWN,en:india,2026-03-27,ok,Open Food Facts (ODbL)
8904330008588,Prime Whey Protein,Big Flex,,35 g,35.0,351,68.6,4.0,10.3,0.0,,,123,24.0,1.4,3.6,,UNKNOWN,en:india,2026-03-21,ok,Open Food Facts (ODbL)
8904335600329,Dark Chocolate And Cranberry Muesli,Yoga Bar,,100 g,100.0,408,12.0,11.6,69.0,10.0,14.9,114,408,12.0,11.6,69.0,Plant-based foods and beverages; Plant-based foods; Breakfasts; Cereals and potatoes; Cereals and their products; Breakfast cereals; Flakes; Cereal flakes; Rolled flakes; Rolled oats; Rolled oats (sma,C,en:india,2026-05-01,ok,Open Food Facts (ODbL)
8904335600336,Muesli+,Yoga Bar,700g,40g,40.0,418,13.0,9.5,70.0,7.5,4.8,61,167,5.2,3.8,28.0,Plant-based foods and beverages;Plant-based foods;Breakfasts;Cereals and potatoes;Cereals and their products;Breakfast cereals;Mueslis,A,en:france;en:india,2026-03-09,ok,Open Food Facts (ODbL)
8904335600671,Peanut butter,YogaBar,400g,32g,32.0,632,30.6,50.4,14.0,6.2,0.5,0,202,9.8,16.1,4.5,Plant-based foods and beverages; Plant-based foods; Legumes and their products; Spreads; Plant-based spreads; Oilseed purees; Legume butters; Peanut butters; en:nut-butters,B,en:india,2026-05-04,ok,Open Food Facts (ODbL)
8904335601869,Yoga bar 23G protein muesli + choco almond + cranberry,Yoga bar,,1 portion (100 g),100.0,386,23.0,10.7,53.1,7.5,20.2,90,386,23.0,10.7,53.1,en:mueslis,C,en:india,2026-03-10,ok,Open Food Facts (ODbL)
8904335601890,Yoga bar High Protein Muesli+,Yoga bar,850g,1 serving (50 g),50.0,386,23.0,10.7,53.1,7.5,20.2,90,193,11.5,5.3,26.6,Plant-based foods and beverages; Plant-based foods; Breakfasts; Cereals and potatoes; Seeds; Cereals and their products; Breakfast cereals; Cereal grains; Mueslis; Oat; en:dietary-supplements,NOT-APPLICABLE,en:india,2026-04-14,ok,Open Food Facts (ODbL)
8904335601951,100% Rolled Oats,Yoga Bar,,40 g,40.0,388,12.5,8.2,66.5,10.0,1.8,10,155,5.0,3.3,26.6,Rolled oats,A,en:india;en:maldives,2026-03-28,ok,Open Food Facts (ODbL)
8904335602385,Yoga Bar Protein Bar,Yoga Bar,50g,1 serving (50 g),50.0,362,20.2,9.4,53.8,10.4,43.0,128,181,10.1,4.7,26.9,Snacks;Sweet snacks;Bars;Dietary supplements;Bodybuilding supplements;Energy bars;Protein bars;Protein Energy Bars,NOT-APPLICABLE,en:india,2026-05-13,ok,Open Food Facts (ODbL)
8904335602392,Daily 10g Protein Bar,Yoga Bar,50g,1 bar (50 g),50.0,380,20.0,10.6,55.0,15.6,37.0,243,190,10.0,5.3,27.5,Dietary supplements;Bodybuilding supplements;Protein bars,NOT-APPLICABLE,en:india,2026-05-02,ok,Open Food Facts (ODbL)
8904335602408,Coffe Rush 10g Protein Bar,Yoga Bar,,50g,50.0,348,20.0,8.6,52.0,7.8,39.6,189,174,10.0,4.3,26.0,Dietary supplements; Bodybuilding supplements; Protein bars; en:bars,NOT-APPLICABLE,en:india,2026-05-02,ok,Open Food Facts (ODbL)
8904335602521,Chocolate Muesli,Yogabar,,1 portion (100 g),100.0,437,12.3,13.3,67.0,9.4,6.7,91,437,12.3,13.3,67.0,Food; en:mueslis,C,en:india,2026-05-04,ok,Open Food Facts (ODbL)
8904335603405,Protein Muesli,Yogabar,,1 4 (100 g),100.0,386,23.0,10.7,53.1,7.5,20.2,90,386,23.0,10.7,53.1,en:mueslis,C,en:india,2026-05-19,ok,Open Food Facts (ODbL)
8904335603429,26g High Protein Oats Dark Chocolate,Yogabar,1 kg,1 serving (50 g),50.0,354,26.0,7.2,52.0,11.2,12.3,100,177,13.0,3.6,26.0,Plant-based foods and beverages;Plant-based foods;Breakfasts;Cereals and potatoes;Seeds;Cereals and their products;Breakfast cereals;Cereal grains;Oat,B,en:india,2026-04-11,ok,Open Food Facts (ODbL)
8904335603894,Protein shake cold cofee,Yoga bar,,250 ml,250.0,88,10.4,0.5,10.5,,5.4,71,220,26.0,1.2,26.3,,UNKNOWN,en:india,2026-04-09,ok,Open Food Facts (ODbL)
8904335603931,High Protein Muesli Fruit+ Nuts & Seeds,Yogabar,,,,403,23.5,10.5,57.2,7.1,19.3,221,,,,,,UNKNOWN,en:india,2026-04-17,ok,Open Food Facts (ODbL)
8904335603948,Yogabar Protein Muesli Fruit & Nuts,Yogabar,,1 50g (50 g),50.0,403,23.5,10.5,57.2,7.1,19.3,221,202,11.8,5.2,28.6,,UNKNOWN,en:india,2026-03-30,ok,Open Food Facts (ODbL)
8904335604204,High Protein Muesli Fruits Nuts And Seeds,Yoga Bar,,1 portion (25 g),25.0,403,23.5,10.5,57.2,7.1,19.3,221,101,5.9,2.6,14.3,,UNKNOWN,en:india,2026-05-21,ok,Open Food Facts (ODbL)
8904335604242,Seeds Mix,Yoga Bar,,1 serving (25 g),25.0,552,28.4,42.0,21.2,11.6,1.2,476,138,7.1,10.5,5.3,,UNKNOWN,en:india,2026-03-05,ok,Open Food Facts (ODbL)
8904335604280,Protein Minis,Yoga Bar,,1 portion (20 g),20.0,397,20.0,12.8,58.0,15.0,28.9,160,79,4.0,2.6,11.6,Protein bars,NOT-APPLICABLE,en:india,2026-03-22,ok,Open Food Facts (ODbL)
8904335604327,Daily Energy Bar Mixed Fruit Flavour,Yoga Bar,,40 g,40.0,338,8.8,2.8,75.0,11.2,34.2,70,135,3.5,1.1,30.0,en:bars,C,en:india,2026-04-18,ok,Open Food Facts (ODbL)
8904335604402,Power Up Bar Choco Peanut Butter,Yoga Bar,,1 bar (70 g),70.0,360,28.6,13.7,44.1,18.1,3.0,,252,20.0,9.6,30.9,Protein bars,NOT-APPLICABLE,en:india,2026-03-26,ok,Open Food Facts (ODbL)
8904335605225,Unflavoured Plant Protein,Yoga Bar,,,,406,80.0,9.7,0.6,1.9,0.3,1080,,,,,en:protein-powders,NOT-APPLICABLE,en:india,2026-04-27,ok,Open Food Facts (ODbL)
8904335605522,High Protein Oats,Yoga Bar,,50 g,50.0,360,26.0,7.3,52.5,11.0,14.5,,180,13.0,3.6,26.2,,UNKNOWN,en:india,2026-04-12,ok,Open Food Facts (ODbL)
8904335605546,High Protein Oats Korean Fire,Yoga Bar,1 kg,1 portion (100 g),100.0,369,26.0,8.9,52.5,12.5,11.9,1607,369,26.0,8.9,52.5,oats,E,en:india,2026-04-29,ok,Open Food Facts (ODbL)
8904335605713,High Protein Oats,Yogabar,,1 serving (100 g),100.0,327,26.0,6.8,45.6,10.4,8.5,312,327,26.0,6.8,45.6,Breakfast cereals,A,en:india,2026-05-02,ok,Open Food Facts (ODbL)
8904335605737,High Protein Oats Dark Chocolate,Yoga Bar,50g,1 portion (50 g),50.0,354,26.0,7.2,52.0,11.2,12.4,100,177,13.0,3.6,26.0,oats,B,en:india,2026-05-23,ok,Open Food Facts (ODbL)
8904335605799,High Protein Oats,Yoga Bar,,1 portion (40 g),40.0,370,26.0,9.0,52.5,12.5,12.0,1608,148,10.4,3.6,21.0,oats,E,en:india,2026-03-03,ok,Open Food Facts (ODbL)
8904340700007,pulse,,,,,400,0.0,0.0,75.0,0.0,50.0,925,,,,,Snacks; Snacks sucrés,E,en:canada;en:india,2026-04-01,ok,Open Food Facts (ODbL)
8904340700328,Pulse Kachcha aam,,,,,390,0.0,0.0,97.0,,55.0,0,,,,,,UNKNOWN,en:canada;en:india,2026-04-01,ok,Open Food Facts (ODbL)
8904355407762,Arabian Dates,Apollo Life,,25g,25.0,342,2.7,0.0,82.7,6.3,60.4,2,85,0.7,0.0,20.7,Dates,UNKNOWN,en:india,2026-05-23,ok,Open Food Facts (ODbL)
8904359402091,Punjabi Masala Traditional Urad Crisps,ol'tymes,200 g,24 g,24.0,316,18.6,2.2,48.8,0.7,1.1,1464,76,4.5,0.5,11.7,Plant-based foods and beverages;Plant-based foods;Cereals and potatoes;Breads;Flatbreads;Special breads;Papadum,E,en:canada;en:india,2026-04-01,ok,Open Food Facts (ODbL)
8904406097256,Mango Ice Cream,Get-A-Way,,1 tub (100 ml),100.0,110,7.0,4.1,10.8,1.4,6.4,,110,7.0,4.1,10.8,,UNKNOWN,en:india,2026-04-25,ok,Open Food Facts (ODbL)
8904406102172,Chocolate Brownie Fudge,Get A Way,,1 portion (100 ml),100.0,116,9.0,5.3,8.3,1.3,5.8,41,116,9.0,5.3,8.3,,UNKNOWN,en:india,2026-04-13,ok,Open Food Facts (ODbL)
8904406102226,Chocolate brownie fudge,Get-A-Way,,100 ml,100.0,116,9.0,5.3,8.3,1.3,5.8,41,116,9.0,5.3,8.3,,UNKNOWN,en:india,2026-04-07,ok,Open Food Facts (ODbL)
8904422700260,PUSHTAHAR DALIA,PATANJALI,500g,50 gm,50.0,368,12.9,3.1,72.3,4.2,0.0,28000,184,6.4,1.5,36.1,Cereal grains,E,en:india,2026-03-17,ok,Open Food Facts (ODbL)
8904422700901,daliya,Patanjali,500gram,,,340,9.6,1.5,68.6,6.8,1.6,2,,,,,Daliya,A,en:india,2026-04-29,ok,Open Food Facts (ODbL)
8904422710894,Refined Sunflower Oil,Sunrich,800g,,,899,0.0,99.9,0.0,,0.0,0,,,,,Plant-based foods and beverages;Plant-based foods;Fats;Vegetable fats;Vegetable oils;Sunflower seeds and their products;Sunflower oils,C,en:india,2026-05-23,ok,Open Food Facts (ODbL)
8904424804270,Dry Fruit Mix,Happilo,,1 packet (35 g),35.0,418,8.0,13.3,66.0,6.7,45.3,12,146,2.8,4.7,23.1,,UNKNOWN,en:india,2026-04-27,ok,Open Food Facts (ODbL)
8904471310939,Organic Wild Honey,Indigenous Honey,,21 g,21.0,330,0.2,0.0,82.3,0.0,81.8,4,69,0.0,0.0,17.3,Breakfasts;Spreads;Sweet spreads;Bee products;Farming products;Sweeteners;Honeys,E,en:india,2026-04-10,ok,Open Food Facts (ODbL)
8904491700093,Millet Cookies (Chocolate),Tummy Friendly,,100 g,100.0,413,13.5,11.3,64.2,,16.5,179,413,13.5,11.3,64.2,,UNKNOWN,en:india,2026-05-18,ok,Open Food Facts (ODbL)
8904494110066,Whole Wheat  Bread,Naturbaked,300g,,,266,7.7,0.1,56.8,3.8,8.7,433,,,,,Plant-based foods and beverages;Plant-based foods;Cereals and potatoes;Cereals and their products;Breads,C,en:india,2026-05-11,ok,Open Food Facts (ODbL)
8904508701402,Coconut Dry Fruit Gujia,Haldiram's,,1 portion (100 g),100.0,521,5.1,31.0,53.5,,16.1,8,521,5.1,31.0,53.5,,UNKNOWN,en:india,2026-03-17,ok,Open Food Facts (ODbL)
8905632021107,spoton jucie,RMHA,200 ml,,,63,1.0,0.0,14.4,,11.5,,,,,,beverages,UNKNOWN,en:india,2026-05-01,ok,Open Food Facts (ODbL)
8905694508257,A2 Buffalo Milk,Sid’s Farm,500ml,100 ml,100.0,89,3.7,6.0,5.1,0.0,4.9,40,89,3.7,6.0,5.1,Dairies;Milks (liquid and powder);Milks,D,en:india,2026-04-09,ok,Open Food Facts (ODbL)
8905950003892,Soya Sticks,Bikaji,200g,30,,550,9.0,35.0,50.0,3.0,5.0,1162,,,,,Namkeen,E,en:india,2026-04-13,ok,Open Food Facts (ODbL)
8906000610701,Smiles,Mc Cain,750 g,,,192,3.0,7.7,27.6,1.6,0.4,16,,,,,Snacks; en:frozen-fried-potatoes,UNKNOWN,en:france;en:india,2026-02-25,ok,Open Food Facts (ODbL)
8906000610770,French Fries,McCain,,100 g,100.0,142,3.1,3.5,24.4,,0.5,29,142,3.1,3.5,24.4,F; en:frozen-fries,B,en:india,2026-05-04,ok,Open Food Facts (ODbL)
8906000610930,veggiee fingers,McCain,175g,,,181,3.1,7.0,24.6,0.0,0.0,,,,,,Frozen foood,UNKNOWN,en:canada;en:india,2026-04-01,ok,Open Food Facts (ODbL)
8906000612590,Air Fryer French Fries,McCain,,100 g,100.0,149,2.7,4.3,24.9,,0.5,202,149,2.7,4.3,24.9,,UNKNOWN,en:india,2026-02-21,ok,Open Food Facts (ODbL)
8906001020196,Go Cheese Slices,Go,200g,20g,20.0,280,14.0,24.0,2.0,,,600,56,2.8,4.8,0.4,Dairies; Fermented foods; Fermented milk products; Cheeses; Sliced cheeses,UNKNOWN,en:india,2026-04-17,ok,Open Food Facts (ODbL)
8906001022626,Gowardhan Star Dahi,Gowardhan,500g,100g,100.0,40,3.2,0.5,5.0,,0.0,50,40,3.2,0.5,5.0,Dahi,A,en:india,2026-03-12,ok,Open Food Facts (ODbL)
8906001022848,Protein powder,Avvatar,,1 scoop (35 g),35.0,403,78.9,6.0,8.6,,,220,141,27.6,2.1,3.0,,UNKNOWN,en:india,2026-04-25,ok,Open Food Facts (ODbL)
8906001025252,Whey Protein,Avatar,,35 gl (35 g),35.0,394,80.0,4.9,8.3,,0.0,257,138,28.0,1.7,2.9,,UNKNOWN,en:india,2026-04-15,ok,Open Food Facts (ODbL)
8906001055471,Mother's APPALAM,Mother's Recipe,100,1 portion (10 g),10.0,335,19.0,3.0,58.0,,,3000,34,1.9,0.3,5.8,,UNKNOWN,en:india,2026-03-01,ok,Open Food Facts (ODbL)
8906001387213,burger bun,English Oven,,1 portion (50 g),50.0,274,8.9,2.2,53.3,,,388,137,4.5,1.1,26.6,,UNKNOWN,en:india,2026-03-14,ok,Open Food Facts (ODbL)
8906001388319,Bread,English oven,,100 g,100.0,274,10.5,1.1,54.1,3.0,5.9,362,274,10.5,1.1,54.1,Plant-based foods and beverages;Plant-based foods;Cereals and potatoes;Breads,C,en:india,2026-05-07,ok,Open Food Facts (ODbL)
8906001721017,Pasteurised Toned Milk Dahi,Paras,,1 portion (100 g),100.0,63,3.7,3.0,5.3,,5.3,50,63,3.7,3.0,5.3,Curd,B,en:india,2026-05-21,ok,Open Food Facts (ODbL)
8906002000876,Veg mayonnaise for burger,Dr. Oetker,250 g,15g,15.0,466,1.3,42.0,20.0,0.0,14.0,648,70,0.2,6.3,3.0,Condiments;Sauces;Mayonnaises,E,en:india,2026-05-08,ok,Open Food Facts (ODbL)
8906002009053,Dr. otekar Supreme brownie,,,,,417,6.7,17.7,54.0,,27.3,236,,,,,,UNKNOWN,en:india,2026-04-05,ok,Open Food Facts (ODbL)
8906002482481,Snickers,Mars,22g,20g,20.0,481,7.6,23.3,60.0,,55.0,229,96,1.5,4.7,12.0,Snacks; Sweet snacks; Cocoa and its products; Confectioneries; Bars; Chocolate candies; Bars covered with chocolate,E,en:india,2026-02-22,ok,Open Food Facts (ODbL)
8906002661176,Coconãd Coconut Milk,KLF,400ml,,,173,1.0,17.0,4.0,0.0,0.0,12,,,,,Coconut milks,E,en:india,2026-05-08,ok,Open Food Facts (ODbL)
8906002730018,Instant Gulab Jamun mix,Chitale Foods,7 oz (200 g),,,431,20.5,14.6,54.6,1.6,18.8,414,,,,,Cooking helpers; Dessert mixes; en:cakes,UNKNOWN,en:india;en:united-states,2026-04-01,ok,Open Food Facts (ODbL)
8906004562877,cullbulle,diamond,82g,,,546,7.2,32.0,57.1,0.0,0.0,283,,,,,,UNKNOWN,en:germany;en:india,2026-03-26,ok,Open Food Facts (ODbL)
8906004563539,Pipes - Salted Crunch,Yellow Diamond,,100 g,100.0,514,7.5,26.7,61.0,,2.4,1558,514,7.5,26.7,61.0,en:crisps,E,en:india,2026-04-09,ok,Open Food Facts (ODbL)
8906004564741,Chips Piri Piri Flavour,Yellow Diamond,,,,539,7.8,32.0,54.9,,2.3,934,,,,,,UNKNOWN,en:india,2026-05-09,ok,Open Food Facts (ODbL)
8906004565342,Spicy Korean Chips,Diamond,,5 serving (100 g),100.0,533,7.4,31.4,55.4,,3.8,904,533,7.4,31.4,55.4,en:crisps,E,en:india,2026-04-18,ok,Open Food Facts (ODbL)
8906005504395,Tana-bana,Bikaji,1 kg,,,534,11.0,30.0,55.0,8.0,15.0,880,,,,,Snacks,E,en:india;en:united-states,2026-03-20,ok,Open Food Facts (ODbL)
8906005505040,Soya sticks,Bikaji,200,,,551,6.0,36.0,51.0,,5.0,530,,,,,Snacks; en:crisps,E,en:belgium;en:india,2026-03-31,ok,Open Food Facts (ODbL)
8906005618351,Fruit cake sliced,,,,,426,6.2,20.5,53.9,,34.6,76,,,,,en:cakes,E,en:india,2026-04-09,ok,Open Food Facts (ODbL)
8906005618368,Choco Cake Sliced,Winkies,,20 g,20.0,428,7.2,21.1,52.1,,29.5,230,86,1.4,4.2,10.4,en:cakes,E,en:india,2026-05-02,ok,Open Food Facts (ODbL)
8906005618603,Mini Swiss Roll (Choco-Vanilla) [10 Rs],Winkles,,1 Mini Roll Pack (25 g),25.0,415,5.6,13.8,67.1,,41.5,655,104,1.4,3.5,16.8,,UNKNOWN,en:india,2026-05-02,ok,Open Food Facts (ODbL)
8906005672780,Haldi Chana,Charliee,,1 portion (20 g),20.0,410,20.0,5.0,70.0,15.0,,470,82,4.0,1.0,14.0,,UNKNOWN,en:india,2026-05-15,ok,Open Food Facts (ODbL)
8906006170308,Manchurian Puffs,O'yes,,1 portion (20 g),20.0,451,5.8,17.0,68.7,1.1,7.4,835,90,1.2,3.4,13.7,,UNKNOWN,en:india,2026-05-26,ok,Open Food Facts (ODbL)
8906006720107,Qyno Dates,Lion,250 g,25g,25.0,320,2.8,0.2,77.2,5.6,69.2,4,80,0.7,0.1,19.3,Plant-based foods and beverages; Plant-based foods; Fruits and vegetables based foods; Fruits based foods; Fruits; Dates; en:dried-fruits,UNKNOWN,en:india,2026-03-25,ok,Open Food Facts (ODbL)
8906006850897,Three Cheers Chocolate,Baskin Robbins,,65 g,65.0,229,3.7,10.8,29.2,0.5,26.3,50,149,2.4,7.0,19.0,,UNKNOWN,en:india,2026-02-19,ok,Open Food Facts (ODbL)
8906006850903,Black Currant Ice Cream,Baskin Robbins,,60 ml,60.0,129,2.3,6.7,14.9,,13.2,35,78,1.4,4.0,8.9,,UNKNOWN,en:india,2026-04-10,ok,Open Food Facts (ODbL)
8906006852129,Very Berry Strawberry Ice Cream,Baskin Robbin’s,,1 portion (58 g),58.0,197,3.7,9.4,24.6,0.2,23.7,,114,2.1,5.5,14.3,,UNKNOWN,en:india,2026-03-31,ok,Open Food Facts (ODbL)
8906007280693,Rice Bran Oil,Fortune,1L,,,900,0.0,100.0,0.0,,0.0,0,,,,,Plant-based foods and beverages;Plant-based foods;Cereals and potatoes;Fats;Cereals and their products;Vegetable fats;Vegetable oils;Cereal oils;Rice bran oils,D,en:india,2026-05-23,ok,Open Food Facts (ODbL)
8906007280945,Mustard Oil,Fortune,500ml,15ml,15.0,900,0.0,100.0,0.0,0.0,0.0,0,135,0.0,15.0,0.0,Plant-based foods and beverages; Plant-based foods; Fats; Vegetable fats; Vegetable oils; Mustard oils,C,en:india,2026-04-17,ok,Open Food Facts (ODbL)
8906007289238,Sona Masuri Supreme  Rice,Fortune,5kg,,,350,7.0,0.9,78.0,1.1,0.2,2,,,,,Plant-based foods and beverages;Plant-based foods;Cereals and potatoes;Seeds;Cereals and their products;Cereal grains;Rices,UNKNOWN,en:india,2026-04-29,ok,Open Food Facts (ODbL)
8906008350784,Multi Millet Atta,Manna,,1 portion (100 g),100.0,365,11.0,3.0,74.0,9.0,,3,365,11.0,3.0,74.0,,UNKNOWN,en:india,2026-04-07,ok,Open Food Facts (ODbL)
8906009010434,Toor Dal,Parry's,1 kg,,,322,21.7,1.6,55.2,9.1,2.1,18,,,,,Plant-based foods and beverages;Plant-based foods;Legumes and their products;Legumes;Seeds;Legume seeds;Pulses;Lentils;Toor Dal,A,en:india,2026-04-11,ok,Open Food Facts (ODbL)
8906009071800,Choco chip cookies,UNIBIC,135 g,30g,30.0,480,5.8,19.5,68.0,6.0,28.0,213,144,1.7,5.8,20.4,Snacks,E,en:india,2026-03-27,ok,Open Food Facts (ODbL)
8906009072029,Pista Badam Cookies,UNIBIC,135g,30g,30.0,497,7.4,25.3,60.0,,23.7,196,149,2.2,7.6,18.0,Cookies,E,en:india,2026-04-06,ok,Open Food Facts (ODbL)
8906009072784,Biscott,Unibic,250g,1 portion (100 g),100.0,470,6.0,18.0,71.0,,30.0,240,470,6.0,18.0,71.0,Snacks;Sweet snacks;Biscuits and cakes;Biscuits,E,en:india,2026-03-22,ok,Open Food Facts (ODbL)
8906009073965,Danish Coconut Cookies,Unibic,,30 g,30.0,532,6.5,29.4,60.3,8.0,34.7,260,160,1.9,8.8,18.1,Biscuits,UNKNOWN,en:india,2026-04-26,ok,Open Food Facts (ODbL)
8906009077291,Oatmeal cookies Sugar free,Unibic,,30g,30.0,469,6.2,24.5,56.0,,,185,141,1.9,7.3,16.8,Snacks;Sweet snacks;Biscuits and cakes;Biscuits,UNKNOWN,en:india,2026-05-23,ok,Open Food Facts (ODbL)
8906009078021,UNIBIC Cashew Cookies,UNIBIC,75g,30g,30.0,496,7.5,23.8,63.0,,25.0,123,149,2.2,7.1,18.9,Snacks;Sweet snacks;Biscuits and cakes;Biscuits,E,en:india,2026-03-10,ok,Open Food Facts (ODbL)
8906009079462,Unibic oats digestive600g,,,,,484,8.3,19.4,68.0,9.2,18.8,655700,,,,,Food,E,en:india,2026-03-10,ok,Open Food Facts (ODbL)
8906009440569,Saras Chhach,Saras,500ml,100 5 (100 ml),100.0,31,2.4,1.5,2.1,,2.1,30,31,2.4,1.5,2.1,Dairy drinks,B,en:india,2026-03-15,ok,Open Food Facts (ODbL)
8906009440682,Saras Dahi,Saras,200,1 serving (100 g),100.0,58,3.2,3.0,4.6,,4.6,40,58,3.2,3.0,4.6,en:yogurts,B,en:india,2026-04-15,ok,Open Food Facts (ODbL)
8906009531335,Max protein active choco fudge bar,,,75g,75.0,313,20.0,12.5,33.9,5.0,10.7,186,235,15.0,9.4,25.4,en:energy-bars,NOT-APPLICABLE,en:india,2026-05-18,ok,Open Food Facts (ODbL)
8906009532363,max protein bar,Ritebite,,50g,50.0,346,20.0,11.6,55.6,10.0,18.2,276,173,10.0,5.8,27.8,Snacks;Sweet snacks;Bars;Dietary supplements;Bodybuilding supplements;Protein bars;Choco berry bar,NOT-APPLICABLE,en:india;en:united-states,2026-05-02,ok,Open Food Facts (ODbL)
8906009532882,RiteBite Max Protein Peri Peri 7 Grain Protein Snack,RiteBite,32 g,,,494,17.0,22.9,48.6,6.8,8.0,1193,,,,,Chips;snacks,E,en:india,2026-04-12,ok,Open Food Facts (ODbL)
8906009533155,RiteBite Max Protein 7 Grain Breakfast Cookie Oats & Raisins,RiteBite,,1 cookie (55 g),55.0,451,18.2,20.9,47.6,7.3,20.5,227,248,10.0,11.5,26.2,,UNKNOWN,en:india,2026-02-28,ok,Open Food Facts (ODbL)
8906009535159,7 Grain Breakfast Cookie Choco Almond,Max Protein,60 g,1 cookie (60 g),60.0,463,20.0,27.2,36.8,13.3,5.8,293,278,12.0,16.3,22.1,Snacks;Sweet snacks;Biscuits and cakes;Biscuits;Chocolate biscuits;Biscuit with a chocolate bar covering,C,en:india,2026-02-19,ok,Open Food Facts (ODbL)
8906009536590,Blueberry blast,Ritebite,,40 g,40.0,362,3.0,13.0,58.2,10.8,28.2,112,145,1.2,5.2,23.3,,UNKNOWN,en:india,2026-05-18,ok,Open Food Facts (ODbL)
8906009536675,Date et almond bar,Max Protein,45g,1 bar (45 g),45.0,420,22.4,20.4,45.1,10.0,0.0,,189,10.1,9.2,20.3,Dietary supplements;Bodybuilding supplements;Protein bars;fr:Max-protein,NOT-APPLICABLE,en:india,2026-05-19,ok,Open Food Facts (ODbL)
8906009537047,Max Protein - Coffee Mousse,RiteBite,,1 f al taxes (40 g),40.0,474,25.0,27.5,41.0,8.2,1.0,114,190,10.0,11.0,16.4,Protien wafer,UNKNOWN,en:india,2026-03-16,ok,Open Food Facts (ODbL)
8906009537306,Gochujang,Max Protein,,,,440,16.6,22.4,49.0,6.7,6.7,1075,,,,,,UNKNOWN,en:india,2026-05-13,ok,Open Food Facts (ODbL)
8906009993737,Brownie,,,24.0g,24.0,467,6.2,29.2,50.0,,,,112,1.5,7.0,12.0,,UNKNOWN,en:india,2026-04-08,ok,Open Food Facts (ODbL)
8906010090289,Cream Cheese,D’lecta,,1 portion (100 g),100.0,340,6.9,32.5,5.0,,,698,340,6.9,32.5,5.0,Cream cheeses,UNKNOWN,en:india,2026-04-14,ok,Open Food Facts (ODbL)
8906010090296,Feta,D'lecta,,1 portion (100 g),100.0,262,16.4,20.4,3.3,,,,262,16.4,20.4,3.3,en:feta,UNKNOWN,en:india,2026-04-12,ok,Open Food Facts (ODbL)
8906010090319,Chilli Cheese Slice,D’lecta,,1 piece (100 g),100.0,278,8.4,21.4,14.4,,,1586,278,8.4,21.4,14.4,,UNKNOWN,en:india,2026-05-12,ok,Open Food Facts (ODbL)
8906010090739,D'lecta Mozzarella Cheese,D'lecta,140g,20g,20.0,284,24.5,20.5,0.5,0.0,0.5,640,57,4.9,4.1,0.1,Dairies; Fermented foods; Fermented milk products; Cheeses; Grated cheese; en:mozzarella,D,en:india,2026-04-22,ok,Open Food Facts (ODbL)
8906010090777,Cheese slices,D'lecta,200g,100 g,100.0,310,16.0,25.5,4.0,,4.0,1446,310,16.0,25.5,4.0,Dairies;Fermented foods;Fermented milk products;Cheeses,E,en:india,2026-02-27,ok,Open Food Facts (ODbL)
8906010090869,Dlecta 100 % cheese,Dlecta,,1 serving (10 g),10.0,282,24.0,20.5,0.5,0.0,0.5,640,28,2.4,2.0,0.1,Dairies; Fermented foods; Fermented milk products; Cheeses; Italian cheeses; Stretched-curd cheeses; Mozzarella; en:grated-cheese,D,en:india,2026-02-25,ok,Open Food Facts (ODbL)
8906010360085,Ghee,GRB,182 g (200 ml),14 g,14.0,897,0.0,99.7,0.0,0.0,0.0,0,126,0.0,14.0,0.0,en:butters,E,en:india;en:united-states,2026-05-05,ok,Open Food Facts (ODbL)
8906010450021,Budhani Bros Potato Wafers,Budhani Bros,,25g,25.0,548,8.5,35.0,47.8,,0.5,710,137,2.1,8.8,11.9,Chips; Plain salted Chips; en:crisps,E,en:india,2026-03-18,ok,Open Food Facts (ODbL)
8906010500078,Balaji Farali Chivda,Balaji Namkeen,22g,,,589,15.2,38.9,8.0,7.6,8.0,404,,,,,Snacks,D,en:india,2026-03-08,ok,Open Food Facts (ODbL)
8906010500214,Balaji Wafers Sev Murmura,Balaji Wafers,25g,25g,25.0,507,10.9,23.4,60.6,5.0,0.0,808,127,2.7,5.8,15.2,Snacks;Puffed rice,E,en:belgium;en:india,2026-03-31,ok,Open Food Facts (ODbL)
8906010500238,BALAJI Mung Dal,,,30g,30.0,504,22.7,17.5,54.5,,1.0,385,151,6.8,5.2,16.4,Snacks,D,en:india;en:united-kingdom,2026-03-27,ok,Open Food Facts (ODbL)
8906010500245,Balaji Wafers Masala Sev Murmura,Balaji Wafers,40 g,25,,482,10.9,23.2,53.8,7.0,9.4,811,,,,,Snacks; en:wafers,E,en:france;en:india,2026-03-13,ok,Open Food Facts (ODbL)
8906010500306,Ratlami Sev,Balaji Wafers,,,,570,14.8,36.1,42.1,,2.0,1084,,,,,Ratlami sev,E,en:france;en:india,2026-03-26,ok,Open Food Facts (ODbL)
8906010500429,Unknown Product,,,,,594,13.4,39.9,41.1,,0.9,1,,,,,Balaji,D,en:india;en:united-kingdom,2026-05-16,ok,Open Food Facts (ODbL)
8906010500481,Crunchm,Balaji,,,,80,1.8,0.3,16.7,1.8,0.9,21,,,,,Snacks;Salty snacks;Appetizers;Chips and fries,B,en:india,2026-04-27,ok,Open Food Facts (ODbL)
8906010500498,balaji wafers tomato twist,,,30g,30.0,556,6.5,33.8,53.5,,6.0,691,167,1.9,10.1,16.1,Snacks;Snacks salés;Amuse-gueules;Chips et frites;Chips;Snacks salés à base de pommes de terre;en:Chip,E,en:india,2026-03-30,ok,Open Food Facts (ODbL)
8906010500610,Chata Pataka Tomato,Balaji,,1 portion (50 g),50.0,552,6.5,33.2,56.2,,5.0,710,276,3.2,16.6,28.1,Chatka patka; en:crisps,E,en:india;en:united-kingdom,2026-04-01,ok,Open Food Facts (ODbL)
8906010500863,Shing Bhujiya - Nimbu Chatka,Balaji Wafers,24g,,,616,20.2,44.2,28.1,,3.1,1109000,,,,,Bhujia; Shing-bhujiq; en:appetizers,E,en:india;en:united-states,2026-02-20,ok,Open Food Facts (ODbL)
8906010500894,Chataka pataka,Balaji wafers,25g,,,546,6.6,31.6,57.4,2.8,3.0,649000,,,,,Food,E,en:india;en:united-kingdom,2026-03-27,ok,Open Food Facts (ODbL)
8906010501228,Scoopitos Masala Flavour,Balaji Wafers,,1 portion (20 g),20.0,519,7.1,27.8,57.8,4.8,40.0,1353,104,1.4,5.6,11.6,Crisps,UNKNOWN,en:india,2026-05-15,ok,Open Food Facts (ODbL)
8906010501242,wheelos masala flavour,BALAJI WAFERS,,1 portion (30 g),30.0,484,7.5,21.5,62.6,,1.9,1423,145,2.2,6.5,18.8,en:crisps,E,en:india;en:united-states,2026-03-04,ok,Open Food Facts (ODbL)
8906010501259,Masala sev murmura,Balaji wafers,48g,20g,20.0,482,10.9,23.2,53.8,7.0,9.4,811,96,2.2,4.6,10.8,Snacks; Namkeen; en:appetizers,E,en:india,2026-03-25,ok,Open Food Facts (ODbL)
8906010502294,Flaming hot nachos,,,,,557,9.0,30.9,57.0,,0.1,716,,,,,en:crisps,E,en:india;en:united-kingdom,2026-03-27,ok,Open Food Facts (ODbL)
8906010502782,Stack Up - Simply Salted,Balaji Wafer,60g,30g,30.0,541,4.8,31.1,58.7,0.0,0.5,850,162,1.4,9.3,17.6,Snacks; Condiments; Salty snacks; Appetizers; Chips and fries; Crisps; Salty snacks made from potato; Stacked extruded potato crisps,E,en:india,2026-03-25,ok,Open Food Facts (ODbL)
8906010503451,Noodle Sticks Masala,Balaji Wafers,,,,508,7.2,25.5,62.5,,3.5,1282,,,,,Snacks,E,en:india;en:united-kingdom,2026-04-22,ok,Open Food Facts (ODbL)
8906010503482,Tomato Twist,,,,,550,5.0,35.0,55.0,,5.0,500,,,,,Salty snacks;Appetizers;Chips and fries;Crisps,D,en:india;en:united-states,2026-05-07,ok,Open Food Facts (ODbL)
8906010503512,Balaji wafers,Balaji,135g,135g,135.0,554,7.7,32.9,53.4,,0.8,385,748,10.4,44.4,72.1,Snacks; en:salty-snacks-made-from-potato,E,en:india,2026-03-02,ok,Open Food Facts (ODbL)
8906010503529,CHRUNCHEM Masala Masti,Balaji,150,1 portion (100 g),100.0,539,7.4,29.5,56.9,8.5,5.2,760,539,7.4,29.5,56.9,Potato crisps,E,en:ghana;en:india,2026-04-10,ok,Open Food Facts (ODbL)
8906010503949,Chataka Pataka,Balaji Wafers,,,,542,6.7,32.8,55.0,,,550,,,,,Snacks,UNKNOWN,en:india;en:united-kingdom,2026-04-22,ok,Open Food Facts (ODbL)
8906010913304,Blueberry Flavored Cone Ice Cream,Milky Mist,,73 g,73.0,170,2.0,8.0,23.0,,,,124,1.5,5.8,16.8,,UNKNOWN,en:india,2026-04-23,ok,Open Food Facts (ODbL)
8906011141829,MMS Infant Formula,British Life Sciences,,,,511,12.5,25.0,58.9,,0.0,160,,,,,Baby foods,NOT-APPLICABLE,en:india,2026-03-11,ok,Open Food Facts (ODbL)
8906011410079,Jeera udad papad,Ganesh,200 g,,,314,19.9,0.6,57.0,,0.0,680,,,,,Plant-based foods and beverages;Plant-based foods;Cereals and potatoes;Breads;Flatbreads;Special breads;Papadum,D,en:france;en:india,2026-03-03,ok,Open Food Facts (ODbL)
8906012890047,CUSTARD POWDER,BAKERS,100gm,25g,25.0,369,2.5,0.0,89.7,,0.0,247,92,0.6,0.0,22.4,Baking,C,en:india,2026-03-10,ok,Open Food Facts (ODbL)
8906013030947,X-press Instant Noodles Vegetable Flavour 70g,WAI WAI,70g packet,,,481,10.0,21.0,63.0,2.0,1.5,1620,,,,,Plant-based foods and beverages; Plant-based foods; Dried products; Pastas; Dried products to be rehydrated; Noodles; Instant noodles,UNKNOWN,en:india;en:oman;en:united-kingdom,2026-03-27,ok,Open Food Facts (ODbL)
8906014086509,Chukku Kappi,Brahmins,100 g,,,317,3.1,0.9,85.6,5.3,85.4,0,,,,,Beverage preparations,UNKNOWN,en:india;en:italy,2026-03-31,ok,Open Food Facts (ODbL)
8906014882040,Peanut Oil (Filtered),Gulab,,1 portion (100 g),100.0,898,0.0,100.0,0.0,0.0,0.0,0,898,0.0,100.0,0.0,,UNKNOWN,en:india,2026-03-10,ok,Open Food Facts (ODbL)
8906016411606,Godrej Jersey Doodh Peda,Godrej Jersey,200g,20g,20.0,426,11.3,20.9,48.1,0.0,48.1,24,85,2.3,4.2,9.6,Produits laitiers;Desserts;Desserts lactés,E,en:india,2026-03-30,ok,Open Food Facts (ODbL)
8906016413259,Jersey Curd,,500 g,50g,50.0,61,3.2,3.0,5.2,,5.2,32,30,1.6,1.5,2.6,Curd,B,en:india,2026-03-12,ok,Open Food Facts (ODbL)
8906017290040,Bisleri 1ltr MADE IN INDIA,Bisleri,1,,,0,0.0,0.0,0.0,0.0,0.0,0,,,,,Beverages; Waters,B,en:france;en:india,2026-03-20,ok,Open Food Facts (ODbL)
8906018553137,Frozen Sweet Corn,Pagro,,1 portion (40 g),40.0,101,3.5,2.4,16.4,6.8,2.0,9,40,1.4,0.9,6.6,,UNKNOWN,en:india,2026-05-03,ok,Open Food Facts (ODbL)
8906018901563,Nutrulicious Curd,Lotus,,1 1 (100 g),100.0,47,3.8,1.3,5.2,,5.2,44,47,3.8,1.3,5.2,,UNKNOWN,en:india,2026-05-23,ok,Open Food Facts (ODbL)
8906019270002,Yakult,Yakult,325ml,65 ml,65.0,37,1.2,0.0,7.7,,6.2,19,24,0.8,0.0,5.0,Dairies; Fermented foods; Fermented milk products; Desserts; Dairy desserts; Fermented dairy desserts; Yogurts; en:fermented-milk-drinks,E,en:india,2026-03-12,ok,Open Food Facts (ODbL)
8906019270019,Yakult,Yakult,65ml,,,50,0.8,0.1,11.5,,10.5,0,,,,,Beverages;Dairies;Fermented foods;Fermented milk products;Desserts;Dairy desserts;Dairy drinks;Fermented dairy desserts;Fermented drinks;Yogurts;Fermented milk drinks;Drinkable yogurts;Fermented milk ,E,en:india,2026-03-12,ok,Open Food Facts (ODbL)
8906019270026,Yakult Lite Mango,Yakult,325ml,1 portion (65 ml),65.0,37,1.2,0.2,7.7,,6.2,19,24,0.8,0.1,5.0,Beverages and beverages preparations;Beverages;Dairies;Dairy drinks;Fermented drinks,UNKNOWN,en:india,2026-04-23,ok,Open Food Facts (ODbL)
8906019731596,Dahi,Prabhat,80g,,,58,3.3,3.0,4.5,,4.5,55,,,,,Dairies;Fermented foods;Fermented milk products;Desserts;Dairy desserts;Milks (liquid and powder);Fermented dairy desserts;Milks;Yogurts,B,en:india,2026-03-12,ok,Open Food Facts (ODbL)
8906019772032,Pumpkin Seeds,Nutraj,,1 portion (28 g),28.0,587,34.3,46.2,8.2,,,,164,9.6,12.9,2.3,en:pumpkin-seeds,UNKNOWN,en:india,2026-05-04,ok,Open Food Facts (ODbL)
8906019776092,Arabian Premium Dates,Nutraj,500g,25g,25.0,84,0.5,0.4,19.6,0.0,15.5,2000,21,0.1,0.1,4.9,Plant-based foods and beverages; Plant-based foods; Fruits and vegetables based foods; Fruits based foods; Fruits; Dates; en:dried-fruits,E,en:india,2026-05-24,ok,Open Food Facts (ODbL)
8906020462038,High Protein Bread,Baker's Loaf,,1 portion (100 g),100.0,242,15.2,2.7,39.1,6.2,4.0,387,242,15.2,2.7,39.1,,UNKNOWN,en:india,2026-04-11,ok,Open Food Facts (ODbL)
8906020491342,Mysore pak,Lal sweets,,1 piece (40 g),40.0,560,3.0,37.0,54.0,,38.0,,224,1.2,14.8,21.6,en:chocolates,UNKNOWN,en:india,2026-05-02,ok,Open Food Facts (ODbL)
8906020580121,Malabar Parota,iD,400 g,,,300,9.7,14.3,36.7,1.9,0.5,202,,,,,Plant-based foods and beverages;Plant-based foods;Cereals and potatoes;Cereals and their products;Breads,C,en:india;en:united-arab-emirates,2026-03-12,ok,Open Food Facts (ODbL)
8906020580138,Whole Wheat Chapati,iD,400 g,1 Portion (100 g),100.0,256,8.0,4.0,47.0,3.0,1.4,270,256,8.0,4.0,47.0,Plant-based foods and beverages;Plant-based foods;Cereals and potatoes;Cereals and their products;Breads;Frozen chappatis,D,en:india,2026-05-03,ok,Open Food Facts (ODbL)
8906020580190,Tomato Chutney,iD,,1 portion (30 g),30.0,117,1.6,9.3,6.7,,,383,35,0.5,2.8,2.0,Tomato chutneys,UNKNOWN,en:india;en:united-arab-emirates,2026-05-23,ok,Open Food Facts (ODbL)
8906020580565,Creamy Thick Curd,ID,,100 g,100.0,66,3.9,3.4,4.9,,,472,66,3.9,3.4,4.9,Curd,UNKNOWN,en:india,2026-02-26,ok,Open Food Facts (ODbL)
8906020581876,High Protein Paneer,iD,200g,2 portion (100 g),100.0,163,28.0,3.0,4.9,0.1,0.0,122,163,28.0,3.0,4.9,Dairies;Fermented foods;Fermented milk products;Cheeses;Paneer,A,en:india,2026-05-23,ok,Open Food Facts (ODbL)
8906020582002,Protein Rich Chapati,Fresh ID,,1 portion (40 g),40.0,264,14.4,1.5,48.2,,,,106,5.8,0.6,19.3,,UNKNOWN,en:india,2026-04-09,ok,Open Food Facts (ODbL)
8906020582019,Protein Rich Paratha,ID,,80 g,80.0,332,15.0,14.5,35.6,,,,266,12.0,11.6,28.5,,UNKNOWN,en:india,2026-05-18,ok,Open Food Facts (ODbL)
8906021121064,Mixed Masala Powder,Aachi,50g,15g,15.0,383,11.9,9.7,62.0,,0.0,2422,57,1.8,1.5,9.3,spice mix,NOT-APPLICABLE,en:india,2026-04-01,ok,Open Food Facts (ODbL)
8906021121859,Kulambu Chilli Masala,Aachi,50g,20g,20.0,439,17.0,16.5,55.7,,1.0,56,88,3.4,3.3,11.1,Plant-based foods and beverages;Plant-based foods;Condiments;Herbs and spices;Spices;Spice Mix,NOT-APPLICABLE,en:india,2026-02-23,ok,Open Food Facts (ODbL)
8906021123105,Turmeric Powder/ Haldi,Aachi,16 g,,,291,9.7,3.2,44.4,22.7,3.2,27,,,,,Turmeric powder,NOT-APPLICABLE,en:india,2026-05-05,ok,Open Food Facts (ODbL)
8906021128377,Aachi kashmiri chilli powder,Aachi,100gm,,,44,1.9,0.3,7.7,1.6,5.3,8,,,,,Chilli powder,A,en:india,2026-03-10,ok,Open Food Facts (ODbL)
8906021128735,Mango Ginger Pickle,Aachi,300g,,,146,2.0,10.0,12.0,0.0,0.0,5200,,,,,Plant-based foods and beverages;Plant-based foods;Condiments;Pickles;Plant-based pickles;Spices,NOT-APPLICABLE,en:france;en:india,2026-03-26,ok,Open Food Facts (ODbL)
8906021927406,Fruit Blast Mixed Fruit Jam,,,,,265,2.0,2.0,65.5,0.0,65.3,,,,,,,UNKNOWN,en:india,2026-04-24,ok,Open Food Facts (ODbL)
8906022070804,Organic Ginger With Honey,Natures Nectar,,100 g,100.0,325,0.4,0.1,80.8,,80.8,,325,0.4,0.1,80.8,,UNKNOWN,en:india,2026-04-12,ok,Open Food Facts (ODbL)
8906023644028,Toned Milk,Thirumala,500ml,,,35,3.3,0.2,5.0,0.0,4.9,43,,,,,Milk,B,en:india,2026-04-26,ok,Open Food Facts (ODbL)
8906023649832,Thirumala Curd,Thirumala,,,,56,3.0,3.0,4.2,,4.2,53,,,,,yoghurt;curd;Dairy by-products,B,en:india,2026-03-12,ok,Open Food Facts (ODbL)
8906023920573,Cheese Slice Herb & Spices,Dairy Craft,,100 g,100.0,312,20.0,24.0,5.0,,5.0,,312,20.0,24.0,5.0,,UNKNOWN,en:india,2026-03-29,ok,Open Food Facts (ODbL)
8906025502777,Vijaya Curd,Vijaya,,,,72,3.1,4.5,4.7,,4.7,50,,,,,Dairies;Fermented foods;Fermented milk products;Desserts;Dairy desserts;Fermented dairy desserts;Yogurts;Curd,B,en:india,2026-03-12,ok,Open Food Facts (ODbL)
8906027712440,Skimmed Milk Powder,Govind,,,,357,34.0,0.6,54.0,,,549,,,,,,UNKNOWN,en:india,2026-05-11,ok,Open Food Facts (ODbL)
8906027713546,Dahi,,,,,60,3.6,3.0,4.5,0.0,0.0,,,,,,en:yogurts,UNKNOWN,en:india,2026-03-12,ok,Open Food Facts (ODbL)
8906029780621,Tora Tora Butterscotch Cone Icecream,Milma,,,,197,3.5,9.0,24.0,,18.0,40,,,,,,UNKNOWN,en:india,2026-02-27,ok,Open Food Facts (ODbL)
8906030460161,Brown Bread,Moreish,,,,248,7.8,1.7,48.0,6.6,2.4,450,,,,,,UNKNOWN,en:india,2026-05-02,ok,Open Food Facts (ODbL)
8906032010982,Nutrela Soya Chunks,Nutrela,1kg,1 serving (15 g),15.0,333,53.3,0.0,33.3,13.3,0.0,0,50,8.0,0.0,5.0,Plant-based foods and beverages;Plant-based foods;Legumes and their products;Legumes;Seeds;Legume seeds;Balls from soy and or wheat proteins,A,en:india,2026-04-22,ok,Open Food Facts (ODbL)
8906032016571,Nutrela Soya Chunks,Nutrela,220g,1 portion (100 g),100.0,217,53.2,0.8,33.5,,7.2,8,217,53.2,0.8,33.5,Palm oils;edible oil;palmoline oil;Saturated fat;Trans fat;Red 4;Added sugar,B,en:india;en:senegal,2026-05-25,ok,Open Food Facts (ODbL)
8906032550464,Garam Masala,Eagle,50 g,,,419,12.2,15.4,57.8,,,,,,,,Plant-based foods and beverages;Plant-based foods;Condiments;Herbs and spices;Spices;Garam masala,NOT-APPLICABLE,en:india,2026-03-30,ok,Open Food Facts (ODbL)
8906033530083,SNAPIN PIZZA MIX,SNAPIN,,,,71,2.9,0.9,9.1,7.3,0.8,22349,,,,,Condiments,D,en:india;en:new-zealand,2026-02-19,ok,Open Food Facts (ODbL)
8906033530199,Snapin crunchy garlic,Snapin,,1.0g,1.0,361,17.3,1.2,70.2,,,,4,0.2,0.0,0.7,,UNKNOWN,en:india,2026-05-25,ok,Open Food Facts (ODbL)
8906033531882,Oregano Pizza Seasoning,Snapin,5g,1g,1.0,220,9.4,2.2,40.7,,,16272,2,0.1,0.0,0.4,Condiments;Pizza Seasoning,UNKNOWN,en:india,2026-05-16,ok,Open Food Facts (ODbL)
8906033740215,Mcvities TASTIES CASHEW ALMOND,mc vities,52.6g,,,492,7.0,21.2,68.3,,,,,,,,Snacks;Sweet snacks;Biscuits and cakes;Biscuits and crackers;Biscuits,UNKNOWN,en:india,2026-03-19,ok,Open Food Facts (ODbL)
8906033743773,Mc vities hobnobs,,,,,492,6.9,21.3,68.2,,23.2,370,,,,,Snacks;Sweet snacks;Biscuits and cakes;Biscuits and crackers;Biscuits;cookies,E,en:india,2026-05-19,ok,Open Food Facts (ODbL)
8906033744329,MEVities Hobnobs,mcvities,,7 biscuit (75 g),75.0,492,6.9,21.3,68.2,6.0,23.2,,369,5.2,16.0,51.1,en:biscuits,UNKNOWN,en:india,2026-03-31,ok,Open Food Facts (ODbL)
8906033744725,McVities Tasties Cashew & Almond Cookies,McVities,,,,492,7.0,21.2,68.3,3.4,,281,,,,,Snacks;Sweet snacks;Biscuits and cakes;Biscuits and crackers;Biscuits,UNKNOWN,en:india,2026-03-09,ok,Open Food Facts (ODbL)
8906033745050,Mcvities Butter Cookie 68 GR.,McVities,68 g,"Un biscuit 7,6 g",7.6,469,7.7,18.2,68.9,,24.9,300,36,0.6,1.4,5.2,Snacks;Sweet snacks;Biscuits and cakes;Biscuits;Shortbread cookies,E,en:france;en:india,2026-03-13,ok,Open Food Facts (ODbL)
8906035030741,Freedom Kacchi Ghani Mustard Oil,Freedom,1 L,,,884,0.0,100.0,0.0,,0.0,0,,,,,Mustard Oil,C,en:india,2026-02-23,ok,Open Food Facts (ODbL)
8906035140143,Banana Chips,Chipo,,1 portion (25 g),25.0,530,2.6,30.4,61.3,6.2,0.0,366,132,0.7,7.6,15.3,,UNKNOWN,en:india,2026-03-06,ok,Open Food Facts (ODbL)
8906036670632,Buttermilk,Nandini,200ml,200ml,200.0,23,1.4,1.2,1.8,0.0,1.8,340,46,2.8,2.4,3.6,Buttermilk,C,en:india,2026-03-29,ok,Open Food Facts (ODbL)
8906036670861,Ghee,Nandini,,,,897,0.0,99.7,0.0,0.0,0.0,0,,,,,Fats;Animal fats;Butter fat;Clarified butter;Ghee,E,en:india,2026-03-17,ok,Open Food Facts (ODbL)
8906036670878,Pure Ghee,Nandini,500ml,,,897,0.0,99.7,0.0,,0.0,0,,,,,Fats;Animal fats;Butter fat;Clarified butter;Ghee,E,en:india,2026-05-24,ok,Open Food Facts (ODbL)
8906036672995,Slim UHT Sterilised Skimmed Milk,Nandini,500 ml,1 portion (100 ml),100.0,35,3.5,0.1,5.1,0.0,5.1,50,35,3.5,0.1,5.1,Dairies;Milks,B,en:india,2026-03-07,ok,Open Food Facts (ODbL)
8906040412976,Soya Chunks,Pushp,,20g,20.0,331,52.0,0.5,28.6,0.0,0.5,108,66,10.4,0.1,5.7,Plant-based foods and beverages;Plant-based foods;Legumes and their products;Flours;Legume flours;Soybean flours,A,en:india,2026-04-29,ok,Open Food Facts (ODbL)
8906042150029,Roasted Short Vermicelli,Anil,180g,45g,45.0,340,9.6,1.5,68.6,6.8,1.6,2,153,4.3,0.7,30.9,Plant-based foods and beverages; Plant-based foods; Pastas; Noodles,A,en:germany;en:india;en:ireland,2026-03-26,ok,Open Food Facts (ODbL)
8906042150067,ROASTED SHORT VERMICELLI,Anil,450g,45g,45.0,356,11.1,0.0,77.8,6.7,6.7,22,160,5.0,0.0,35.0,Wheat vermicelli,A,en:india,2026-03-18,ok,Open Food Facts (ODbL)
8906043190451,Soan Papdi,Pramod Multifold pvt ltd,400g 20 servings,20g,20.0,506,5.0,24.3,66.8,,29.6,10,101,1.0,4.9,13.4,Desert,E,en:india,2026-04-25,ok,Open Food Facts (ODbL)
8906045140881,Whey Protein Isolate,Nutrabay,,1 portion (32 g),32.0,357,80.6,1.3,5.7,,1.7,493,114,25.8,0.4,1.8,,UNKNOWN,en:india,2026-05-13,ok,Open Food Facts (ODbL)
8906047521558,Disano Olive Oil,Disano,1 l,14 g,14.0,900,0.0,100.0,0.0,,,0,126,0.0,14.0,0.0,Plant-based foods and beverages; Plant-based foods; Fats; Vegetable fats; Olive tree products; Vegetable oils; Olive oils,B,en:india,2026-05-15,ok,Open Food Facts (ODbL)
8906047529547,Disano  peanut butter,Disano,350g,1 serving (32 g),32.0,612,26.0,49.6,19.0,4.2,9.0,132,196,8.3,15.9,6.1,Plant-based foods and beverages; Plant-based foods; Legumes and their products; Spreads; Plant-based spreads; Oilseed purees; Legume butters; Peanut butters; en:nut-butters,C,en:india,2026-04-10,ok,Open Food Facts (ODbL)
8906048239773,Moong Sada,Utsav,200 g,,,317,21.3,1.0,55.6,17.6,2.6,541,,,,,Papadum,A,en:india,2026-05-19,ok,Open Food Facts (ODbL)
8906048500361,Protinex Original,Danone,400 g,30g,30.0,354,34.0,0.5,53.3,,32.0,245000,106,10.2,0.1,16.0,Dietary supplements;health drink,NOT-APPLICABLE,en:india,2026-03-05,ok,Open Food Facts (ODbL)
8906048501382,Protinex Chocolate Flavour,Protinex,18g,,,359,34.0,1.7,51.8,0.0,18.0,300,,,,,Dietary supplements; Beverage mix; en:protein-shakes,NOT-APPLICABLE,en:india,2026-05-16,ok,Open Food Facts (ODbL)
8906048502105,Protinex Rich Chocolate Flavour,Protinex,200g,,,125,12.0,0.6,18.1,,6.3,,,,,,Beverage mix,UNKNOWN,en:india;en:united-states,2026-04-24,ok,Open Food Facts (ODbL)
8906049970439,Panner,Sudha,200g,100g,100.0,200,20.0,24.0,3.6,,,,200,20.0,24.0,3.6,Dairies;Fermented foods;Fermented milk products;Cheeses;Paneer,UNKNOWN,en:india,2026-05-20,ok,Open Food Facts (ODbL)
8906051682207,Dark Chocolate Compound,Morde,,20 g,20.0,558,3.3,36.0,58.0,5.4,50.0,22,112,0.7,7.2,11.6,Snacks; Sweet snacks; Cocoa and its products; Chocolates; en:confectioneries,E,en:india,2026-04-09,ok,Open Food Facts (ODbL)
8906054210018,Jeera Cumin khakhra,SHANTA G,,16.600000381469727g,16.6,440,9.7,21.9,63.0,9.8,5.0,1100,73,1.6,3.6,10.5,,UNKNOWN,en:india,2026-04-03,ok,Open Food Facts (ODbL)
8906055441657,Kuttu Flour,Organic Tattva,,1 portion (100 g),100.0,383,11.4,3.5,74.6,4.0,0.5,6,383,11.4,3.5,74.6,,UNKNOWN,en:india,2026-03-18,ok,Open Food Facts (ODbL)
8906056450320,Danedar Ghee,Sonai,,9g,9.0,899,0.0,99.9,0.0,,0.0,0,81,0.0,9.0,0.0,Fats; Animal fats; Butter fat; Clarified butter; Ghee; en:butters,E,en:india;en:united-kingdom,2026-02-25,ok,Open Food Facts (ODbL)
8906057206254,Tomato Ketchup,Tikks,8 g,8 g,8.0,92,1.6,0.0,21.5,0.8,20.0,1200000,7,0.1,0.0,1.7,Plant-based foods and beverages;Plant-based foods;Fruits and vegetables based foods;Vegetable-based foods and beverages;Condiments;Vegetables based foods;Tomatoes and their products;Sauces;Tomato sauc,UNKNOWN,en:india,2026-04-13,ok,Open Food Facts (ODbL)
8906059635007,Epigamia Greek yogurt,Epigamia,85g,85 g,85.0,69,7.6,2.2,4.7,,4.7,61,59,6.5,1.9,4.0,Dairies;Fermented foods;Fermented milk products;Desserts;Dairy desserts;Fermented dairy desserts;Yogurts;Greek-style yogurts,A,en:india,2026-05-02,ok,Open Food Facts (ODbL)
8906059635014,Greek Yogurt Mango Flavour,Epigamia,,1 serving (85 g),85.0,100,6.1,1.6,14.1,,14.1,47,85,5.2,1.4,12.0,Dairies;Fermented foods;Fermented milk products;Desserts;Dairy desserts;Fermented dairy desserts;Yogurts;Greek-style yogurts,C,en:india,2026-03-12,ok,Open Food Facts (ODbL)
8906059635021,Epigamia Greek Yogurt Strawberry,epigamia,90g,,,111,6.2,2.0,17.0,,,,,,,,Dairies;Fermented foods;Fermented milk products;Desserts;Dairy desserts;Fermented dairy desserts;Fermented dairy desserts with fruits;Yogurts;Fruit yogurts;Greek-style yogurts,UNKNOWN,en:india,2026-03-12,ok,Open Food Facts (ODbL)
8906059635069,Greek yogurt wild raspberry,Epigamia,,85 g,85.0,94,6.5,1.9,12.9,,12.9,52,80,5.5,1.6,11.0,Dairies;Fermented foods;Fermented milk products;Desserts;Dairy desserts;Fermented dairy desserts;Yogurts;Greek-style yogurts,C,en:india,2026-03-12,ok,Open Food Facts (ODbL)
8906059635090,Greek yogurt,epigama,85g,85 g,85.0,94,6.5,1.9,12.9,,12.9,52,80,5.5,1.6,11.0,Beverages; Dairies; Fermented foods; Fermented milk products; Desserts; Dairy desserts; Dairy drinks; Fermented dairy desserts; Fermented drinks; Yogurts; Fermented milk drinks; Drinkable-yogurts; en:,E,en:india,2026-04-18,ok,Open Food Facts (ODbL)
8906059635229,Crunchy Cup Natural Greek Yogurt With Granola,Epigamia,,115 g,115.0,119,7.8,4.3,12.2,,7.0,53,137,9.0,5.0,14.0,,UNKNOWN,en:india,2026-03-05,ok,Open Food Facts (ODbL)
8906059636264,Greek Yoghurt Zero Added Sugar Mixed Berries,Epigamia,,1 Pack (110 g),110.0,90,7.0,2.2,11.0,,6.0,59,99,7.7,2.4,12.1,yogurt,B,en:india,2026-03-12,ok,Open Food Facts (ODbL)
8906059636615,Protein Milkshake,Epigamia Turbo,250ml,1 bottle (250 ml),250.0,33,3.1,0.3,4.5,0.1,4.4,1026,83,7.7,0.7,11.4,beverages;Milkshakes,E,en:india,2026-02-21,ok,Open Food Facts (ODbL)
8906059636639,Epigamia turbo protein shake,Epigamia,,1 serving (250 g),250.0,56,10.0,0.1,3.6,,3.2,98,141,25.0,0.2,9.0,en:dietary-supplements,NOT-APPLICABLE,en:india,2026-05-04,ok,Open Food Facts (ODbL)
8906059636714,alphonso mango protein greek yoghurt,epigamia,,1 portion (140 g),140.0,70,10.7,0.1,6.4,,6.4,54,98,15.0,0.2,9.0,Yogurts,A,en:india,2026-03-12,ok,Open Food Facts (ODbL)
8906059636745,Turbo 17g Greek Yogurt,Epigamia,,1 portion (140 g),140.0,65,12.1,0.1,4.0,,4.0,62,91,17.0,0.1,5.6,Yogurt,A,en:india,2026-03-12,ok,Open Food Facts (ODbL)
8906059636752,epigamia TURBO 50g protein yogurt,epigamia,,1 portion (100 g),100.0,65,12.0,0.1,4.0,,,,65,12.0,0.1,4.0,Dairies;Fermented foods;Fermented milk products;Desserts;Dairy desserts;Fermented dairy desserts;Yogurts,UNKNOWN,en:india,2026-03-12,ok,Open Food Facts (ODbL)
8906059636912,Everyday Yogurt,Epigamia,,75 g,75.0,95,4.0,1.3,17.3,,17.3,59,71,3.0,1.0,13.0,Yogurts,C,en:india,2026-03-12,ok,Open Food Facts (ODbL)
8906059636936,Epigamia Everyday Yogurt Mango,Epigamia,75g,75 g,75.0,95,4.0,1.3,17.3,,17.3,59,71,3.0,1.0,13.0,Fruit yogurts,C,en:india,2026-04-14,ok,Open Food Facts (ODbL)
8906059637452,Turbo+ 30gr Protein Shake,Epigamia,,250 ml,250.0,65,12.0,0.1,4.0,,4.0,75,163,30.0,0.3,10.0,,UNKNOWN,en:india,2026-05-09,ok,Open Food Facts (ODbL)
8906059637469,Zero Fat Coffee Protein Milkshake,Epigama,,1 bottle (250 ml),250.0,65,12.0,0.1,4.0,,4.0,77,162,30.0,0.2,10.0,,UNKNOWN,en:india,2026-04-02,ok,Open Food Facts (ODbL)
8906059637605,Turbo Protein Milk,Epigamia,,250 ml,250.0,64,10.0,0.3,5.2,,5.2,30,159,25.0,0.8,13.0,Milk,C,en:india,2026-05-16,ok,Open Food Facts (ODbL)
8906059638329,Mishti Doi,Epigamia,80g,1 serving (80 g),80.0,136,5.0,5.0,17.5,,17.5,79,109,4.0,4.0,14.0,Dairies; Fermented foods; Desserts; Fermented milk products; Dairy desserts; Fermented dairy desserts; Yogurts,C,en:india,2026-03-12,ok,Open Food Facts (ODbL)
8906059638541,Greek yoghurt smoothie,Epigamia,,180 ml,180.0,72,4.3,1.6,10.0,,10.0,26,129,7.7,2.9,18.0,Smoothies,D,en:india,2026-05-12,ok,Open Food Facts (ODbL)
8906059639784,50g Paneer,Epigamia Turbo,,100 g,100.0,229,25.0,13.0,3.0,,2.0,24,229,25.0,13.0,3.0,,UNKNOWN,en:india,2026-04-23,ok,Open Food Facts (ODbL)
8906060010107,Crushed peanut chikki,Maganlal's chikki,500gm,100,,537,15.6,28.6,54.2,5.1,43.9,0,,,,,Chikki; en:peanut-bars,D,en:india,2026-05-04,ok,Open Food Facts (ODbL)
8906060690026,Dahi,Pragati,,,,65,3.7,3.0,5.8,,5.8,62,,,,,dahi,UNKNOWN,en:india,2026-03-12,ok,Open Food Facts (ODbL)
8906060910780,Spaghetti,VeroBella,,,,353,11.5,0.3,76.0,2.9,3.1,1,,,,,,UNKNOWN,en:india,2026-04-27,ok,Open Food Facts (ODbL)
8906063892304,Chicken Chorizo Sausages,Meat the World,,100 g,100.0,190,19.0,12.0,0.3,,0.0,442,190,19.0,12.0,0.3,,UNKNOWN,en:india,2026-05-11,ok,Open Food Facts (ODbL)
8906064621552,Whole Wheat Bread,Theobroma,,,,206,6.8,3.2,37.0,6.1,2.3,408,,,,,,UNKNOWN,en:india,2026-03-07,ok,Open Food Facts (ODbL)
8906064651108,olive hummus,wingreens,,1 portion (35 g),35.0,252,5.4,21.1,10.1,,1.2,,88,1.9,7.4,3.5,,UNKNOWN,en:india,2026-03-05,ok,Open Food Facts (ODbL)
8906064651511,Cheesy Chipotle Sauce,Wingreens Farms,,15 g,15.0,398,1.2,37.9,13.0,,10.6,1378,60,0.2,5.7,1.9,,UNKNOWN,en:india,2026-05-16,ok,Open Food Facts (ODbL)
8906064655663,pizza pasta sauce 450g,Wingreens Farm,450,15 g,15.0,229,2.4,10.5,31.2,,29.5,1440,34,0.4,1.6,4.7,,UNKNOWN,en:india,2026-04-22,ok,Open Food Facts (ODbL)
8906064917464,Dried Blueberry,Candor Foods,,,,343,1.5,1.1,82.0,7.0,73.0,0,,,,,,UNKNOWN,en:india,2026-03-26,ok,Open Food Facts (ODbL)
8906064917501,Dried Cranberry,Candor Foods,,,,349,0.3,0.9,84.9,6.8,72.4,10,,,,,,UNKNOWN,en:india,2026-04-05,ok,Open Food Facts (ODbL)
8906065160883,ITC Large Prawns,ITc,,100 g,100.0,96,17.1,2.4,1.5,,0.0,926,96,17.1,2.4,1.5,,UNKNOWN,en:india,2026-04-17,ok,Open Food Facts (ODbL)
8906065169329,Chicken Breast Strips,ITC,,42 g,42.0,194,14.9,8.6,14.3,,2.7,540,81,6.3,3.6,6.0,,UNKNOWN,en:india,2026-02-21,ok,Open Food Facts (ODbL)
8906065169510,Lebanese Falafel Kebab,ITC,,,,244,10.3,11.5,24.9,,1.2,405,,,,,,UNKNOWN,en:india,2026-04-23,ok,Open Food Facts (ODbL)
8906065169749,Itc master  chef,Itc,420g,100 g,100.0,157,3.5,4.5,25.6,,1.3,66,157,3.5,4.5,25.6,,UNKNOWN,en:india,2026-02-23,ok,Open Food Facts (ODbL)
8906066200601,Keya Oregano Seasoning,Keya,,7 g,7.0,175,9.0,2.0,30.0,17.9,9.0,11766,12,0.6,0.1,2.1,,UNKNOWN,en:india,2026-04-13,ok,Open Food Facts (ODbL)
8906066202476,Keya Piri Piri,Keyafood,,,,238,7.0,6.0,49.0,,26.0,0,,,,,Plant-based foods and beverages;Plant-based foods;Condiments;Herbs and spices;Spices;Spicy,NOT-APPLICABLE,en:france;en:india,2026-03-17,ok,Open Food Facts (ODbL)
8906066206191,Pizza Chilli Flakes,Keya,,,,44,1.9,0.3,7.7,1.6,5.3,8,,,,,condiments,A,en:india,2026-05-21,ok,Open Food Facts (ODbL)
8906066700873,Kettle Studio Mature Cheddar qnd Red Onion,Kettle Studio,,1 portion (28 g),28.0,564,4.3,30.0,62.9,2.5,3.2,571,158,1.2,8.4,17.6,,UNKNOWN,en:india,2026-03-14,ok,Open Food Facts (ODbL)
8906066701900,Tabasco Sauce Flavour Potato Chips,Kettle Studio,,16 chips (28 g),28.0,550,7.1,30.4,60.7,3.6,0.0,368,154,2.0,8.5,17.0,,UNKNOWN,en:india,2026-03-19,ok,Open Food Facts (ODbL)
8906066702013,Air Fried Spicy Dill Pickle,Kettle Studio,,1 portion (28 g),28.0,482,7.1,22.5,66.1,3.6,0.0,750,135,2.0,6.3,18.5,,UNKNOWN,en:india,2026-03-14,ok,Open Food Facts (ODbL)
8906066702020,Air Fried Potato Chips BBQ,Kettle,,28 g,28.0,471,7.1,22.1,65.0,3.6,0.0,732,132,2.0,6.2,18.2,,UNKNOWN,en:india,2026-05-23,ok,Open Food Facts (ODbL)
8906067025371,Proteni dar,Muscle Blaze,,70 g,70.0,423,28.6,19.1,39.2,10.1,,,296,20.0,13.4,27.4,,UNKNOWN,en:india,2026-03-07,ok,Open Food Facts (ODbL)
8906069400589,Salsa,Veeba,,1 portion (100 g),100.0,138,1.0,0.0,33.6,,27.0,,138,1.0,0.0,33.6,,UNKNOWN,en:india,2026-02-27,ok,Open Food Facts (ODbL)
8906069400657,Sriracha,VEEBA,,,,83,0.5,0.1,20.1,,16.2,,,,,,,UNKNOWN,en:india;en:italy,2026-03-30,ok,Open Food Facts (ODbL)
8906069402767,Veeba Veg Mayonnaise Tandori,Veeba,,1 tbsp (15 g),15.0,248,1.5,21.0,13.2,,,,37,0.2,3.1,2.0,Condiments; Sauces; Vegetarian sauces; Vegan sauces; Egg-free mayonnaises; en:mayonnaises,UNKNOWN,en:india,2026-04-18,ok,Open Food Facts (ODbL)
8906069402927,Ketchup With Sugar,Veeba,,100 g,100.0,176,0.9,0.0,43.1,,39.2,1300,176,0.9,0.0,43.1,,UNKNOWN,en:india,2026-02-22,ok,Open Food Facts (ODbL)
8906069403054,Veeba pazta sauce,Veeba,,1 tbsp (15 g),15.0,210,1.5,9.4,29.9,0.0,23.5,1960,32,0.2,1.4,4.5,Condiments;Sauces;Pasta sauces;Pizza sauces,E,en:india,2026-04-23,ok,Open Food Facts (ODbL)
8906069403412,Chef's Special Tomato Ketchup,VEEBA,900g,1/2 Tbsp. (Approx. 9g),9.0,99,0.8,0.0,23.8,,20.5,760,9,0.1,0.0,2.1,Condiments;Sauces;Tomato sauces;Ketchup;Tomato Ketchup,D,en:india,2026-04-17,ok,Open Food Facts (ODbL)
8906069406130,Instant Noodles Manchurian,WokTok,,75.5 g,75.5,424,9.8,17.0,60.7,5.4,5.0,1452,320,7.4,12.8,45.8,,UNKNOWN,en:india,2026-05-13,ok,Open Food Facts (ODbL)
8906069406154,8906069406154,VEEBA,,1 cup (92.5 g),92.5,336,0.0,16.7,46.0,3.3,5.5,0,310,0.0,15.5,42.6,noodles,C,en:india,2026-05-16,ok,Open Food Facts (ODbL)
8906069407120,Wok Tok By Veena Instant Noodles Masala,Wok Tok By Veeba,,66 g,66.0,448,9.5,19.3,61.8,5.5,3.2,1147,296,6.3,12.7,40.8,,UNKNOWN,en:india,2026-03-18,ok,Open Food Facts (ODbL)
8906069407151,Wok Tok Korean Noodles,Wok Tok,,1 portion (66 g),66.0,445,9.6,19.3,60.9,5.3,1.9,1261,294,6.3,12.8,40.2,,UNKNOWN,en:india,2026-04-15,ok,Open Food Facts (ODbL)
8906069407595,Tandoori Mayonnaise,Veeba,,,,163,0.2,11.5,14.6,,5.5,1200,,,,,,UNKNOWN,en:india,2026-05-11,ok,Open Food Facts (ODbL)
8906069408141,Strawberry And Watermelon 0 Sugar,Zyro,,1 bottle (100 ml),100.0,0,0.0,0.0,0.0,,0.0,52,0,0.0,0.0,0.0,,UNKNOWN,en:india,2026-05-04,ok,Open Food Facts (ODbL)
8906069410991,Dried Fruits & Berries,Jewel Farmer,,,,359,1.4,0.0,88.3,,,,,,,,,UNKNOWN,en:india,2026-04-17,ok,Open Food Facts (ODbL)
8906069612272,Jolliz Namkeen Harissa Chilli Potato Chips,Anand,135g,,,541,8.0,31.0,57.0,7.0,7.0,568,,,,,Namkeen,E,en:india;en:united-arab-emirates,2026-05-09,ok,Open Food Facts (ODbL)
8906069612371,Jolliz Namkeen Cream Onion Chips,Anand,135g,,,534,6.8,32.1,52.0,5.0,3.6,264,,,,,Namkeen,D,en:india;en:united-arab-emirates,2026-05-09,ok,Open Food Facts (ODbL)
8906069960038,Gold,Sanchi,,,,88,3.4,6.0,5.1,,,,,,,,,UNKNOWN,en:india,2026-04-02,ok,Open Food Facts (ODbL)
8906071454259,Chatpata Snacks Sauce,9 am,800g,15g,15.0,101,1.2,0.0,24.1,0.5,21.2,1202,15,0.2,0.0,3.6,Sauces,C,en:india,2026-04-05,ok,Open Food Facts (ODbL)
8906076132640,Whole Wheat Loaf,The Baker’s Dozen,,100 g,100.0,253,10.0,2.0,49.0,10.0,11.0,425,253,10.0,2.0,49.0,Plant-based foods and beverages;Plant-based foods;Cereals and potatoes;Breads;Sliced breads,C,en:india,2026-04-08,ok,Open Food Facts (ODbL)
8906076132886,Ragi Loaf Bread,The Baker's Dozen,240g,100 g,100.0,244,10.0,1.0,48.0,11.0,11.0,451,244,10.0,1.0,48.0,Breads,C,en:india,2026-04-22,ok,Open Food Facts (ODbL)
8906076133067,Zero Maida Donut Cake,Baker's Dozen,,1 portion (42 g),42.0,462,6.0,23.0,57.0,2.0,22.0,165,194,2.5,9.7,23.9,,UNKNOWN,en:india,2026-03-10,ok,Open Food Facts (ODbL)
8906076133111,Milk Bread,The Baker's Dozen,230g,100 g,100.0,307,8.0,2.0,65.0,3.0,6.0,439,307,8.0,2.0,65.0,Bread,C,en:india,2026-04-24,ok,Open Food Facts (ODbL)
8906076133241,Malabar Parota,The Bakers Dozen,,1 parota (100 g),100.0,335,10.0,14.0,42.0,2.0,2.0,250,335,10.0,14.0,42.0,,UNKNOWN,en:india,2026-03-04,ok,Open Food Facts (ODbL)
8906076133258,Protein Chips,The Bakers Dozen,,1 portion (45 g),45.0,431,22.2,8.9,64.4,6.7,2.2,611,194,10.0,4.0,29.0,,UNKNOWN,en:india,2026-05-03,ok,Open Food Facts (ODbL)
8906076133265,Protein Chips,The Baker's Dozen,,1 portion (45 g),45.0,431,22.2,8.9,64.4,8.9,2.2,531,194,10.0,4.0,29.0,Chips,C,en:india,2026-04-08,ok,Open Food Facts (ODbL)
8906076133289,protein chips Korean Kimchi,the bakers dozen,,1 portion (45 g),45.0,429,22.2,8.9,64.4,,2.2,591,193,10.0,4.0,29.0,snacks,D,en:india,2026-05-04,ok,Open Food Facts (ODbL)
8906078262178,Bourbo,Mrs. Bector's Cremica,500 g,100g,100.0,480,5.0,20.0,70.0,1.7,36.0,76,480,5.0,20.0,70.0,Snacks;Sweet snacks;Biscuits and cakes;Biscuits and crackers;Biscuits;Sandwich biscuits,E,en:india;en:united-kingdom,2026-03-27,ok,Open Food Facts (ODbL)
8906078263861,Coconut Cookies,Cremica Mrs Bectors,,,,442,5.0,11.0,80.0,,35.7,200,,,,,,UNKNOWN,en:india,2026-04-14,ok,Open Food Facts (ODbL)
8906080600357,paper boat orange pch,Paper Boat,3,150 ml,150.0,60,0.0,0.0,15.0,,13.9,62,90,0.0,0.0,22.5,Plant-based foods and beverages; Beverages; Plant-based beverages; Fruit-based beverages; en:orange-nectars,E,en:india,2026-03-21,ok,Open Food Facts (ODbL)
8906080600586,Paper Boat Lychee Drink,,3,,,64,0.0,0.0,16.0,,14.0,,,,,,,UNKNOWN,en:canada;en:india,2026-04-01,ok,Open Food Facts (ODbL)
8906080600982,Jus de mangue,Paper boat,180ml,,,62,0.1,0.1,15.5,,12.5,40,,,,,Plant-based foods and beverages; Beverages; Plant-based beverages; Fruit-based beverages,E,en:france;en:india,2026-03-19,ok,Open Food Facts (ODbL)
8906080601248,Paper boat coconut water 200ml pet,Paper Boat,200ml,100 ml,100.0,18,0.2,0.1,4.0,0.2,3.2,20,18,0.2,0.1,4.0,en:coconut-waters,B,en:india,2026-02-25,ok,Open Food Facts (ODbL)
8906080602948,8906080602948,,,,,0,0.0,0.0,0.0,,0.0,4,,,,,Carbonated waters,B,en:india,2026-03-15,ok,Open Food Facts (ODbL)
8906080603075,Paperboat Smoked Almonds,Paperboat,,30 g,30.0,611,20.5,49.0,22.0,12.7,4.7,501,183,6.2,14.7,6.6,,UNKNOWN,en:india,2026-04-17,ok,Open Food Facts (ODbL)
8906080603266,Coconut Water Drink,Paper Boat,,,,31,0.0,0.0,7.7,0.0,7.5,18,,,,,Beverages and beverages preparations;Plant-based foods and beverages;Beverages;Plant-based beverages;Coconut waters,D,en:india,2026-04-12,ok,Open Food Facts (ODbL)
8906080603433,Sparkling Cranberry Lime Carbonated Water,Paper Boat,250 ml,250 ml,250.0,0,0.0,0.0,0.0,0.0,0.0,26,0,0.0,0.0,0.0,Beverages and beverages preparations;Beverages;Beverages with cranberry,C,en:india,2026-05-16,ok,Open Food Facts (ODbL)
8906080603747,Classic salted cashews,Paperboat,,30 g,30.0,584,17.5,44.0,29.4,3.2,5.8,597,175,5.2,13.2,8.8,,UNKNOWN,en:india,2026-04-20,ok,Open Food Facts (ODbL)
8906080603761,8906080603761,,,,,57,0.0,0.0,14.3,,10.9,66000,,,,,paper boat mixed bereies Nata De Coco,E,en:india,2026-03-27,ok,Open Food Facts (ODbL)
8906080603990,Sparkling Water Lemon Lime,paper boat,,250ml,250.0,0,0.0,0.0,0.0,,0.0,51,0,0.0,0.0,0.0,Beverages and beverages preparations;Beverages;Carbonated drinks;Waters;Carbonated waters,C,en:india,2026-03-08,ok,Open Food Facts (ODbL)
8906080604294,Swing+,Paper Boat,,250ml,250.0,56,0.0,0.0,13.9,,13.3,12000,139,0.0,0.0,34.8,beverages,E,en:india,2026-04-29,ok,Open Food Facts (ODbL)
8906080604300,zero sparkling cranberry lime,paper boat,600ml,,,0,0.0,0.0,0.0,0.0,0.0,6,,,,,Beverages and beverages preparations;Beverages;Carbonated drinks;Waters;Carbonated waters,C,en:india,2026-04-29,ok,Open Food Facts (ODbL)
8906080604416,Sparkling Water Mint Mojito,Paper Boat,,200ml,200.0,0,0.0,0.0,0.0,,0.0,31,0,0.0,0.0,0.0,Carbonated drinks,C,en:india,2026-03-13,ok,Open Food Facts (ODbL)
8906080604652,Paper boat lychee 250ml pet,,,250ml,250.0,62,0.0,0.0,15.6,,15.4,50000,156,0.0,0.0,39.0,,UNKNOWN,en:india,2026-04-04,ok,Open Food Facts (ODbL)
8906080604690,Swing Coconut Water,Paper Boat,270ml,270ml,270.0,29,0.0,0.0,7.2,0.0,6.9,23,78,0.0,0.0,19.4,Beverages and beverages preparations;Beverages,UNKNOWN,en:india,2026-05-18,ok,Open Food Facts (ODbL)
8906081123626,100% natural premium whole cashew nuts,Happilo,500g,,,553,18.0,43.0,29.0,4.0,4.0,11,,,,,Plant-based foods and beverages;Plant-based foods;Snacks;Salty snacks;Nuts and their products;Nuts;Salted nuts;Cashew nuts;Unsalted cashews,B,en:france;en:india,2026-03-26,ok,Open Food Facts (ODbL)
8906081123657,Salted Roasted Almonds,Happilo,,1 portion (20 g),20.0,648,22.7,53.3,19.3,9.3,2.7,307,130,4.5,10.7,3.9,,UNKNOWN,en:india,2026-03-06,ok,Open Food Facts (ODbL)
8906081126900,Happilo Arabian Dates,Happilo,500g,15g,15.0,287,2.7,0.7,77.3,9.3,62.7,3,43,0.4,0.1,11.6,Plant-based foods and beverages; Plant-based foods; Fruits and vegetables based foods; Fruits based foods; Fruits; Dates; en:dried-fruits,C,en:india,2026-05-24,ok,Open Food Facts (ODbL)
8906081945495,Katsu Sauce,Meishi,,1 15g (15 g),15.0,120,0.0,0.7,29.3,,26.7,2587,18,0.0,0.1,4.4,,UNKNOWN,en:india,2026-02-18,ok,Open Food Facts (ODbL)
8906081949936,Halkidiki Olives Greek Stuffed With Jalapenos,Kouzina,,2 olives (15 g),15.0,103,0.8,9.6,3.4,,1.3,1270,15,0.1,1.4,0.5,Green olives stuffed of peppers,D,en:india,2026-03-15,ok,Open Food Facts (ODbL)
8906082000216,Papad,Parag,,12g,12.0,308,19.8,0.5,55.5,12.3,1.6,2195,37,2.4,0.1,6.7,Papadum,E,en:india,2026-05-19,ok,Open Food Facts (ODbL)
8906082000254,Moong Punjabi Papad,Parag,,12g,12.0,308,20.8,0.5,54.7,13.5,2.1,2280,37,2.5,0.1,6.6,Plant-based foods and beverages;Plant-based foods;Cereals and potatoes;Cereals and their products;Breads;Flatbreads;Special breads;Papadum,E,en:india,2026-05-19,ok,Open Food Facts (ODbL)
8906082000292,Chana Papad,Parag,200g,14g,14.0,314,20.5,1.4,55.2,12.4,4.4,2342,44,2.9,0.2,7.7,Plant-based foods and beverages;Plant-based foods;Cereals and potatoes;Cereals and their products;Breads;Flatbreads;Special breads;Papadum,E,en:india,2026-05-19,ok,Open Food Facts (ODbL)
8906082372603,Chocochips,nic,500 ml,100 ml,100.0,204,4.4,10.0,24.0,1.9,12.3,34,204,4.4,10.0,24.0,Chocolate Ice Creams,D,en:india,2026-04-22,ok,Open Food Facts (ODbL)
8906082374683,choco xplosion ice cream bar,mimo ice creams,,1 bar (60 ml),60.0,437,2.7,30.8,37.2,,30.2,29,262,1.6,18.5,22.3,,UNKNOWN,en:india,2026-04-12,ok,Open Food Facts (ODbL)
8906082577626,Sour Cream & Onion Crusties,Cornitos,,1 portion (30 g),30.0,511,6.7,24.7,65.7,,8.3,700,153,2.0,7.4,19.7,,UNKNOWN,en:india,2026-03-27,ok,Open Food Facts (ODbL)
8906082580008,Henfruit White,Henfruit Eggs,,,,157,13.0,11.4,0.6,,,,,,,,Eggs and their products;Farming products;Eggs,UNKNOWN,en:india,2026-03-15,ok,Open Food Facts (ODbL)
8906082580046,Protein Max Eggs,Henfruit,,1 egg (60.5 g),60.5,150,14.7,9.7,1.0,,1.0,,91,8.9,5.9,0.6,Eggs,UNKNOWN,en:india,2026-04-06,ok,Open Food Facts (ODbL)
8906082880177,Achal Banana Chips,Achal,,,,519,2.3,34.0,58.0,7.7,35.0,6,,,,,Snacks;Snacks salés;Amuse-gueules;Chips et frites;Chips;Chips de banane,E,en:india,2026-05-11,ok,Open Food Facts (ODbL)
8906083037020,A2 Set Curd,Organic Mandya,500 g,100 g,100.0,68,3.5,4.0,4.5,,4.5,,68,3.5,4.0,4.5,Curds,UNKNOWN,en:india,2026-03-12,ok,Open Food Facts (ODbL)
8906084521597,Low Fat Paneer,Desi Farms,200g,200 g,200.0,156,17.0,8.0,4.0,,1.2,62,312,34.0,16.0,8.0,Paneer,A,en:india,2026-05-18,ok,Open Food Facts (ODbL)
8906084521962,Low Fat Dahi,Desi Farms,400g,100g,100.0,49,4.0,1.7,4.4,,4.4,55,49,4.0,1.7,4.4,Dahi;Curd,B,en:india,2026-05-17,ok,Open Food Facts (ODbL)
8906084522181,High Protein Paneer (50g),Desi Farms,,,,171,25.0,7.0,2.0,0.0,2.0,100,,,,,,UNKNOWN,en:india,2026-05-07,ok,Open Food Facts (ODbL)
8906084691764,Makhana,Om,,3 portion (100 g),100.0,526,7.5,34.6,46.3,,0.0,480,526,7.5,34.6,46.3,,UNKNOWN,en:india,2026-04-08,ok,Open Food Facts (ODbL)
8906088860258,Current hot ´n’ spicy chilli+ pepper noodles,Current,100 g,100.0g,100.0,472,10.1,16.2,71.5,0.1,0.9,752,472,10.1,16.2,71.5,Plant-based foods and beverages;Plant-based foods;Dried products;Pastas;Dried products to be rehydrated;Noodles;Instant noodles;Ramen noodles,UNKNOWN,en:india,2026-04-20,ok,Open Food Facts (ODbL)
8906090572118,Karare,Too yumm,70 gm,,,489,5.6,21.0,69.0,4.1,6.9,890,,,,,Snacks; Salty snacks; Appetizers; en:crisps,E,en:india,2026-03-28,ok,Open Food Facts (ODbL)
8906090572149,Karare Noodle Masala,Too Yum,70g,12g,12.0,487,6.2,20.6,69.0,3.7,3.7,720,58,0.7,2.5,8.3,Snacks; Salty snacks; Appetizers; Chips and fries; Crisps; en:noodles,E,en:india,2026-04-02,ok,Open Food Facts (ODbL)
8906090572217,Too yumm,Too Yumm,70 g,17 g,17.0,467,5.7,20.3,65.0,3.7,32.4,48,79,1.0,3.5,11.1,Snacks; Chips and fries; en:crisps,D,en:india,2026-04-05,ok,Open Food Facts (ODbL)
8906090574402,Bhujia,Too Yumm!,,25 g,25.0,604,11.3,45.4,37.0,,,1114,151,2.8,11.3,9.2,Snacks,UNKNOWN,en:india,2026-03-12,ok,Open Food Facts (ODbL)
8906090574556,Too Yumm! Namkeen - All In One,Too Yumm!,400 g,12g,12.0,570,9.0,37.7,48.0,,9.6,560,68,1.1,4.5,5.8,Snacks,E,en:india,2026-02-23,ok,Open Food Facts (ODbL)
8906090575546,K-Bomv Ramen,Too Yum,80g,80 g,80.0,438,9.0,15.9,65.0,,6.7,1920000,350,7.2,12.7,52.0,Plant-based foods and beverages; Plant-based foods; Pastas; Noodles; en:instant-noodles,UNKNOWN,en:india,2026-04-18,ok,Open Food Facts (ODbL)
8906090578172,Party Harder,Too Yum,,,,543,7.1,32.5,56.0,,1.1,770,,,,,,UNKNOWN,en:india,2026-05-13,ok,Open Food Facts (ODbL)
8906090578516,Hot & Sweet,Too Yum,,,,548,8.1,33.3,54.0,,5.8,640,,,,,,UNKNOWN,en:india,2026-03-01,ok,Open Food Facts (ODbL)
8906090578523,Triple Tadka Chips,Too Yum,,,,539,8.9,31.7,54.0,,3.4,920,,,,,,UNKNOWN,en:india,2026-02-28,ok,Open Food Facts (ODbL)
8906090641067,Protein Water,Amul,,1 can (250 ml),250.0,16,4.0,0.0,0.0,,0.0,15,40,10.0,0.0,0.0,Beverages and beverages preparations;Beverages,B,en:india,2026-04-12,ok,Open Food Facts (ODbL)
8906090831253,Butter beans (Double Beans),Grace,,,,106,6.8,0.9,15.3,4.9,1.5,8,,,,,Butter beans,UNKNOWN,en:india,2026-04-30,ok,Open Food Facts (ODbL)
8906090832137,Bay leaves,Grace,,,,353,7.6,8.4,48.6,26.3,48.6,23,,,,,Bay leaves,C,en:india,2026-05-01,ok,Open Food Facts (ODbL)
8906091300154,100% Banana Smoothie Whey Protein,Nutrabox,,37 g,37.0,395,73.0,6.4,11.9,2.7,4.9,,146,27.0,2.4,4.4,,UNKNOWN,en:india,2026-05-17,ok,Open Food Facts (ODbL)
8906091301106,100% Soy Isolate,Nutrabox,1 kg,1 portion (37 g),37.0,360,81.1,0.5,7.6,,0.0,94,133,30.0,0.2,2.8,Dietary supplements;Bodybuilding supplements,NOT-APPLICABLE,en:india,2026-04-18,ok,Open Food Facts (ODbL)
8906091685053,Dark Chocolate 87%,Paul and Mike,68g,30 g,30.0,602,10.0,42.7,44.7,,13.7,36,181,3.0,12.8,13.4,Dark chocolate bar,E,en:india,2026-04-24,ok,Open Food Facts (ODbL)
8906091900750,Raw Makhana (Foxnuts),Sattvik,,1 portion (28 g),28.0,357,10.7,0.4,75.0,7.1,0.7,,100,3.0,0.1,21.0,,UNKNOWN,en:india,2026-04-06,ok,Open Food Facts (ODbL)
8906094750291,Curd,Muralya,,1 portion (100 g),100.0,44,3.4,1.5,4.1,,,50,44,3.4,1.5,4.1,,UNKNOWN,en:india,2026-04-18,ok,Open Food Facts (ODbL)
8906094750338,Bottle Milk,Muralya,,1 portion (100 ml),100.0,58,3.2,3.0,4.6,,4.6,50,58,3.2,3.0,4.6,,UNKNOWN,en:india,2026-05-13,ok,Open Food Facts (ODbL)
8906094870555,Appu TStar Zahidi Dates,Appu TStar,,500gr,500.0,277,2.0,0.0,75.0,7.0,66.0,0,1385,10.0,0.0,375.0,Plant-based foods and beverages; Plant-based foods; Fruits and vegetables based foods; Fruits based foods; Fruits; Dates; en:dried-fruits,C,en:india,2026-05-04,ok,Open Food Facts (ODbL)
8906095126651,Arabian Dates,Wonderland Foods,250g,,,277,3.0,0.4,74.0,8.0,60.0,2,,,,,Plant-based foods and beverages; Plant-based foods; Fruits and vegetables based foods; Fruits based foods; Fruits; Dates; en:dried-fruits,D,en:india,2026-03-14,ok,Open Food Facts (ODbL)
8906095126927,Zahidi Dates,WONDERLAND Foods,500g,30g,30.0,277,3.0,0.4,74.0,,60.0,2,83,0.9,0.1,22.2,Plant-based foods and beverages; Plant-based foods; Fruits and vegetables based foods; Fruits based foods; Fruits; Dates; en:dried-fruits,D,en:india,2026-04-02,ok,Open Food Facts (ODbL)
8906095142149,Elite Gel 180 Sea Salt Lime,Unived,,73 g,73.0,180,0.0,0.0,45.0,,25.0,228,131,0.0,0.0,32.9,Dietary supplements,NOT-APPLICABLE,en:india,2026-05-12,ok,Open Food Facts (ODbL)
8906095143061,Elite Beet 420,Unived,,6.5 g,6.5,340,10.8,0.2,73.8,7.1,20.9,1477,22,0.7,0.0,4.8,,UNKNOWN,en:india,2026-03-09,ok,Open Food Facts (ODbL)
8906095290079,Instant Rava Pongal Mix,Adukele,,80g,80.0,387,13.0,3.0,59.0,1.0,1.0,1379,310,10.4,2.4,47.2,Ready-made meals,E,en:india,2026-05-16,ok,Open Food Facts (ODbL)
8906097590788,Energy Gel,Fast&Up,,,,102,0.4,0.4,24.3,,5.4,44,,,,,Beverages and beverages preparations;Beverages;Energy drinks,E,en:india,2026-03-03,ok,Open Food Facts (ODbL)
8906098120601,Cloud9 Classic Energy Drink,Cloud9,,,,47,0.0,0.0,11.7,,11.7,,,,,,Beverages and beverages preparations; Beverages; Alcoholic beverages; Beers; Energy drinks; en:sweetened-beverages,NOT-APPLICABLE,en:india,2026-03-28,ok,Open Food Facts (ODbL)
8906104383242,Whey Protein,Xlr8,,1 scoop (34 g),34.0,412,70.6,8.8,11.8,,,165,140,24.0,3.0,4.0,,UNKNOWN,en:india,2026-04-12,ok,Open Food Facts (ODbL)
8906107170030,Pork Ham,Prasuma,,2.73 pieces (100 g),100.0,147,22.0,4.9,3.8,,1.3,548,147,22.0,4.9,3.8,,UNKNOWN,en:india,2026-03-16,ok,Open Food Facts (ODbL)
8906107171013,Desi Chicken Burger Patty,Meatigo,,120 g,120.0,234,13.1,19.2,2.2,,1.3,349,281,15.7,23.0,2.6,,UNKNOWN,en:india,2026-04-27,ok,Open Food Facts (ODbL)
8906107172461,Hot Wings,Meatigo,,8 wings (250 g),250.0,69,7.2,4.1,0.8,,0.2,250,172,17.9,10.3,1.9,,UNKNOWN,en:india,2026-04-25,ok,Open Food Facts (ODbL)
8906108190167,Chunky Continental Chicken Spread,Licious,,35 g,35.0,472,12.0,44.0,7.0,2.0,1.9,375,165,4.2,15.4,2.5,,UNKNOWN,en:india,2026-04-15,ok,Open Food Facts (ODbL)
8906108190198,Chunky Butter Chicken Spread,Licious,,35 g,35.0,352,14.8,31.7,7.3,1.1,3.9,660,123,5.2,11.1,2.6,,UNKNOWN,en:india,2026-02-25,ok,Open Food Facts (ODbL)
8906108192390,Loaded Chicken Momos,Licious,,1 portion (100 g),100.0,191,15.9,9.5,10.3,,0.5,447,191,15.9,9.5,10.3,,UNKNOWN,en:india,2026-04-20,ok,Open Food Facts (ODbL)
8906108192475,Korean Chicken Momos,Licious,,1 portion (100 g),100.0,192,10.0,9.5,16.7,,7.8,841,192,10.0,9.5,16.7,momos;Filled steamed buns,D,en:india,2026-04-29,ok,Open Food Facts (ODbL)
8906108305295,Pitted Prunes,Popular Fit-Eats,150g,30g,30.0,240,2.2,0.4,63.9,7.1,38.1,2,72,0.7,0.1,19.2,Plant-based foods and beverages;Plant-based foods;Fruits and vegetables based foods;Dried products;Fruits based foods;Dried plant-based foods;Dried fruits;Dried prunes;Pitted prunes,C,en:india,2026-05-17,ok,Open Food Facts (ODbL)
8906108680446,Chicken Eggs,Fresh Eggs,,50 g,50.0,128,13.3,8.0,0.7,0.0,0.3,124,64,6.7,4.0,0.3,Eggs,UNKNOWN,en:india,2026-05-26,ok,Open Food Facts (ODbL)
8906109000595,Kinnow Apple,Five Rivers,200ml,,,42,0.1,0.0,10.3,,10.0,2,,,,,beverages,E,en:india,2026-04-11,ok,Open Food Facts (ODbL)
8906112661233,Oats,True Elements,500g,40 g,40.0,419,11.5,12.2,65.7,10.7,0.0,4,168,4.6,4.9,26.3,Oats,A,en:india,2026-04-12,ok,Open Food Facts (ODbL)
8906112661240,Steel Cut Oats,True Elements,,100 g,100.0,419,11.5,12.2,65.7,10.7,0.0,4,419,11.5,12.2,65.7,,UNKNOWN,en:india,2026-04-06,ok,Open Food Facts (ODbL)
8906112662155,Nuts & Berries Muesli,True Elements,,1 portion (40 g),40.0,436,13.2,12.5,67.5,10.0,17.0,133,174,5.3,5.0,27.0,,UNKNOWN,en:india,2026-05-24,ok,Open Food Facts (ODbL)
8906112662414,Rolled oats,True Elements,500 g,40g,40.0,411,12.0,10.0,68.3,9.5,0.0,5,164,4.8,4.0,27.3,Plant-based foods and beverages; Plant-based foods; Cereals and potatoes; Seeds; Cereals and their products; Cereal grains; Oat; en:rolled-oats,B,en:india,2026-05-04,ok,Open Food Facts (ODbL)
8906112662667,Chia Seeds (Raw),True Elements,,1 Serving (28 g),28.0,449,19.9,32.7,36.0,34.3,0.9,11,126,5.6,9.2,10.1,Chia,A,en:india,2026-04-02,ok,Open Food Facts (ODbL)
8906112995413,5 Super Foods Bread,Protein Chef,,2 Slices (54 g),54.0,249,17.0,1.8,45.0,7.8,3.5,457,134,9.2,1.0,24.3,Plant-based foods;Cereals and their products;Breads,A,en:india,2026-05-15,ok,Open Food Facts (ODbL)
8906112996212,High Protein Bread,Protein Chef,270 g,1 portion (100 g),100.0,287,18.5,2.4,53.0,10.5,3.6,530,287,18.5,2.4,53.0,bread,C,en:india,2026-04-29,ok,Open Food Facts (ODbL)
8906113491662,Tata Soulfull Rusk Elaichi,Tata Soulfull,183g,17g,17.0,447,11.9,12.3,72.3,14.3,23.6,289,76,2.0,2.1,12.3,Plant-based foods and beverages; Plant-based foods; Cereals and potatoes; Breads; Rusks; en:biscuits,D,en:india,2026-04-13,ok,Open Food Facts (ODbL)
8906115425610,Crunchy Coin Nippattu,WellBe,,30 g,30.0,520,6.7,27.7,61.3,,0.3,572,156,2.0,8.3,18.4,,UNKNOWN,en:india,2026-05-22,ok,Open Food Facts (ODbL)
8906116953310,MB biozyme whey,Muscle blaze,,36.0g,36.0,388,70.0,5.0,15.7,,7.8,473,140,25.2,1.8,5.7,Dietary supplements; Bodybuilding supplements; Protein powders,NOT-APPLICABLE,en:india,2026-03-30,ok,Open Food Facts (ODbL)
8906116954805,Biozyme Performance Whey,Muscleblaze,"1 piece, 36g",1 sachet (36 g),36.0,388,69.4,5.0,15.7,,,,140,25.0,1.8,5.6,Whey-protein;Protein powders,NOT-APPLICABLE,en:india,2026-03-31,ok,Open Food Facts (ODbL)
8906117090779,Rice Popped Chips,BRB,,1 portion (25 g),25.0,439,10.0,14.0,68.4,4.0,2.4,997,110,2.5,3.5,17.1,,UNKNOWN,en:india,2026-03-30,ok,Open Food Facts (ODbL)
8906117091219,Shortcuts Peanut Butter Wafer Bites,BRB,100g,25,,484,15.0,29.8,35.7,6.4,14.2,260,,,,,Peanut Butter Wafer Bites,D,en:india,2026-04-27,ok,Open Food Facts (ODbL)
8906117360018,Country Delight Curd,Country Delight,400g,200g,200.0,63,3.7,3.0,5.4,,5.0,50,126,7.4,6.0,10.8,Curd,B,en:india,2026-03-12,ok,Open Food Facts (ODbL)
8906117360315,Low Fat Cow Milk,Country Delight,,,,50,3.6,1.5,5.5,,5.5,45,,,,,,UNKNOWN,en:india,2026-04-18,ok,Open Food Facts (ODbL)
8906117361275,Natural Cow Milk 2x Protein,Country Delight,425ml,1 serving (100 g),100.0,65,5.6,3.2,3.6,,3.6,22,65,5.6,3.2,3.6,milks,C,en:india,2026-05-16,ok,Open Food Facts (ODbL)
8906117361398,Curd,Country Delight,400g,200g,200.0,77,7.5,3.2,4.5,,4.5,50,154,15.0,6.4,9.0,Dahi,A,en:india,2026-04-17,ok,Open Food Facts (ODbL)
8906117365631,Milk Bread,Country Delight,200g,50g,50.0,243,13.0,3.1,42.4,5.7,7.4,383,122,6.5,1.6,21.2,Plant-based foods and beverages;Plant-based foods;Cereals and potatoes;Cereals and their products;Breads,B,en:india,2026-05-01,ok,Open Food Facts (ODbL)
8906120100830,Farmley Makhana Peri Peri,Farmley,,,,475,7.8,19.8,63.4,11.2,1.8,260,,,,,Plant-based foods and beverages;Plant-based foods;Snacks;Seeds;Fox nuts,C,en:india,2026-05-18,ok,Open Food Facts (ODbL)
8906120106320,Trail Mix,Farmley,200 g,,,401,9.9,16.0,54.2,7.1,38.2,7,,,,,Dry fruits; en:dried-fruits,UNKNOWN,en:india;en:united-kingdom,2026-04-17,ok,Open Food Facts (ODbL)
8906120108904,Farmley Date Bites,Farmley,,1 portion (100 g),100.0,496,16.7,25.2,50.5,9.1,33.7,0,496,16.7,25.2,50.5,dates,C,en:india,2026-02-26,ok,Open Food Facts (ODbL)
8906120109918,Farmley Date Bites,Farmley,18g,18g,18.0,494,16.7,25.2,50.5,9.1,33.7,,89,3.0,4.5,9.1,Snacks; en:dried-fruits,UNKNOWN,en:india,2026-04-02,ok,Open Food Facts (ODbL)
8906124370246,White Eggs,Eggoz,,,,140,12.7,9.8,0.3,0.0,0.3,124,,,,,Eggs,A,en:india,2026-03-31,ok,Open Food Facts (ODbL)
8906124370505,High Protein Eggs,EGGOZ,,150 g,150.0,151,13.0,10.8,0.3,0.0,0.3,124,227,19.5,16.2,0.4,eggs,UNKNOWN,en:india,2026-03-11,ok,Open Food Facts (ODbL)
8906125251711,Puffed Rice Balls,Arcot Mani Mark,,8g,8.0,389,3.5,1.0,90.0,1.0,55.0,280,31,0.3,0.1,7.2,snack,E,en:india,2026-03-30,ok,Open Food Facts (ODbL)
8906125980208,Cjeese Popcorn,1100,,28 g,28.0,571,7.1,39.3,50.0,17.9,0.0,979,160,2.0,11.0,14.0,en:popcorn,E,en:india,2026-05-05,ok,Open Food Facts (ODbL)
8906125980673,Corn Chips,4700BC,55,1 Pack (28 g),28.0,421,7.1,12.9,71.4,7.1,6.1,1075,118,2.0,3.6,20.0,Plant-based foods and beverages;Plant-based foods;Seeds;Cereals and their products;Cereal grains;Corn,D,en:india,2026-02-27,ok,Open Food Facts (ODbL)
8906125983025,Cheese Popcorn,4700BC,,1 portion (22 g),22.0,473,9.5,24.5,54.5,4.1,1.4,564,104,2.1,5.4,12.0,,UNKNOWN,en:india,2026-02-20,ok,Open Food Facts (ODbL)
8906125983506,Nachos - Tangy Guacamole,4700BC,,1 serving (28 g),28.0,489,7.9,19.3,68.9,3.6,3.9,397,137,2.2,5.4,19.3,,UNKNOWN,en:india,2026-04-30,ok,Open Food Facts (ODbL)
8906125983568,Nachos-Korean Kimchi,4700 BC,,1 Half (28 g),28.0,493,7.9,19.6,69.3,3.9,8.9,288,138,2.2,5.5,19.4,,UNKNOWN,en:india,2026-03-21,ok,Open Food Facts (ODbL)
8906126044282,Chocolate Isolate,Who Moved My Protein,1 kg,32 g,32.0,388,77.2,5.3,6.9,1.8,5.6,244,124,24.7,1.7,2.2,whey powder,C,en:india,2026-05-06,ok,Open Food Facts (ODbL)
8906127550010,Natural Peanut Butter Crunch,ALPINO,1kg,1 portion (100 g),100.0,625,30.0,49.0,18.0,6.0,3.0,25,625,30.0,49.0,18.0,Plant-based foods and beverages;Plant-based foods;Legumes and their products;Spreads;Nuts and their products;Plant-based spreads;Oilseed purees;Legume butters;Nut butters;Peanut butters,B,en:india;en:united-kingdom,2026-05-19,ok,Open Food Facts (ODbL)
8906127550119,Peanut Butter Crunch,Alpino,,,,563,18.8,41.5,25.6,6.4,12.8,1461,,,,,Peanut butter,E,en:india,2026-04-15,ok,Open Food Facts (ODbL)
8906127550850,High protein super oats chocolate,Alpino,1 kg,100 g,100.0,458,22.0,18.6,51.3,11.6,5.0,13,458,22.0,18.6,51.3,Plant-based foods and beverages;Plant-based foods;Breakfasts;Cereals and potatoes;Cereals and their products;Breakfast cereals;Flakes;Mueslis;Cereal flakes;Rolled flakes;Rolled oats,A,en:india,2026-05-23,ok,Open Food Facts (ODbL)
8906127551086,Alpino Super Oats Chocolate,Alpino,,,,445,22.0,16.4,52.2,11.3,6.0,10,,,,,Plant-based foods and beverages;Plant-based foods;Breakfasts;Cereals and potatoes;Seeds;Cereals and their products;Breakfast cereals;Cereal grains;Oat,A,en:india,2026-04-28,ok,Open Food Facts (ODbL)
8906127551178,Alpino Super Muesli,Alpino,750 g,1 portion (100 g),100.0,395,16.0,5.7,70.0,9.0,13.0,307,395,16.0,5.7,70.0,Plant-based foods;Breakfasts;Cereals and potatoes;Cereals and their products;Breakfast cereals,C,en:india,2026-05-19,ok,Open Food Facts (ODbL)
8906127551338,Peanut Protein Dark Chocolate,Alpino,1 kg,1 scoop (36 g),36.0,407,67.5,5.0,19.6,3.3,2.1,3,147,24.3,1.8,7.1,Protein powders,NOT-APPLICABLE,en:india,2026-03-05,ok,Open Food Facts (ODbL)
8906127551437,high protein super oats,Alpino,2.5 kg,1 portion (100 g),100.0,458,22.0,18.6,51.3,11.0,5.0,13240,458,22.0,18.6,51.3,Plant-based foods and beverages; Plant-based foods; Cereals and potatoes; Seeds; Cereals and their products; Cereal grains; Dietary supplements; Oat; en:breakfast-cereals,NOT-APPLICABLE,en:india,2026-05-21,ok,Open Food Facts (ODbL)
8906129220539,Vanilla Ice Cream,Chhaswala,,100 ml,100.0,109,2.2,5.7,12.2,,12.2,14,109,2.2,5.7,12.2,,UNKNOWN,en:india,2026-04-22,ok,Open Food Facts (ODbL)
8906130100325,Parmesan Cheese,Fiorella,,1 portion (100 g),100.0,393,32.0,29.0,0.0,0.0,0.0,,393,32.0,29.0,0.0,,UNKNOWN,en:india,2026-03-05,ok,Open Food Facts (ODbL)
8906130630228,Arrabbiata,Casa,,150 g,150.0,144,1.0,10.2,11.9,,2.5,880,216,1.5,15.4,17.9,,UNKNOWN,en:india,2026-04-17,ok,Open Food Facts (ODbL)
8906130900116,Strawberry Choco Pie,Orion,168 g,28 g,28.0,437,4.3,15.6,69.9,,29.0,212,122,1.2,4.4,19.6,Snack cake,E,en:india,2026-05-12,ok,Open Food Facts (ODbL)
8906131680581,millet noodles,Slurrp Farm,,,,196,6.3,0.3,36.3,5.6,0.9,62,,,,,Plant-based foods and beverages;Plant-based foods;Pastas;Noodles,A,en:india;en:united-kingdom,2026-03-27,ok,Open Food Facts (ODbL)
8906131681557,Oats jumbo rolled,Slurrp farm,,,,392,14.2,8.3,65.1,11.9,1.2,2,,,,,,UNKNOWN,en:india,2026-05-21,ok,Open Food Facts (ODbL)
8906131681847,Penne Protein Pasta,Mille,,100 g,100.0,371,21.7,4.3,61.1,9.1,6.0,120,371,21.7,4.3,61.1,,UNKNOWN,en:india,2026-03-07,ok,Open Food Facts (ODbL)
8906131682035,Mighty Puffs Cheddar Cheese,Slurrp Farm,,1 portion (20 g),20.0,435,6.5,18.0,60.0,4.5,4.5,825,87,1.3,3.6,12.0,,UNKNOWN,en:india,2026-02-20,ok,Open Food Facts (ODbL)
8906131684794,Plant Protein Coffee Hazelnut bar,Mille,38g,38 g,38.0,368,65.5,1.3,23.2,63.2,18.9,49,140,24.9,0.5,8.8,Bars,C,en:india,2026-02-23,ok,Open Food Facts (ODbL)
8906132870004,Keemaya Dates,Sahara Dates,,,,316,3.0,0.1,75.9,,72.7,,,,,,,UNKNOWN,en:india,2026-04-13,ok,Open Food Facts (ODbL)
8906133024574,Vegan Platinum Soy Protein Isolate,Nakpro,,1 portion (33 g),33.0,387,84.5,3.2,5.1,,,,128,27.9,1.0,1.7,,UNKNOWN,en:india,2026-03-29,ok,Open Food Facts (ODbL)
8906133026233,Double Rich Chocolate Impact Whey Protein,Nakpro,1kg,1 portion (45 g),45.0,369,53.3,2.8,32.4,,,,166,24.0,1.3,14.6,Dairies; Whey powder; en:bodybuilding-supplements,NOT-APPLICABLE,en:india,2026-05-16,ok,Open Food Facts (ODbL)
8906133026240,Impact Why Protein Isolate & Concentrate,Nakpro,,1 portion (45 g),45.0,369,53.4,2.8,32.4,,0.0,55,166,24.0,1.3,14.6,Food,A,en:india,2026-05-20,ok,Open Food Facts (ODbL)
8906133026813,Impact Whey Protein,Nakpro,,45 g,45.0,369,53.4,2.8,32.4,,,55,166,24.0,1.3,14.6,,UNKNOWN,en:india,2026-05-10,ok,Open Food Facts (ODbL)
8906133027209,Impact Whey (Vannila),Nakpro,,45 g,45.0,367,53.4,2.9,32.4,,,,165,24.0,1.3,14.6,,UNKNOWN,en:india,2026-03-12,ok,Open Food Facts (ODbL)
8906133408695,Whey Protein Concentrate (Cocoa Edition),Only What's Needed,,33 g,33.0,394,72.7,5.1,13.3,2.1,2.5,320,130,24.0,1.7,4.4,Dairies; Whey powder; en:protein-powders,NOT-APPLICABLE,en:india,2026-04-17,ok,Open Food Facts (ODbL)
8906133409241,Whey Protein Concentrate (Cocoa Edition),Only What's Needed,,1 serving (33 g),33.0,388,72.7,5.2,12.1,1.5,3.3,190,128,24.0,1.7,4.0,,UNKNOWN,en:india,2026-05-18,ok,Open Food Facts (ODbL)
8906133409494,Plant Protein Powder,OWN,,,,361,72.7,4.2,5.5,5.0,0.1,740,,,,,,UNKNOWN,en:india,2026-03-22,ok,Open Food Facts (ODbL)
8906133409593,Only What's Needed Coffee Edition,Food Pharmer,,34 g,34.0,384,70.6,4.6,14.9,,4.6,56000,131,24.0,1.6,5.1,,UNKNOWN,en:india,2026-02-19,ok,Open Food Facts (ODbL)
8906135093141,Honey From The Honey Specialist Squeezy,qpis,400g,,,326,0.6,0.0,81.7,0.0,79.8,4,,,,,Honey-based preparations,E,en:india,2026-04-27,ok,Open Food Facts (ODbL)
8906135191465,Udon Shirataki Noodles,MOISOI,,1 portion (100 g),100.0,6,0.0,0.0,0.0,2.9,,1,6,0.0,0.0,0.0,,UNKNOWN,en:india,2026-03-20,ok,Open Food Facts (ODbL)
8906135191601,Popping Bobba Lychee,Moi Soi,330ml,330ml,330.0,37,0.0,0.0,9.4,0.0,9.1,30,123,0.0,0.0,31.0,Beverages and beverages preparations;Beverages,E,en:india,2026-05-04,ok,Open Food Facts (ODbL)
8906136651951,Pintola High Protein Oats Dark Chocolate,Pintola,400g,50 g,50.0,392,25.0,8.0,54.6,9.6,14.0,130,196,12.5,4.0,27.3,Plant-based foods and beverages; Plant-based foods; Breakfasts; Cereals and potatoes; Cereals and their products; Breakfast cereals; en:bodybuilding-supplements,NOT-APPLICABLE,en:india,2026-03-25,ok,Open Food Facts (ODbL)
8906136651968,High Protein Oats Chocolate,Pintola,1kg,1 serving (50 g),50.0,392,25.0,8.0,54.6,9.6,14.0,130,196,12.5,4.0,27.3,Plant-based foods and beverages;Plant-based foods;Breakfasts;Cereals and potatoes;Seeds;Cereals and their products;Breakfast cereals;Cereal grains;Oat,B,en:india,2026-05-04,ok,Open Food Facts (ODbL)
8906136651975,High Protein Muesli,Pintola,,100 g,100.0,390,24.0,8.0,56.0,10.0,17.0,158,390,24.0,8.0,56.0,Plant-based foods and beverages;Plant-based foods;Breakfasts;Cereals and potatoes;Cereals and their products;Breakfast cereals;Mueslis,C,en:india;en:maldives,2026-02-23,ok,Open Food Facts (ODbL)
8906136651982,High Protein Muesli,Pintola,1kg,1 serving (50 g),50.0,390,24.0,8.0,56.0,10.0,17.0,158,195,12.0,4.0,28.0,mueslis,C,en:india,2026-05-09,ok,Open Food Facts (ODbL)
8906136781825,Ghee,Anveshan,144g,14g,14.0,900,0.0,100.0,0.0,0.0,0.0,,126,0.0,14.0,0.0,Fats;Animal fats;Butter fat;Clarified butter;Ghee,UNKNOWN,en:india,2026-05-02,ok,Open Food Facts (ODbL)
8906136840003,Peanut Butter Crunchy,Happy,,32 g,32.0,681,25.4,59.8,10.0,3.1,4.8,,218,8.1,19.1,3.2,,UNKNOWN,en:india,2026-03-02,ok,Open Food Facts (ODbL)
8906136840171,Peanut Butter Chocolate,Happy,,32g,32.0,552,21.9,35.0,35.9,3.0,17.0,275,177,7.0,11.2,11.5,Peanut Butter,D,en:india,2026-05-19,ok,Open Food Facts (ODbL)
8906137050036,Milma Pride,Milma,500 ml,,,35,3.3,0.2,5.0,0.0,4.9,43,,,,,Dairies;Milks;Pasteurised milks;Cow milks,B,en:india,2026-04-08,ok,Open Food Facts (ODbL)
8906137053242,PROBIOTIC CURD,Milma,1kg,100 g,100.0,61,3.8,3.0,4.6,,4.6,50,61,3.8,3.0,4.6,Curd,B,en:india,2026-04-06,ok,Open Food Facts (ODbL)
8906137370622,Wild Origins Honey,Last Forest,,,,304,0.7,0.0,75.0,,,,,,,,,UNKNOWN,en:india,2026-04-28,ok,Open Food Facts (ODbL)
8906140204020,Omani Seedless Dates,Nature's Choice,500g,,,325,4.4,0.4,76.0,7.3,66.4,10,,,,,Plant-based foods and beverages;Plant-based foods;Fruits and vegetables based foods;Fruits based foods;Fruits;Dates,C,en:india,2026-03-14,ok,Open Food Facts (ODbL)
8906140970215,Mango Lassi,Punjab Sind,,1 portion (200 ml),200.0,133,3.1,4.6,19.8,,18.6,39,266,6.2,9.2,39.6,,UNKNOWN,en:india,2026-03-14,ok,Open Food Facts (ODbL)
8906140970871,High protein paneer,Punjab Sindh,,100 g,100.0,160,22.0,6.0,4.5,,4.4,54,160,22.0,6.0,4.5,,UNKNOWN,en:india,2026-02-23,ok,Open Food Facts (ODbL)
8906141910258,Black Rice,Dawat,,,,348,10.4,0.9,76.1,14.4,,,,,,,,UNKNOWN,en:india,2026-05-17,ok,Open Food Facts (ODbL)
8906142560391,Organic chickpea puffs-NYC Pizza,Popeas,,,,386,21.0,14.0,44.1,5.1,7.1,388,,,,,,UNKNOWN,en:india,2026-04-27,ok,Open Food Facts (ODbL)
8906142560407,Organic Chickpea Puffs - Tangy Taco,Popeas,,,,409,20.6,14.0,50.1,6.3,6.5,646,,,,,,UNKNOWN,en:india,2026-04-27,ok,Open Food Facts (ODbL)
8906142774095,Pistachio,Bolas,200 g,12.5g,12.5,609,21.2,48.2,22.6,10.2,7.3,396370,76,2.7,6.0,2.8,Plant-based foods and beverages;Plant-based foods;Seeds;Nuts and their products;Nuts;Pistachio kernels,E,en:india;en:thailand,2026-02-28,ok,Open Food Facts (ODbL)
8906142774385,Prunes,Bolas,200g,,,250,2.5,0.0,70.0,7.5,42.5,4,,,,,Plant-based foods and beverages;Plant-based foods;Fruits and vegetables based foods;Fruits based foods;Dried products;Dried plant-based foods;Dried fruits;Dried prunes,C,en:india,2026-03-12,ok,Open Food Facts (ODbL)
8906142774408,Black Chia Seeds,Bolas,200g,,,486,16.5,30.7,42.1,35.9,0.0,16000,,,,,Plant-based foods and beverages;Plant-based foods;Seeds;Chia,E,en:india,2026-03-07,ok,Open Food Facts (ODbL)
8906142775504,Bolas cashews,Bolas,,,,570,18.3,43.9,30.2,3.3,5.9,12000,,,,,Plant-based foods and beverages;Plant-based foods;Nuts and their products;Nuts;Cashew nuts,E,en:india;en:united-states,2026-02-28,ok,Open Food Facts (ODbL)
8906143040496,Yu 100% coconut water,Yu,200ml,200ml,200.0,15,0.2,0.1,3.3,0.2,2.5,20,30,0.4,0.3,6.7,Beverages and beverages preparations; Plant-based foods and beverages; Beverages; Plant-based beverages; Coconut waters; en:waters,B,en:india,2026-05-15,ok,Open Food Facts (ODbL)
8906143041400,Jalapeno Cheese Instant Noodles,Yu,,1 portion (75 g),75.0,336,12.0,14.7,40.0,9.3,10.7,817,252,9.0,11.0,30.0,,UNKNOWN,en:india,2026-04-17,ok,Open Food Facts (ODbL)
8906143041752,whole wheat macaroni,yu,,1 portion (55.6 g),55.6,330,12.1,3.3,63.0,9.0,4.5,6,183,6.7,1.8,35.0,,UNKNOWN,en:india,2026-03-15,ok,Open Food Facts (ODbL)
8906143042445,High Protein Super Oats Plain Rolled,Yu,,1 portion (100 g),100.0,404,25.2,7.6,57.0,11.5,1.4,4,404,25.2,7.6,57.0,Oats,A,en:india,2026-05-01,ok,Open Food Facts (ODbL)
8906143620544,Jeera Khakra,prolicious,,,,446,21.0,20.4,50.6,11.9,2.8,985,,,,,,UNKNOWN,en:india,2026-04-17,ok,Open Food Facts (ODbL)
8906143890053,Unsweetened Peanut Butter,The Whole Truth,,1 serving (35 g),35.0,651,25.1,53.4,17.7,8.6,3.4,26,228,8.8,18.7,6.2,Plant-based foods and beverages; Plant-based foods; Legumes and their products; Spreads; Plant-based spreads; Oilseed purees; Legume butters; Peanut butters; en:nut-butters,A,en:india,2026-03-15,ok,Open Food Facts (ODbL)
8906143890152,Dark Chocolate Peanut Spread - Crunchy,The Whole Truth,325g,35 g,35.0,590,17.7,39.1,42.0,10.0,14.0,104,207,6.2,13.7,14.7,Plant-based foods and beverages; Plant-based foods; Legumes and their products; Spreads; Plant-based spreads; Oilseed purees; Legume butters; Peanut butters; en:nut-butters,B,en:india,2026-04-03,ok,Open Food Facts (ODbL)
8906143890213,Protein Bar,Whole Truth - Double Cocoa Mini,,1 portion (27 g),27.0,493,25.6,26.7,37.8,10.4,20.0,14,133,6.9,7.2,10.2,,UNKNOWN,en:india,2026-03-20,ok,Open Food Facts (ODbL)
8906143891289,Double Cocoa Protein Bar,The whole foods,,67 g,67.0,272,14.7,36.8,15.0,18.5,7.7,31,182,9.9,24.7,10.0,Snacks;Sweet snacks;Bars,C,en:india,2026-03-02,ok,Open Food Facts (ODbL)
8906143891548,Protein Powder,The Whole Truth,,30 g,30.0,400,50.0,6.3,35.6,2.9,24.8,,120,15.0,1.9,10.7,,UNKNOWN,en:india,2026-02-27,ok,Open Food Facts (ODbL)
8906143891654,Cocoa Whey Protein,The Whole Truth,,1 portion (35 g),35.0,397,71.1,4.3,18.3,4.3,2.6,292,139,24.9,1.5,6.4,Dairies; Whey powder; en:protein-powders,NOT-APPLICABLE,en:india,2026-04-18,ok,Open Food Facts (ODbL)
8906143891661,Whey Protein Concentrate Unflavoured,The Whole Truth,1KG,35 g,35.0,386,75.7,4.9,9.1,0.1,6.3,187,135,26.5,1.7,3.2,Whey protein; en:bodybuilding-supplements,NOT-APPLICABLE,en:india,2026-05-04,ok,Open Food Facts (ODbL)
8906143891784,Pista Badaam Whey Protein,The Whole Truth,1kg,1 serving (35 g),35.0,397,73.4,4.9,15.1,4.6,9.7,315,139,25.7,1.7,5.3,Dietary supplements,NOT-APPLICABLE,en:india,2026-05-19,ok,Open Food Facts (ODbL)
8906143891791,Mango Whey Protein,The Wholetruth,,35 g,35.0,395,70.6,4.0,19.4,4.0,12.0,147,138,24.7,1.4,6.8,,UNKNOWN,en:india,2026-05-17,ok,Open Food Facts (ODbL)
8906143891838,Protein Bar Almond Millet Cocoa,The Whole Truth,,55 g,55.0,513,23.6,28.5,40.0,8.0,23.8,40,282,13.0,15.7,22.0,,UNKNOWN,en:india,2026-03-03,ok,Open Food Facts (ODbL)
8906143892330,Cranberry Raisin Protein Bar,The While Truth,,52 g,52.0,489,23.1,26.0,41.5,6.5,25.6,25,254,12.0,13.5,21.6,,UNKNOWN,en:india,2026-03-06,ok,Open Food Facts (ODbL)
8906144490658,Cold Coffee - Hazelnut,SleepyOwl,,230ml,230.0,78,3.1,2.6,10.6,,10.0,43,179,7.1,6.0,24.4,Coffee drinks;Beverages,D,en:india,2026-04-12,ok,Open Food Facts (ODbL)
8906144490665,Cold Coffee Caramel Latte,Sleepy Owl,,,,78,3.1,2.6,10.6,,10.0,,,,,,,UNKNOWN,en:india,2026-04-13,ok,Open Food Facts (ODbL)
8906148980391,Turmeric powder,Charda Suraj,,,,291,9.7,3.2,44.4,22.7,3.2,27,,,,,Turmeric powder,NOT-APPLICABLE,en:india,2026-03-15,ok,Open Food Facts (ODbL)
8906151143073,1mg Ultra Clean Whey Protein- Hazelnut Chocolate,Tata,36 g,1 packet (36 g),36.0,366,66.7,3.9,16.1,,8.1,,132,24.0,1.4,5.8,Whey powder,UNKNOWN,en:india,2026-05-01,ok,Open Food Facts (ODbL)
8906151230391,Quinoa Puffs - Dahi Papdi Chaat,Snackible,,1 portion (35 g),35.0,423,8.3,10.1,75.2,,2.5,,148,2.9,3.5,26.3,,UNKNOWN,en:india,2026-04-23,ok,Open Food Facts (ODbL)
8906151231862,Ragi Chips,Snackible,55g,30g,30.0,540,6.0,33.0,56.7,7.3,1.0,433,162,1.8,9.9,17.0,Chips and fries,D,en:india,2026-04-05,ok,Open Food Facts (ODbL)
8906151232289,Ragi Chips Chatpata Crunch,Snackible,,1 portion (57 g),57.0,502,7.9,24.5,62.4,5.7,1.3,944,286,4.5,14.0,35.6,,UNKNOWN,en:india,2026-05-01,ok,Open Food Facts (ODbL)
8906151236607,Millet Fingers Chatpata Masala,Snackible,,1 piece (20 g),20.0,482,7.4,20.1,67.9,3.5,1.4,1192,96,1.5,4.0,13.6,,UNKNOWN,en:india,2026-04-09,ok,Open Food Facts (ODbL)
8906151991032,Strawberry Ice Cream,Camerry,,50 g,50.0,200,3.5,10.0,24.0,,21.0,20,100,1.8,5.0,12.0,,UNKNOWN,en:india,2026-04-09,ok,Open Food Facts (ODbL)
8906152240115,Punch Farsan,Shree Mahalaxmi,,,,568,10.2,39.8,42.2,,,,,,,,snacks,UNKNOWN,en:india;en:united-kingdom,2026-02-23,ok,Open Food Facts (ODbL)
8906152260885,Marie go round,Sunder,74g,39g,39.0,440,8.5,10.9,77.0,2.2,27.0,365,172,3.3,4.3,30.0,Snacks;Sweet snacks;Biscuits and cakes;Biscuits and crackers;Biscuits;Cooking helpers;Baking Mixes;Dessert mixes;Pastry helpers;Biscuit mixes,UNKNOWN,en:india;en:united-states,2026-05-10,ok,Open Food Facts (ODbL)
8906152440423,Whole Chana Besan,Floryo,500 g,30g,30.0,353,22.0,5.0,62.0,15.0,1.0,21,106,6.6,1.5,18.6,Besan,A,en:india,2026-05-07,ok,Open Food Facts (ODbL)
8906154300893,Malai Sev,Patanjali,200g,,,607,12.2,46.0,36.1,,5.0,856,,,,,Snacks,E,en:india,2026-05-17,ok,Open Food Facts (ODbL)
8906156485833,Saurashtra Peanut,Khetika,500g,,,610,22.8,49.1,14.8,8.6,5.9,9,,,,,Plant-based foods and beverages;Plant-based foods;Nuts and their products;Nuts;Peanuts,A,en:india,2026-04-10,ok,Open Food Facts (ODbL)
8906159751096,Nabati Richoco Cocoa Cream Wafer,Nabati,30 g,,,473,7.0,17.0,73.0,,34.0,190,,,,,Wafers,E,en:india,2026-05-15,ok,Open Food Facts (ODbL)
8906159751102,Nabati Pink Lava Cream Wafer Biscuits,Nabati,30 g,7.5 g,7.5,478,5.0,18.0,74.0,,32.0,214,36,0.4,1.4,5.5,Snacks; Sweet snacks; Biscuits and cakes; Biscuits and crackers; Biscuits; Wafers; en:stuffed-wafers,E,en:india,2026-05-15,ok,Open Food Facts (ODbL)
8906159751119,Nabati CocoLava Coconut Flavoured Cream Wafer Biscuits,Nabati,30 g,7.5 g,7.5,483,5.0,19.0,73.0,,24.0,263,36,0.4,1.4,5.5,Stuffed wafers,E,en:india,2026-05-15,ok,Open Food Facts (ODbL)
8906161220306,Oppa Rice Hakka Noodles,Vatsa's,150g,,,356,3.4,0.4,86.2,2.0,0.1,6,,,,,Plant-based foods and beverages;Plant-based foods;Pastas;Noodles;Rice vermicelli;Dried rice noodles;Unsalted-rice-noodles,UNKNOWN,en:india,2026-05-17,ok,Open Food Facts (ODbL)
8906161390313,Mulitgrain Mix,Let's Try,,,,519,9.9,32.9,45.8,,3.5,1261,,,,,Namkeen;snacks,E,en:india,2026-03-30,ok,Open Food Facts (ODbL)
8906161390580,Potato waffers,let's try,60g,100,,583,7.0,35.0,60.0,3.0,4.5,700,,,,,Aliments et boissons à base de végétaux;Aliments d'origine végétale;Snacks;Céréales et pommes de terre;Snacks salés;Amuse-gueules;Chips et frites;Chips;Chips de pommes de terre;en:Potato wafers;en:Pot,E,en:india,2026-05-11,ok,Open Food Facts (ODbL)
8906161390719,Roasted chana,Lets try,,1 portion (100 g),100.0,374,22.5,4.5,61.0,12.0,3.4,50,374,22.5,4.5,61.0,en:pulses,A,en:india,2026-04-01,ok,Open Food Facts (ODbL)
8906161540176,Cookie Crunch Delight,Stroom,,1 portion (63 g),63.0,407,32.1,15.7,39.9,6.4,21.9,113,256,20.2,9.9,25.1,,UNKNOWN,en:india,2026-03-24,ok,Open Food Facts (ODbL)
8906163830640,Farmley Makhana Munchies,Farmley,,1 packet (25 g),25.0,430,7.7,9.7,76.1,3.6,2.6,717,107,1.9,2.4,19.0,Snacks;Makhana,C,en:india,2026-03-25,ok,Open Food Facts (ODbL)
8906163833306,Farmley Makha Shakha Achari Stix,Farmley,,1 packet (25 g),25.0,433,7.8,9.4,77.5,3.5,2.8,697,108,1.9,2.4,19.4,,UNKNOWN,en:india,2026-03-25,ok,Open Food Facts (ODbL)
8906163834235,Makka Shaka Imli,Farmley,,,,415,10.8,10.1,66.8,6.9,4.1,729,,,,,,UNKNOWN,en:india,2026-05-12,ok,Open Food Facts (ODbL)
8906165785061,Icy Orange,Muscleblaze,,1 portion (27 g),27.0,346,74.0,0.2,12.0,,0.0,405,93,20.0,0.1,3.2,,UNKNOWN,en:india,2026-04-06,ok,Open Food Facts (ODbL)
8906165787607,Fuel One Whey,Fuel One,,40 g,40.0,386,60.0,5.5,24.0,,,521,154,24.0,2.2,9.6,,UNKNOWN,en:india,2026-04-06,ok,Open Food Facts (ODbL)
8906165788376,MuscleBlaze Biozyme Iso-Zero Low Carb Swiss Chocolate Hazelnut Flavour,MuscleBlaze,,1 scoop (33.5 g),33.5,377,80.0,3.2,7.2,,1.0,230,126,26.8,1.1,2.4,,UNKNOWN,en:india,2026-05-18,ok,Open Food Facts (ODbL)
8906165788741,Whey Max Rich Chocolate,Fuel One,,,,403,75.0,6.4,11.3,,3.3,540,,,,,,UNKNOWN,en:india,2026-05-05,ok,Open Food Facts (ODbL)
8906166360229,Un-junked Dates,Open Secret,400 grams,30g,30.0,366,1.9,5.6,77.0,6.2,47.2,1,110,0.6,1.7,23.1,Plant-based foods and beverages; Plant-based foods; Fruits and vegetables based foods; Fruits based foods; Fruits; Dates; en:pitted-dates,C,en:india,2026-03-26,ok,Open Food Facts (ODbL)
8906167241541,Plain Makhana,Whole Farm,,,,348,9.0,0.3,76.0,,,,,,,,,UNKNOWN,en:india,2026-04-26,ok,Open Food Facts (ODbL)
8906169990058,Peanut Chikki Bites,Sweet Kaaram Coffee,,100 g,100.0,530,21.3,29.0,46.0,4.8,35.6,158,530,21.3,29.0,46.0,Candies,E,en:india;en:united-states,2026-02-20,ok,Open Food Facts (ODbL)
8906169991529,Ripe Jackfruit Chips,Sweet Karam Coffee,,20g,20.0,394,4.7,6.8,78.4,9.7,46.0,4,79,0.9,1.4,15.7,Snacks,D,en:india,2026-04-21,ok,Open Food Facts (ODbL)
8906170520916,High Protein Oats,Nutrabay,,,,427,30.0,7.5,60.8,5.9,1.0,227,,,,,Oats,A,en:india,2026-03-12,ok,Open Food Facts (ODbL)
8906170521586,Pea Protein Vanilla,Nutrabay,,40 g,40.0,342,62.5,1.8,27.4,17.1,,,137,25.0,0.7,10.9,,UNKNOWN,en:india,2026-04-20,ok,Open Food Facts (ODbL)
8906170521678,Pea Protein Isolate Unflavoured,Nutrabay,,33 g,33.0,354,76.7,1.5,8.5,,2.5,1330,117,25.3,0.5,2.8,,UNKNOWN,en:india,2026-03-07,ok,Open Food Facts (ODbL)
8906170521883,Hydrolyzed Pea Protein,Nutrabay,,40 g,40.0,342,62.5,1.8,27.4,17.1,,257,137,25.0,0.7,11.0,,UNKNOWN,en:india,2026-04-28,ok,Open Food Facts (ODbL)
8906172540868,Hazelnut Mudslide Cone,Hocco,,1 cone (135 ml),135.0,256,3.3,16.4,23.4,,18.1,28,346,4.5,22.2,31.6,Ice cream cones,D,en:india,2026-04-04,ok,Open Food Facts (ODbL)
8906172544460,Guava Chilli Medium Fat Ice Cream,Huber & Holly,,1 portion (60 g),60.0,83,0.0,4.2,10.0,,9.0,23,50,0.0,2.5,6.0,,UNKNOWN,en:india,2026-03-03,ok,Open Food Facts (ODbL)
8906172545016,aamchi Mango Ice Cream,Hocco,,1 serving (120 ml),120.0,238,2.5,15.9,21.9,,21.4,39,285,3.0,19.1,26.3,ice cream,D,en:india,2026-05-01,ok,Open Food Facts (ODbL)
8906172784064,Berried in bliss overnight oats,True elements,,62 g,62.0,394,10.0,8.9,72.4,8.1,16.9,187,244,6.2,5.5,44.9,,UNKNOWN,en:india,2026-05-25,ok,Open Food Facts (ODbL)
8906173701596,Nitra Isolate Protein,Big Muscles Nutrition,,1 scoop (46 g),46.0,409,69.6,6.5,19.6,2.2,8.7,283,188,32.0,3.0,9.0,,UNKNOWN,en:india,2026-02-23,ok,Open Food Facts (ODbL)
8906174470040,Kimia Dates,Nutriwala,400g,,,287,1.8,0.2,64.7,7.3,64.7,39,,,,,Plant-based foods and beverages;Plant-based foods;Fruits and vegetables based foods;Fruits based foods;Fruits;Dates,C,en:india,2026-04-05,ok,Open Food Facts (ODbL)
8906177761084,High Protein Milk,Akshayakalpa Organic,,250g,250.0,65,10.0,0.3,5.6,0.0,5.6,44,163,25.0,0.8,14.0,Dairies;Milks (liquid and powder);Milks,UNKNOWN,en:india,2026-05-21,ok,Open Food Facts (ODbL)
8906177761329,Organic High Protein Cow Milk Elaichi,Akshayakalpa Organic,,250 m (250 ml),250.0,65,10.0,0.3,5.6,7.0,5.6,45,163,25.0,0.8,14.0,Milk,UNKNOWN,en:india,2026-05-04,ok,Open Food Facts (ODbL)
8906181810303,Metabolic Lean,Good Bug,,1 portion (8 g),8.0,355,0.0,0.0,88.8,88.0,0.8,,28,0.0,0.0,7.1,,UNKNOWN,en:india,2026-04-17,ok,Open Food Facts (ODbL)
8906182620406,Rice Paper,Master Chow,,,,218,4.5,0.5,47.5,2.5,,105,,,,,,UNKNOWN,en:india,2026-05-21,ok,Open Food Facts (ODbL)
8906183550559,Organic Virgin Avocado Oil Spray,Pure Nutrition,,1 portion (15 ml),15.0,819,0.0,91.0,0.0,,0.0,,123,0.0,13.7,0.0,,UNKNOWN,en:india,2026-02-18,ok,Open Food Facts (ODbL)
8906183920796,coconut cocoa makan,natch,,1 portion (20 g),20.0,450,5.0,15.0,70.0,,,,90,1.0,3.0,14.0,,UNKNOWN,en:india,2026-04-06,ok,Open Food Facts (ODbL)
8906185460788,Prov Select Pumpkin Seeds,,,,,628,39.4,50.3,4.3,5.6,0.0,42,,,,,,UNKNOWN,en:india,2026-04-09,ok,Open Food Facts (ODbL)
8906188400385,Roasted Rice Crackers Krispy Hopu,Kari Kari,,1 pack (15 g),15.0,453,6.0,13.3,73.3,1.3,11.3,967,68,0.9,2.0,11.0,,UNKNOWN,en:india,2026-03-22,ok,Open Food Facts (ODbL)
8906188960018,Choco Nut Cookies,UNIBIC,75 g,30 g,30.0,464,6.5,18.9,67.0,,25.6,209,139,1.9,5.7,20.1,Snacks; Sweet snacks; Biscuits and cakes; Biscuits and crackers; Biscuits; en:chocolate-biscuits,E,en:india,2026-04-28,ok,Open Food Facts (ODbL)
8906188960025,Choco Chip Cookies,UNIBIC,67.5g,,,471,5.8,19.5,68.0,,28.0,213,,,,,Snacks; Sweet snacks; Biscuits and cakes; Biscuits and crackers; Biscuits; en:chocolate-biscuits,E,en:india,2026-05-05,ok,Open Food Facts (ODbL)
8906188960162,8906188960162,unibic,,,,486,7.1,22.0,65.0,,15.8,999,,,,,Potato crackers,E,en:india;en:united-kingdom,2026-02-18,ok,Open Food Facts (ODbL)
8906189580215,Chilli Guava juice,Pluckk,250ml,250ml,250.0,60,0.0,0.0,15.0,,14.5,108,150,0.0,0.0,37.5,Juices,C,en:india,2026-04-10,ok,Open Food Facts (ODbL)
8906189580857,Freshly Frozen Grated Coconut,Pluckk,200g,,,411,6.0,38.5,10.2,9.0,4.8,6,,,,,Grated coconut,D,en:india,2026-05-08,ok,Open Food Facts (ODbL)
8906190870176,Cucumber and basil sparking mixer,Jimmy's,,,,0,0.0,0.0,0.0,,0.0,5,,,,,Cucumber and basil sparkling mixer,A,en:india,2026-04-27,ok,Open Food Facts (ODbL)
8906191630052,Millet Wafer Var,Phabulous,,1 portion (40 g),40.0,378,25.0,23.2,17.8,2.5,8.5,155,151,10.0,9.3,7.1,,UNKNOWN,en:india,2026-04-26,ok,Open Food Facts (ODbL)
8906191631349,Choco Peanut Butter Protein Bat,phab,,50 g,50.0,311,30.0,12.8,28.2,18.5,7.1,186,155,15.0,6.4,14.1,,UNKNOWN,en:india,2026-03-31,ok,Open Food Facts (ODbL)
8906191631356,Blueberry Cheesecake Protein Bar,Phab,,50 g,50.0,318,30.0,13.3,27.2,15.4,11.5,178,159,15.0,6.7,13.6,,UNKNOWN,en:india,2026-05-14,ok,Open Food Facts (ODbL)
8906195000035,Cooked Sweet Corn Kernels,FreshCon,200g,1 serving (100 g),100.0,64,1.7,1.0,12.0,,2.7,40,64,1.7,1.0,12.0,Sweet corn,B,en:india,2026-05-11,ok,Open Food Facts (ODbL)
8906197140012,White Choco Club,Minus Thirty,80ml,80 ml,80.0,371,4.4,25.2,31.8,,27.6,79,297,3.5,20.1,25.4,ice cream;Ice creams on a stick,E,en:india,2026-03-12,ok,Open Food Facts (ODbL)
8906198120051,The Priority Whey,Exalt,,30 g,30.0,372,80.0,2.0,7.1,,1.2,275,111,24.0,0.6,2.1,,UNKNOWN,en:india,2026-04-28,ok,Open Food Facts (ODbL)
8906198980426,Coffe Flavor Whey Protein Isolate+Concentrate,TrueBasics,,1 scoop (35 g),35.0,411,72.0,6.4,16.5,,3.9,214,144,25.2,2.2,5.8,Whey powder,D,en:india,2026-05-01,ok,Open Food Facts (ODbL)
8906198981652,Iso Zero Blue Tokai,MB,,33.5 g,33.5,361,80.6,2.0,5.1,,,,121,27.0,0.7,1.7,,UNKNOWN,en:india,2026-04-06,ok,Open Food Facts (ODbL)
8906198982956,Clean Whey Protein (coffee),TRUEBASICS,175 g,1 portion (35 g),35.0,411,72.0,6.4,16.5,,3.9,214,144,25.2,2.2,5.8,,UNKNOWN,en:india,2026-03-24,ok,Open Food Facts (ODbL)
8906199150156,Jeera,Sip Crush!,300 ml,200 ml,200.0,50,0.0,0.0,12.4,,12.4,330,99,0.0,0.0,24.8,,UNKNOWN,en:india,2026-05-16,ok,Open Food Facts (ODbL)
8906199680257,Whey Protein Isolate (Chocolate),The Func Lab,1 kg,1 portion (35 g),35.0,374,82.9,1.7,6.3,1.1,0.0,317,131,29.0,0.6,2.2,,UNKNOWN,en:india,2026-05-21,ok,Open Food Facts (ODbL)
8906199680554,Chocolate Protein Powder,The Func Lab,35 g,1 portion (35 g),35.0,394,71.4,6.3,12.9,2.6,0.0,348,138,25.0,2.2,4.5,,UNKNOWN,en:india,2026-05-23,ok,Open Food Facts (ODbL)
8906199680608,Vanilla Whey Protein Isolate,The Func. Lab,,35 g,35.0,370,85.7,1.1,5.4,,,,130,30.0,0.4,1.9,,UNKNOWN,en:india,2026-02-19,ok,Open Food Facts (ODbL)
8906199680615,Whey Protein Isolate Coffee,The Func. Lab,35 g,35 g,35.0,371,85.7,1.1,6.0,,,273,130,30.0,0.4,2.1,Protein Powders,NOT-APPLICABLE,en:india,2026-04-05,ok,Open Food Facts (ODbL)
8906199680905,Whey Protein Isolate (Unflavoured),The Func Lab,140 g,1 portion (35 g),35.0,374,85.7,0.0,2.9,2.9,0.0,154,131,30.0,0.0,1.0,,UNKNOWN,en:india,2026-05-08,ok,Open Food Facts (ODbL)
8906210070005,Protein Laddoos Peanut Cranberry,Eat Better Co,,1 portion (44 g),44.0,455,22.7,18.2,45.5,,,66,200,10.0,8.0,20.0,snacks,UNKNOWN,en:india,2026-04-29,ok,Open Food Facts (ODbL)
8907003508859,Thattai,A2B,200 g,,,507,10.0,27.0,56.0,,0.0,633,,,,,Snacks; Snacks salés; Amuse-gueules; Chips et frites; Chips,E,en:france;en:india,2026-03-26,ok,Open Food Facts (ODbL)
8907316003973,Tamarin Paste,Mother's Recipe,200 g,15g,15.0,99,1.2,0.2,23.0,,15.5,4910,15,0.2,0.0,3.5,Tamarind paste,E,en:india,2026-05-16,ok,Open Food Facts (ODbL)
8907459000365,Kopiko,Kopiko,,,,457,1.4,11.4,65.7,,65.7,157,,,,,Snacks;Sweet snacks;Confectioneries;Candies,E,en:canada;en:india,2026-04-01,ok,Open Food Facts (ODbL)
8907848000075,Standardized Milk,Vijaya Telangana,500ml,,,35,3.3,0.2,5.0,0.0,4.9,43,,,,,Milk,B,en:india,2026-05-02,ok,Open Food Facts (ODbL)
8908000117044,PARIVAAR PREMIUM LOKWAN WHEAT 10 KG,,10kg,,,340,9.6,1.5,68.6,6.8,1.6,2,,,,,Wheat,A,en:india,2026-05-06,ok,Open Food Facts (ODbL)
8908000295186,Mukharochak chira bhaja,mukharochak,200,,,607,11.0,38.0,48.0,0.0,3.0,243,,,,,,UNKNOWN,en:india,2026-03-20,ok,Open Food Facts (ODbL)
8908000581050,Samba Wheat Rava,SVS,500 g,,,317,9.0,1.7,65.6,1.8,1.6,2,,,,,Wheat Rava,UNKNOWN,en:india,2026-05-21,ok,Open Food Facts (ODbL)
8908000682085,Kaycee English Lime & Lemon,Kaycee English,200ml,,,16,0.0,0.0,3.9,0.0,3.9,0,,,,,Beverages and beverages preparations; Beverages; en:sodas,D,en:india,2026-05-04,ok,Open Food Facts (ODbL)
8908000682788,Jeera Masala Soda,Kaycee,200 ml,200ml,200.0,8,0.0,0.0,2.0,0.0,2.0,170,16,0.0,0.0,4.0,Beverages and beverages preparations;Beverages;Carbonated drinks,B,en:india,2026-05-16,ok,Open Food Facts (ODbL)
8908000703018,Oxycool,,,,,0,0.0,0.0,0.0,0.0,0.0,0,,,,,Waters,B,en:india;en:united-kingdom,2026-04-12,ok,Open Food Facts (ODbL)
8908000794023,Pasteurised full cream milk,Gokul,,100ml,100.0,92,3.6,6.5,4.8,0.0,4.8,0,92,3.6,6.5,4.8,Pasteurised full cream milk; en:whole-milks,D,en:india;en:united-kingdom,2026-03-27,ok,Open Food Facts (ODbL)
8908001017855,Peri Peri Nacho Crisps,Cornitos,150g,28g,28.0,479,7.1,21.4,67.9,3.6,3.6,671,134,2.0,6.0,19.0,Snacks;Salty snacks;Appetizers;Chips and fries;Crisps;Corn chips,D,en:india,2026-02-21,ok,Open Food Facts (ODbL)
8908001193016,Milk Sweet Bun,ALLWIN,37 g,,,320,9.8,6.7,82.9,0.1,,,,,,,Milk Sweet Bun,UNKNOWN,en:india,2026-04-01,ok,Open Food Facts (ODbL)
8908001246057,Corn Rings Tangy Tomato,Crax,12g,12g,12.0,501,4.6,25.7,62.8,,8.0,1656,60,0.6,3.1,7.5,Snacks,E,en:india,2026-03-18,ok,Open Food Facts (ODbL)
8908001246729,Natkhat Classic,Crax,82g,20g,20.0,92,1.9,3.2,14.0,,0.4,213000,18,0.4,0.6,2.8,Snacks;Salty snacks;Appetizers;Puffed salty snacks;Puffs,E,en:india,2026-04-17,ok,Open Food Facts (ODbL)
8908001375894,Almond Buckwheat Cookies,Nourish Organics,120 g,1 Twin Pack (24 g),24.0,542,14.2,32.8,47.4,10.0,22.6,156,130,3.4,7.9,11.4,,UNKNOWN,en:india,2026-03-19,ok,Open Food Facts (ODbL)
8908001588355,Half Cooked Whole Wheat Parota,Asal,,90g,90.0,326,11.0,15.2,36.2,4.6,0.0,250,293,9.9,13.7,32.6,Plant-based foods and beverages;Plant-based foods;Cereals and potatoes;Cereals and their products;Breads,D,en:india,2026-05-21,ok,Open Food Facts (ODbL)
8908001588560,Wheat Chapati,Asal,200 g,33 g,33.0,276,8.5,4.2,50.9,19.1,0.0,650,91,2.8,1.4,16.8,Plant-based foods and beverages;Plant-based foods;Cereals and potatoes;Breads;Frozen chapatis,A,en:india,2026-03-17,ok,Open Food Facts (ODbL)
8908001631082,Fresh Curd,Aroma,,1 portion (100 g),100.0,47,3.0,1.5,5.3,0.0,5.3,45,47,3.0,1.5,5.3,,UNKNOWN,en:india,2026-03-05,ok,Open Food Facts (ODbL)
8908001658034,Ocean Fruit drink pink guava fruit flavour,Ocean,500ml,,,42,0.5,0.0,10.0,,10.0,5,,,,,Beverages,E,en:india,2026-03-21,ok,Open Food Facts (ODbL)
8908001658041,Ocean Fruit drink Peach passion fruit flavour 500ml,O'cean,5,500 ml,500.0,42,0.5,0.0,10.0,,10.0,5,210,2.5,0.0,50.0,Energy drink without sugar and with artificial sweeteners,E,en:india,2026-03-28,ok,Open Food Facts (ODbL)
8908001927116,Tofu,Bio Nutrients Pure Diet,200 g,100 g,100.0,136,16.5,6.0,8.0,,0.0,,136,16.5,6.0,8.0,Aliments et boissons à base de végétaux; Aliments d'origine végétale; Légumineuses et dérivés; Alternatives à la viande; Tofu; Tofu nature,UNKNOWN,en:india,2026-05-10,ok,Open Food Facts (ODbL)
8908002557824,Alphonso Mango Crush,Pulpy Tree,,,,282,0.1,0.0,73.0,,72.0,,,,,,beverage preparations,UNKNOWN,en:india,2026-05-19,ok,Open Food Facts (ODbL)
8908002584165,Tea,Lasa Lamsa,,,,116,20.0,0.0,5.0,0.0,0.0,0,,,,,Beverages and beverages preparations;Plant-based foods and beverages;Beverages;Hot beverages;Plant-based beverages;Teas,UNKNOWN,en:india,2026-05-09,ok,Open Food Facts (ODbL)
8908002753004,Mishti Doi,Red Cow Dairy,400g,100 g,100.0,155,4.2,4.5,24.5,,18.0,58,155,4.2,4.5,24.5,Dairies; Fermented foods; Desserts; Fermented milk products; Dairy desserts; Fermented dairy desserts; Yogurts; Flavoured fermented dairy desserts; Flavoured yogurts,C,en:india,2026-03-12,ok,Open Food Facts (ODbL)
8908002854701,Soya Crunchies,Promunch,,1 bag (30 g),30.0,382,47.7,6.7,32.7,16.0,12.3,1251,115,14.3,2.0,9.8,Snacks,E,en:india,2026-04-11,ok,Open Food Facts (ODbL)
8908003059129,murli soyabean oil 1ltr,,,,,362,12.2,1.9,74.0,12.0,4.6,2,,,,,Soybean oils,A,en:india;en:united-states,2026-03-09,ok,Open Food Facts (ODbL)
8908003115818,Osmania biscuits,Karachi Bakery,,1 portion (55 g),55.0,473,5.5,21.8,65.5,3.6,9.1,400,260,3.0,12.0,36.0,en:biscuits,E,en:india;en:united-states,2026-03-29,ok,Open Food Facts (ODbL)
8908003249032,Organic Cow Milk,Akshayakalpa Organic,500ml,100ml,100.0,62,3.3,3.5,4.2,0.0,4.2,48,62,3.3,3.5,4.2,Dairies;Milks (liquid and powder);Milks,C,en:india,2026-05-21,ok,Open Food Facts (ODbL)
8908003249070,Akshayakalpa Malai Paneer,Akshayakalpa Organic,200 g,100 g,100.0,300,20.5,24.0,0.5,,,16,300,20.5,24.0,0.5,Dairies;Fermented foods;Fermented milk products;Cheeses;Paneer,UNKNOWN,en:india,2026-05-21,ok,Open Food Facts (ODbL)
8908003249339,Organic Set Curd,Akshayakalpa,,,,72,3.9,3.6,5.8,,5.8,48,,,,,,UNKNOWN,en:india,2026-02-21,ok,Open Food Facts (ODbL)
8908003249391,Organic Cow Milk Pasteurized,Akshayakalpa Organic,500 ml,100ml,100.0,63,3.2,3.6,4.4,0.0,4.4,42,63,3.2,3.6,4.4,Dairies;Milks (liquid and powder);Milks,C,en:india,2026-04-05,ok,Open Food Facts (ODbL)
8908003249414,Greek yogurt,Akshayakalpa Organic,100g,100g,100.0,93,6.1,3.5,10.2,0.0,7.1,45,93,6.1,3.5,10.2,Dairies;Fermented foods;Fermented milk products;Desserts;Dairy desserts;Fermented dairy desserts;Yogurts;Greek-style yogurts,C,en:india,2026-05-21,ok,Open Food Facts (ODbL)
8908003249469,spiced buttermilk,Akshayakalpa Organic,200ml,100ml,100.0,25,1.4,0.8,2.8,0.0,0.0,26,25,1.4,0.8,2.8,Dairies;Fermented foods;Fermented milk products;Buttermilks,A,en:india,2026-05-21,ok,Open Food Facts (ODbL)
8908003249490,Probiotic Buttermilk,Akshayakalpa Organic,180ml,100 ml,100.0,28,1.4,1.3,2.8,,2.8,227,28,1.4,1.3,2.8,Dairies;Fermented foods;Fermented milk products;Buttermilks,B,en:india,2026-05-21,ok,Open Food Facts (ODbL)
8908003249728,Milk Organic,Akshayakalpa Organic,1L,100 ml,100.0,63,3.2,3.4,4.7,0.0,4.7,49,63,3.2,3.4,4.7,Dairies;Milks (liquid and powder);Milks;Homogenized milks;Pasteurised products;UHT Milks,C,en:india,2026-05-21,ok,Open Food Facts (ODbL)
8908003249759,Organic Slim Milk,Akshayakalpa,,100 ml (100 ml),100.0,34,3.3,0.3,4.5,,4.5,40,34,3.3,0.3,4.5,,UNKNOWN,en:india,2026-04-18,ok,Open Food Facts (ODbL)
8908003249834,Organic Plain Buttermilk,Akshayakalpa Organic,,,,28,1.4,1.2,2.8,,2.4,264,,,,,Dairies;Fermented foods;Fermented milk products;Buttermilks,C,en:india,2026-04-20,ok,Open Food Facts (ODbL)
8908003249926,Ghee,Akshayakalpa Organic,1L,20g,20.0,897,0.0,99.7,0.0,0.0,0.0,0,179,0.0,19.9,0.0,Fats;Animal fats;Butter fat;Clarified butter;Ghee,E,en:india,2026-05-21,ok,Open Food Facts (ODbL)
8908004010822,"Karachi'S Fruit Biscuits, Karachi'S Fruit",Karachi Bakery,4 Pieces,4 Pieces (64 g),64.0,320,4.0,15.0,42.0,3.0,12.0,50,205,2.6,9.6,26.9,Fruit biscuits; Biscuits and crackers; Biscuits,D,en:france;en:india;en:world,2026-03-26,ok,Open Food Facts (ODbL)
8908004415177,MARCO CRUNCHY PEANUT BUTTER,Marco,410 g,32 g,32.0,209,8.0,17.0,6.0,1.0,2.0,65,67,2.6,5.4,1.9,Plant-based foods and beverages; Plant-based foods; Legumes and their products; Spreads; Nuts and their products; Plant-based spreads; Oilseed purees; Legume butters; Nut butters; Peanut butters,B,en:france;en:india;en:morocco;en:spain,2026-03-14,ok,Open Food Facts (ODbL)
8908004646571,Swirlicious Creme Strawberry Wafer Rolls,Maddox,,1 stick (9 g),9.0,477,5.3,16.5,76.7,,50.3,,43,0.5,1.5,6.9,,UNKNOWN,en:india,2026-04-21,ok,Open Food Facts (ODbL)
8908004740057,Potato chips Star,,14g,,,541,6.3,32.2,56.6,4.1,3.6,,,,,,Aliments et boissons à base de végétaux;Aliments d'origine végétale;Snacks;Céréales et pommes de terre;Snacks salés;Amuse-gueules;Chips et frites;Chips;Chips de pommes de terre,UNKNOWN,en:india,2026-03-31,ok,Open Food Facts (ODbL)
8908004802755,Basmati Rice,Amritsar Land,25kg,100g,100.0,351,7.7,0.8,77.8,0.9,0.2,6,351,7.7,0.8,77.8,food,UNKNOWN,en:india,2026-03-10,ok,Open Food Facts (ODbL)
8908005144076,Multigrain Energy Bar,Yoga Bar,38 g,1 serving (35 g),35.0,429,13.1,18.9,57.1,9.1,24.3,,150,4.6,6.6,20.0,Dietary supplements; Bodybuilding supplements; Protein bars; en:energy-bars,NOT-APPLICABLE,en:india,2026-03-02,ok,Open Food Facts (ODbL)
8908005144359,Breakfast protein bar,Yoga Bar,45g,1 serving (45 g),45.0,369,12.2,8.0,67.1,9.8,16.2,272,166,5.5,3.6,30.2,Snacks; Sweet snacks; Bars; Dietary supplements; Bodybuilding supplements; Energy bars; Protein bars; Protein Energy Bars; en:cereal-bars,NOT-APPLICABLE,en:india,2026-03-28,ok,Open Food Facts (ODbL)
8908005144366,Breakfast Protein Bar Apricot Fig,Yoga Bar,50g,45 g,45.0,400,12.4,12.0,65.1,9.1,27.3,280,180,5.6,5.4,29.3,Snacks; Sweet snacks; Bars; Dietary supplements; Bodybuilding supplements; Energy bars; Protein bars; Protein Energy Bars; en:cereal-bars,NOT-APPLICABLE,en:india,2026-05-02,ok,Open Food Facts (ODbL)
8908005144618,Yoga Bar Super Muesli 0% Added Sugar,Yoga Bar,400g,1 serving (40 g),40.0,370,15.0,10.5,60.0,15.1,0.0,53,148,6.0,4.2,24.0,Plant-based foods and beverages; Plant-based foods; Breakfasts; Cereals and potatoes; Cereals and their products; Breakfast cereals; en:mueslis,A,en:india,2026-03-11,ok,Open Food Facts (ODbL)
8908005144632,Muesli dark chocolate cranberry,Yoga bar,400,50.0g,50.0,437,12.3,13.3,67.0,9.4,6.7,91,218,6.2,6.7,33.5,Plant-based foods and beverages;Plant-based foods;Breakfasts;Cereals and potatoes;Cereals and their products;Breakfast cereals;Mueslis,C,en:india,2026-04-04,ok,Open Food Facts (ODbL)
8908005469001,Honey Twigs,Himalayan Multi floral Honey,,1 portion (8 g),8.0,325,0.0,0.0,81.2,,77.6,17,26,0.0,0.0,6.5,,UNKNOWN,en:india,2026-03-03,ok,Open Food Facts (ODbL)
8908005469544,Honey Ginger Tube,Honey Twigs,,1 portion (8 g),8.0,326,0.0,0.0,81.5,,77.1,14,26,0.0,0.0,6.5,,UNKNOWN,en:india,2026-05-23,ok,Open Food Facts (ODbL)
8908005658214,Plain Dahi,Osam,,250 g,250.0,65,3.6,3.0,5.2,,,,162,9.0,7.5,13.0,Dairies; Fermented foods; Desserts; Fermented milk products; Dairy desserts; Fermented dairy desserts; Yogurts,UNKNOWN,en:india,2026-03-12,ok,Open Food Facts (ODbL)
8908005733461,Soy - Coconut Curd,White Cub,450g,,,53,5.7,3.0,0.8,0.0,0.0,0,,,,,Fermented foods;Curd;Soy-coconut-curd;Vegan-curd;Non-dairy yogurts;Soy curd,A,en:india,2026-03-12,ok,Open Food Facts (ODbL)
8908005767541,Ginger Garlic Paste,Kitchen Treasures,100 g,,,43,1.9,0.4,6.6,2.5,0.7,983,,,,,condiments,D,en:india,2026-04-23,ok,Open Food Facts (ODbL)
8908006061099,Cow Milk Dahi Low Fat,SARDA Farms,400 g,100 g,100.0,50,3.2,2.0,4.8,,4.8,28,50,3.2,2.0,4.8,Dairies; Fermented foods; Desserts; Fermented milk products; Dairy desserts; Fermented dairy desserts; Yogurts; Cow milk yogurts,B,en:india,2026-03-12,ok,Open Food Facts (ODbL)
8908006217090,Millet Pancake,Slurrp farm,,100.0g,100.0,383,8.1,3.6,79.7,6.0,,,383,8.1,3.6,79.7,Food;Pancakes,UNKNOWN,en:india,2026-03-13,ok,Open Food Facts (ODbL)
8908006461004,Amba Bhadang,AB,220g,,,553,8.0,33.0,56.0,2.2,6.0,380,,,,,snacks,D,en:india,2026-02-23,ok,Open Food Facts (ODbL)
8908006628216,Quattro Formaggi,Nutoras,,25 g,25.0,364,22.8,28.1,5.0,,3.8,536,91,5.7,7.0,1.2,,UNKNOWN,en:india,2026-04-22,ok,Open Food Facts (ODbL)
8908006628483,Sour Cream,Nutoras,,25g,25.0,493,2.1,51.5,5.3,,3.5,26,123,0.5,12.9,1.3,Sour creams,E,en:india,2026-03-15,ok,Open Food Facts (ODbL)
8908006646135,Black Salt Roasted Makhana,Mr Makhana,,1 bag (25 g),25.0,356,8.0,20.0,40.0,4.0,0.0,208,89,2.0,5.0,10.0,,UNKNOWN,en:india,2026-03-04,ok,Open Food Facts (ODbL)
8908006646265,Mr Makhana Lime & Chilli Popped Lotus Seeds,Mr Makhana,,25g,25.0,520,8.0,28.0,56.0,4.0,,152,130,2.0,7.0,14.0,Plant-based foods and beverages;Plant-based foods;Nuts and their products;Nuts,UNKNOWN,en:canada;en:india,2026-04-01,ok,Open Food Facts (ODbL)
8908006989539,Protein Bar Cocoa Dry Fruit,Nutritius,,63gm,63.0,495,14.0,29.0,45.0,,,,312,8.8,18.3,28.4,Dietary supplements;Bodybuilding supplements;Protein bars;Food,NOT-APPLICABLE,en:india,2026-04-24,ok,Open Food Facts (ODbL)
8908007022044,Hot Sauce,Habanero,100 gm,,,60,1.4,2.0,8.7,,,,,,,,Sauces,UNKNOWN,en:india,2026-03-05,ok,Open Food Facts (ODbL)
8908007029135,Burger Buns,English Oven,,1 portion (100 g),100.0,274,8.9,2.2,53.2,2.9,7.1,387,274,8.9,2.2,53.2,,UNKNOWN,en:india,2026-04-17,ok,Open Food Facts (ODbL)
8908008674785,Wafer richeese,Nabati,,1 serving (2 wafers) (7 g),7.0,483,6.0,20.0,71.0,,33.0,512,34,0.4,1.4,5.0,en:biscuits,E,en:india,2026-02-27,ok,Open Food Facts (ODbL)
8908008674808,Wafer,Nabati,28 g,,,473,7.0,17.0,73.0,,34.0,190,,,,,Snacks;Snacks sucrés;Biscuits et gâteaux;Biscuits sucrés & biscuits apéritifs;Biscuits;Gaufrettes;Biscuits au chocolat;Gaufrettes fourrées,E,en:india,2026-04-26,ok,Open Food Facts (ODbL)
8908009059185,Zero Maida Whole Wheat Bread,The Health Factory,350g,1 slice (27 g),27.0,241,13.4,1.3,44.0,6.3,4.1,341,65,3.6,0.4,11.9,bread,A,en:india,2026-04-21,ok,Open Food Facts (ODbL)
8908009059291,Zero Maida Pizza Base,The Health Factory,140g,1 portion (70 g),70.0,240,13.4,1.3,43.5,6.4,4.1,331,168,9.4,0.9,30.5,Raw pizza base,A,en:india,2026-02-23,ok,Open Food Facts (ODbL)
8908009059314,Garlic Bread,The Health Factory,,100 g,100.0,246,12.7,2.5,43.8,,4.1,,246,12.7,2.5,43.8,,UNKNOWN,en:india,2026-02-23,ok,Open Food Facts (ODbL)
8908009059321,Zero Maida Super Multi Grain Bread,The Health Factory,375g,2 slices (58 g),58.0,241,13.1,1.6,43.6,6.9,4.0,366,140,7.6,0.9,25.3,Breads;Multigrain sliced breads,A,en:india,2026-04-28,ok,Open Food Facts (ODbL)
8908009059345,Zero Maida Kulcha Bread,The Health Factory,210 g,1 kulcha (70 g),70.0,244,12.7,2.7,42.8,6.3,4.0,377,171,8.9,1.9,30.0,Plant-based foods and beverages;Plant-based foods;Cereals and potatoes;Cereals and their products;Breads,A,en:india,2026-04-22,ok,Open Food Facts (ODbL)
8908009059413,Zero Maida Sourdough Rye Bread,The Health Factory,,2 slices (60 g),60.0,264,8.0,2.7,51.9,11.1,2.7,372,158,4.8,1.6,31.1,,UNKNOWN,en:india,2026-05-01,ok,Open Food Facts (ODbL)
8908009059437,Zero Maida Rusk Classic Milk,The Health Factory,80g,,,443,14.4,7.6,78.4,9.4,10.3,480,,,,,Wheat rusk slices,D,en:india,2026-05-19,ok,Open Food Facts (ODbL)
8908009059505,Multigrain Low GI Bread,The Health Factory,,50 g,50.0,265,13.1,4.8,42.3,9.7,2.9,460,133,6.6,2.4,21.1,,UNKNOWN,en:india,2026-03-28,ok,Open Food Facts (ODbL)
8908009059574,Super Protein Bread,The Health Factory,,56 g,56.0,266,20.6,4.9,39.4,6.0,1.7,390,149,11.5,2.8,22.1,,UNKNOWN,en:india,2026-04-14,ok,Open Food Facts (ODbL)
8908009059598,RuskPops (Cinnamon Rush),The Heath Factory,,,,401,11.6,2.8,82.2,9.7,13.7,369,,,,,,UNKNOWN,en:india,2026-04-11,ok,Open Food Facts (ODbL)
8908009059710,Zero Maida Atta Bread,The Health Factory,,2 slices (54 g),54.0,241,13.4,1.3,44.0,6.3,4.1,341,130,7.2,0.7,23.7,,UNKNOWN,en:india,2026-05-09,ok,Open Food Facts (ODbL)
8908009477712,Magnesium Glycinate,Healthy Hey,,0.73g,0.7,0,0.0,0.0,0.0,,0.0,0,0,0.0,0.0,0.0,Dietary supplements,NOT-APPLICABLE,en:india,2026-02-23,ok,Open Food Facts (ODbL)
8908009587114,Roasted muesli super seeds,The Rooted co,,,,488,13.3,21.8,59.6,16.4,14.2,,,,,,Plant-based foods and beverages;Plant-based foods;Breakfasts;Cereals and potatoes;Cereals and their products;Breakfast cereals;Mueslis,UNKNOWN,en:india;en:united-states,2026-03-04,ok,Open Food Facts (ODbL)
8908010609959,Thai Rice Chips Vegan Cheddar,natch,,1 portion (20 g),20.0,454,4.7,9.4,83.6,,,,91,0.9,1.9,16.7,,UNKNOWN,en:india,2026-04-07,ok,Open Food Facts (ODbL)
8908010875408,Guava Drink,,,,,60,0.1,0.0,15.6,,7.4,,,,,,beverages,UNKNOWN,en:india,2026-03-29,ok,Open Food Facts (ODbL)
8908010900049,Peanut Butter,Pintola,350 g,32 g,32.0,639,30.0,49.0,18.0,9.0,3.0,19,204,9.6,15.7,5.8,Plant-based foods and beverages;Plant-based foods;Legumes and their products;Spreads;Plant-based spreads;Oilseed purees;Legume butters;Peanut butters,A,en:india,2026-03-07,ok,Open Food Facts (ODbL)
8908010900063,Peanut Butter All Natural Creamy Unsweetened,Pintola,1 kg,1 serving (30 g),30.0,639,30.0,49.0,18.0,9.0,3.0,19,192,9.0,14.7,5.4,Växtbaserad mat och dryck; Växtbaserad mat; en:Legumes and their products; Bredbara pålägg; en:Nuts and their products; en:Plant-based spreads; en:Oilseed purees; en:Legume butters; en:Nut butters; Jo,A,en:india;en:nepal,2026-05-07,ok,Open Food Facts (ODbL)
8908010900148,Pintola Peanut Butter,Pintola,350 g,,,605,26.0,44.6,22.0,7.2,9.0,280,,,,,peanut butter,C,en:india,2026-03-03,ok,Open Food Facts (ODbL)
8908010900209,Dark chocolate peanut butter creamy,Pintola,350 g,100 g,100.0,580,18.6,40.0,36.4,5.2,19.0,8,580,18.6,40.0,36.4,Plant-based foods and beverages; Plant-based foods; Legumes and their products; Spreads; Plant-based spreads; Oilseed purees; Legume butters; Peanut butters; en:confectioneries,UNKNOWN,en:india;en:united-states,2026-04-01,ok,Open Food Facts (ODbL)
8908010900216,PEANUT BUTTER,Pintola,350g,,,580,18.6,40.0,36.4,5.2,19.0,15,,,,,Plant-based foods and beverages; Plant-based foods; Legumes and their products; Spreads; Nuts and their products; Plant-based spreads; Oilseed purees; Legume butters; Nut butters; Peanut butters; Crun,C,en:india;en:united-states,2026-03-27,ok,Open Food Facts (ODbL)
8908010900636,Pintola Wholegrain brown rice cakes unsalted,Pintola,,,,378,7.9,2.2,81.0,7.1,0.0,0,,,,,Rice cake; en:puffed-rice-cakes,A,en:india,2026-05-18,ok,Open Food Facts (ODbL)
8908012126829,Prunes,Bazana,210g,,,279,4.1,0.4,64.7,9.0,12.1,294,,,,,Prunes,A,en:india,2026-05-08,ok,Open Food Facts (ODbL)
8908012471004,Indian tonic water,Sepoy & Co.,,,,22,0.0,0.0,5.4,0.0,4.8,,,,,,Beverages and beverages preparations;Beverages;Carbonated drinks;Sodas;Tonic water,UNKNOWN,en:india;en:united-kingdom,2026-03-27,ok,Open Food Facts (ODbL)
8908012692546,Daily Fiber,Wellbeing Nutrition,,8 g,8.0,366,0.4,0.8,89.5,87.8,1.8,291,29,0.0,0.1,7.2,,UNKNOWN,en:india,2026-04-13,ok,Open Food Facts (ODbL)
8908012945598,Red Lentil Spaghetti / Noodles,Pink Harvest Farms,,50g,50.0,333,23.0,1.0,58.0,15.0,2.0,0,166,11.5,0.5,29.0,noodles,A,en:india,2026-05-04,ok,Open Food Facts (ODbL)
8908012945765,Edamame Rice,Pink Harvest,,1 portion (100 g),100.0,354,43.0,2.0,41.0,20.0,3.0,398,354,43.0,2.0,41.0,,UNKNOWN,en:india,2026-04-07,ok,Open Food Facts (ODbL)
8908012945833,Plant Protein Sachet,Pink Harvest Farms,,1 portion (36 g),36.0,297,58.3,5.6,8.3,5.6,0.3,,107,21.0,2.0,3.0,,UNKNOWN,en:india,2026-05-16,ok,Open Food Facts (ODbL)
8908012987178,TruNativ Raw Whey Isolate Unflavored,TruNativ,907 g,1 Scoop (35 g),35.0,377,86.9,2.0,3.1,,0.0,256,132,30.4,0.7,1.1,Whey powder,A,en:india,2026-05-06,ok,Open Food Facts (ODbL)
8908012987574,Whey Protein Blend Pro Strawberry,Trunative,,36 g,36.0,384,73.2,4.9,11.7,,5.1,264,138,26.4,1.8,4.2,,UNKNOWN,en:india,2026-04-27,ok,Open Food Facts (ODbL)
8908012987741,Whey Coffee Mocha,Trunativ,,36 g,36.0,363,72.4,4.2,8.9,,3.5,252,131,26.1,1.5,3.2,,UNKNOWN,en:india,2026-04-22,ok,Open Food Facts (ODbL)
8908012987895,ProBlend Whey Protein,Trunativ,,36 g,36.0,406,72.2,6.1,13.9,,6.1,264,146,26.0,2.2,5.0,Whey powder,D,en:india,2026-05-01,ok,Open Food Facts (ODbL)
8908013080182,Organic coconut milk,Coco Mama,,100 ml,100.0,180,1.5,18.0,3.0,1.0,1.5,20,180,1.5,18.0,3.0,,UNKNOWN,en:india,2026-04-22,ok,Open Food Facts (ODbL)
8908013140459,Sparkling Water,Jimmy's,600ml,,,0,0.0,0.0,0.0,,0.0,50,,,,,Sparkling waters,B,en:india,2026-04-12,ok,Open Food Facts (ODbL)
8908013172214,Chocolate Brownie 21g Protein Bar,Phab,,65 g,65.0,381,32.3,11.7,42.5,12.2,13.2,223,247,21.0,7.6,27.6,,UNKNOWN,en:india,2026-05-14,ok,Open Food Facts (ODbL)
8908013172887,Protein Milkshake,Phab,,1 portion (200 ml),200.0,67,9.0,2.0,3.7,1.2,0.9,75,134,18.0,4.1,7.4,,UNKNOWN,en:india,2026-04-14,ok,Open Food Facts (ODbL)
8908013252015,Crunchy Granola,Fit & Flex,275g,,,457,5.7,14.6,76.3,7.1,26.3,100,,,,,Plant-based foods and beverages;Plant-based foods;Breakfasts;Cereals and potatoes;Cereals and their products;Breakfast cereals;Mueslis,D,en:india;en:united-states,2026-03-04,ok,Open Food Facts (ODbL)
8908013252596,Power oats choco peanut butter 400gm Fit & Flex,Fit and Flex,,40 g,40.0,475,18.0,20.0,60.0,11.0,5.0,,190,7.2,8.0,24.0,,UNKNOWN,en:india,2026-04-25,ok,Open Food Facts (ODbL)
8908013479122,Peanut Butter Protein Bar,The Whole Truth,52g,52 g,52.0,498,25.0,27.7,36.9,8.5,23.8,27,259,13.0,14.4,19.2,Protein bars,NOT-APPLICABLE,en:india,2026-03-14,ok,Open Food Facts (ODbL)
8908013479146,The whole truth peanut cocoa,The whole truth,,52 g,52.0,471,28.8,21.2,41.0,4.8,24.0,11,245,15.0,11.0,21.3,Bars,D,en:france;en:india,2026-03-30,ok,Open Food Facts (ODbL)
8908013479368,Coffee cocoa mini,The whole truth,,1 serving (27 g),27.0,128,7.4,6.4,10.1,2.8,6.1,11,34,2.0,1.7,2.7,,UNKNOWN,en:india,2026-03-20,ok,Open Food Facts (ODbL)
8908013479436,Cocoa Cranberry Fudge,The Whole Truth,,1 portion (40 g),40.0,488,12.5,25.5,52.0,9.0,25.0,11,195,5.0,10.2,20.8,en:energy-bars,NOT-APPLICABLE,en:india,2026-03-22,ok,Open Food Facts (ODbL)
8908013735365,Instant China Grass (Vanilla Flavour),FiveStar,,1 portion (20 g),20.0,395,1.9,0.3,95.0,,95.0,11,79,0.4,0.1,19.0,,UNKNOWN,en:india,2026-03-19,ok,Open Food Facts (ODbL)
8908013982912,LAHORI Zeera,LAHORI ZEERA,2 Litre,,,47,0.2,0.0,11.8,,11.8,173,,,,,Drink,E,en:india,2026-05-17,ok,Open Food Facts (ODbL)
8908014167004,Naagin indian hot sauce,Naagin,,,,140,1.8,4.7,22.4,,13.2,177,,,,,Condiments;Sauces;Hot sauces,C,en:france;en:india,2026-03-26,ok,Open Food Facts (ODbL)
8908014480073,Bovonto,NL KALIS SPARKLING WATER,500ml,,,68,0.0,0.0,17.0,0.0,17.0,,,,,,Carbonated drinks,UNKNOWN,en:india,2026-03-03,ok,Open Food Facts (ODbL)
8908014480080,Bovonto,Kali Mark,1.5 l,250ml,250.0,44,0.0,0.0,11.0,0.0,11.0,2480,110,0.0,0.0,27.5,Beverages and beverages preparations;Beverages;Carbonated drinks;Sodas,C,en:india,2026-03-09,ok,Open Food Facts (ODbL)
8908014602109,Ice Pops (Lemon Flavour),SKIPPI,,1 portion (32 g),32.0,85,0.0,0.0,21.0,,21.0,15,27,0.0,0.0,6.7,,UNKNOWN,en:india,2026-04-29,ok,Open Food Facts (ODbL)
8908014665029,French Yogurt Blueberry,Mamie Yova,90g,90g,90.0,87,2.9,1.1,16.9,,16.8,87,78,2.6,1.0,15.2,Dairies; Fermented foods; Desserts; Fermented milk products; Dairy desserts; Fermented dairy desserts; Fermented dairy desserts with fruits; Yogurts; Fruit yogurts,C,en:india,2026-03-12,ok,Open Food Facts (ODbL)
8908014665258,French Yogurt Strawberry,Mamie Yova,400g,,,103,3.0,3.1,15.7,,9.4,40,,,,,Dairies;Fermented foods;Fermented milk products;Desserts;Dairy desserts;Fermented dairy desserts;Fermented dairy desserts with fruits;Yogurts;Fruit yogurts,C,en:india,2026-03-12,ok,Open Food Facts (ODbL)
8908014665289,French Yogurt,Mamie Yova,400g,,,52,3.4,1.1,6.3,,4.2,59,,,,,Dairies; Fermented foods; Desserts; Fermented milk products; Dairy desserts; Fermented dairy desserts; Yogurts,B,en:india,2026-03-12,ok,Open Food Facts (ODbL)
8908014665296,French Yogurt,Mamie Yova,90g,,,52,3.4,1.1,6.3,,4.2,59,,,,,Dairies; Fermented foods; Desserts; Fermented milk products; Dairy desserts; Fermented dairy desserts; Yogurts,B,en:india,2026-03-12,ok,Open Food Facts (ODbL)
8908014841119,Mozzarella Di Bufala,The Spotted Cow Fromagerie,,,,262,14.5,19.9,6.1,,0.0,301,,,,,cheese,C,en:india,2026-05-04,ok,Open Food Facts (ODbL)
8908015049453,Pumpkin Seeds,Amayu,200 g,25g,25.0,618,14.9,49.8,27.3,16.2,0.0,4,154,3.7,12.4,6.8,Plant-based foods and beverages;Plant-based foods;Seeds;Pumpkin and Squash plant products;Cucurbitacea seeds;Pumpkin seeds and their products;Pumpkin seeds,A,en:india,2026-03-03,ok,Open Food Facts (ODbL)
8908015052132,Fruit Jus Pomegranate,Juicewale,,,,60,0.0,0.0,15.0,,,,,,,,,UNKNOWN,en:india,2026-02-23,ok,Open Food Facts (ODbL)
8908015078026,Blue Eggs,Abhi Eggs,,100 g,100.0,132,13.0,8.0,0.0,,,,132,13.0,8.0,0.0,,UNKNOWN,en:india,2026-05-18,ok,Open Food Facts (ODbL)
8908015165023,Bocconcini,Cremetalia,,,,239,15.1,17.9,4.3,,,118,,,,,,UNKNOWN,en:india,2026-05-25,ok,Open Food Facts (ODbL)
89080153,Maggi masala magic,Maggi,6g,6 g,6.0,166,4.2,2.9,30.7,,,10916,10,0.3,0.2,1.8,Spices,NOT-APPLICABLE,en:india,2026-03-22,ok,Open Food Facts (ODbL)
8908015543715,Chocolate Coffee Almond Protein Bar,Crave,,50 g,50.0,420,30.0,28.6,14.5,5.5,4.8,145,210,15.0,14.3,7.2,,UNKNOWN,en:india,2026-03-20,ok,Open Food Facts (ODbL)
8908015676024,Tangy Chickpea with Chilli & Lime,IKEA,,1 portion (10 g),10.0,478,18.6,18.5,55.5,7.9,3.5,209,48,1.9,1.8,5.6,snacks,C,en:india,2026-03-15,ok,Open Food Facts (ODbL)
8908015692024,Chicken Cheese Momos,Wow Momo,,1 portion (100 g),100.0,236,13.7,12.6,17.0,,1.9,627,236,13.7,12.6,17.0,,UNKNOWN,en:india,2026-03-22,ok,Open Food Facts (ODbL)
8908015692413,Peri Peri Momos,WOW! Momo,,120 g,120.0,174,5.2,7.8,20.8,,5.4,892,209,6.2,9.3,25.0,,UNKNOWN,en:india,2026-04-19,ok,Open Food Facts (ODbL)
8908015694325,Chatmola,Rinka's,,,,383,1.4,1.2,91.6,,69.1,715,,,,,Snacks;Sweet snacks;Confectioneries,E,en:france;en:india,2026-03-26,ok,Open Food Facts (ODbL)
8908015836183,Ragi Crispies,The Healthy Binge,,1 portion (40 g),40.0,463,13.2,18.6,60.9,8.6,0.5,662,185,5.3,7.4,24.4,,UNKNOWN,en:india,2026-03-05,ok,Open Food Facts (ODbL)
8908015845147,Buttermilk,Gokul,,,,27,2.2,1.2,1.8,0.0,1.7,230,,,,,Dairies;Fermented foods;Fermented milk products;Buttermilks,B,en:india,2026-04-11,ok,Open Food Facts (ODbL)
8908016386168,Desi Khand (Natural Sweetener),Bebe™,1kg,5g,5.0,386,0.0,0.0,99.0,,98.0,0,19,0.0,0.0,5.0,Natural Sweetner,E,en:india,2026-04-17,ok,Open Food Facts (ODbL)
8908016501011,Tawa Masala Tempayy Cubes,Hello Tempayy,,1 portion (100 g),100.0,178,19.8,6.9,10.9,7.7,0.0,,178,19.8,6.9,10.9,,UNKNOWN,en:india,2026-05-12,ok,Open Food Facts (ODbL)
8908016501035,Hello Tempayy Peppery Szechuan Chilli Soyabean Tempeh Cubes,Hello Tempayy,,1 portion (100 g),100.0,175,18.0,6.7,10.7,7.7,7.7,230,175,18.0,6.7,10.7,Plant-based foods and beverages;Plant-based foods;Legumes and their products;Meat alternatives;Tempeh,A,en:india,2026-05-11,ok,Open Food Facts (ODbL)
8908016501172,Hello tempay,Hello tempay,,50 g,50.0,181,19.7,5.8,13.2,7.3,3.9,357,90,9.8,2.9,6.6,,UNKNOWN,en:india,2026-04-10,ok,Open Food Facts (ODbL)
8908016501479,Mighty Masala Momos,Hello Tempayy,,,,233,13.0,5.2,33.5,,1.0,322,,,,,momos,B,en:india,2026-04-29,ok,Open Food Facts (ODbL)
8908016501493,Peri Peri Momos,Hello Tempayy,,84 g,84.0,211,10.7,6.0,28.3,,1.0,254,177,9.0,5.0,23.8,,UNKNOWN,en:india,2026-04-09,ok,Open Food Facts (ODbL)
8908016501530,Peri Peri Crumbles,Hello Tempayy,200g,1 portion (100 g),100.0,181,19.8,7.6,10.7,8.0,1.4,405,181,19.8,7.6,10.7,Tempeh,A,en:india,2026-04-25,ok,Open Food Facts (ODbL)
8908017087422,Plant Protein- Chocolate,Happy Cultures,,36 g,36.0,369,72.8,5.8,7.5,3.1,,0,133,26.2,2.1,2.7,,UNKNOWN,en:india,2026-03-15,ok,Open Food Facts (ODbL)
8908017087439,Plant Protein - Mango,Happy Cultures,505g,36 g,36.0,356,68.1,3.9,13.3,2.8,0.0,0,128,24.5,1.4,4.8,Protein powders,NOT-APPLICABLE,en:india,2026-03-16,ok,Open Food Facts (ODbL)
8908017087446,Plant Protein - Strawberry,Happy Culture,,36 g,36.0,356,68.0,3.3,14.4,,,0,128,24.5,1.2,5.2,,UNKNOWN,en:india,2026-05-17,ok,Open Food Facts (ODbL)
8908017280229,Mango Drink,Squeeze,,200ml,200.0,55,0.0,0.0,13.7,,13.6,0,110,0.0,0.0,27.4,beverages,E,en:india,2026-03-30,ok,Open Food Facts (ODbL)
8908017366367,Protein Fusilli Pasta,Shaka Harry,250 g,1 pack (250 g),250.0,362,16.0,1.0,73.0,10.0,1.0,16,905,40.0,2.5,182.5,Pasta dishes,A,en:india,2026-03-12,ok,Open Food Facts (ODbL)
8908017658301,Dark Chocolate Oats,Health Ninja,,1 portion (30 g),30.0,452,24.0,15.0,57.0,11.0,8.0,7,136,7.2,4.5,17.1,,UNKNOWN,en:india,2026-03-07,ok,Open Food Facts (ODbL)
8908017693234,Ragi Chocolate Cookie,Millet Bank,100g,,,479,8.5,21.0,63.9,8.8,29.7,51,,,,,Ragi chocolate cookie,E,en:india,2026-04-24,ok,Open Food Facts (ODbL)
8908017693647,Chilli Chatka,Millet Bank,,1 portion (30 g),30.0,402,6.9,18.8,51.3,,,,121,2.1,5.6,15.4,,UNKNOWN,en:india,2026-04-01,ok,Open Food Facts (ODbL)
8908017962088,Wicked Gud Noodles,Wicked Gud,,1 portion (69 g),69.0,467,10.0,18.3,67.6,7.6,3.8,835,322,6.9,12.6,46.6,instant noodles,UNKNOWN,en:india,2026-05-19,ok,Open Food Facts (ODbL)
8908017962101,Penne pasta,Wicked gud,,,,362,14.7,0.5,74.5,7.2,0.0,7,,,,,,UNKNOWN,en:india,2026-04-03,ok,Open Food Facts (ODbL)
8908017962507,Korean Cup Noodles,Wicked Gud,,1 serving (69 g),69.0,430,7.0,17.0,62.3,6.9,0.0,1936,296,4.8,11.7,43.0,,UNKNOWN,en:india,2026-03-25,ok,Open Food Facts (ODbL)
8908018014007,Certified Organic Wild Honey,Indigenous Honey,530g,21g,21.0,339,0.0,0.0,84.2,,84.0,4,71,0.0,0.0,17.7,Honey,E,en:india,2026-05-22,ok,Open Food Facts (ODbL)
8908018014885,Honey,Indigenous Honey,530g,21g,21.0,330,0.2,0.0,82.3,0.0,81.8,4,69,0.0,0.0,17.3,Breakfasts;Spreads;Sweet spreads;Bee products;Farming products;Sweeteners;Honeys,E,en:india,2026-04-10,ok,Open Food Facts (ODbL)
8908018251211,Artos Carbonated Water,Artos,200ml,,,52,0.0,0.0,13.0,,13.0,0,,,,,Beverages and beverages preparations;Beverages;Waters,E,en:india,2026-04-12,ok,Open Food Facts (ODbL)
8908018651677,Protein Puff Tomato,Troovy,,,,411,15.0,17.0,52.0,5.5,9.0,490,,,,,,UNKNOWN,en:india,2026-05-04,ok,Open Food Facts (ODbL)
8908018729024,Cheese Sourdough,Suchali’s,,,,209,7.6,2.7,37.5,7.5,0.7,422,,,,,,UNKNOWN,en:india,2026-03-20,ok,Open Food Facts (ODbL)
8908018964159,Culinary Sauce,Gold Coin,,7g,7.0,70,1.0,0.1,16.4,,4.3,781,5,0.1,0.0,1.1,Condiments;Sauces;Tomato sauces;Ketchup,C,en:india,2026-05-16,ok,Open Food Facts (ODbL)
8908019040289,Clear whey,Protyze,,32 g,32.0,312,75.0,0.0,3.1,,1.6,,100,24.0,0.0,1.0,,UNKNOWN,en:india,2026-02-26,ok,Open Food Facts (ODbL)
8908019319095,Yummy Tomato Potato Chips,Chakote,,,,534,6.9,32.5,54.2,,3.5,1050,,,,,snacks;potato crisps,E,en:india;en:united-states,2026-02-22,ok,Open Food Facts (ODbL)
8908019552102,Waffle Crisps Cookies 'n Cream,The Belgian Waffle,,1 serve (20 g),20.0,468,8.5,16.0,72.0,,23.5,440,94,1.7,3.2,14.4,Waffles,E,en:india,2026-04-11,ok,Open Food Facts (ODbL)
8908019757064,Belgian Dark Chocolate Guilt Free Ice Cream Tub,Go Zero,500ml,100g,100.0,97,2.7,5.3,16.8,3.0,3.0,32,97,2.7,5.3,16.8,Desserts;Frozen foods;Frozen desserts;Ice creams and sorbets;Ice creams;Ice cream tubs;Chocolate ice cream tubs,C,en:india,2026-02-21,ok,Open Food Facts (ODbL)
8908020062270,Open Secret Chocolate Biscuit,Open Secret,,3 portion (15 g),15.0,524,8.0,28.7,57.3,2.0,11.3,372,79,1.2,4.3,8.6,,UNKNOWN,en:india,2026-04-04,ok,Open Food Facts (ODbL)
8908020440351,Whole Wheat Tortilla Wraps 8 Inches,Habanero,,1 portion (55 g),55.0,305,6.8,5.4,57.2,3.8,9.8,469,168,3.7,3.0,31.4,,UNKNOWN,en:india,2026-04-05,ok,Open Food Facts (ODbL)
8908020463527,Punjabi Tadka,Crax,171 grams,,,552,9.7,34.2,51.4,,4.7,1345,,,,,Snacks;Namkeen,E,en:india,2026-04-23,ok,Open Food Facts (ODbL)
8908020463664,Choco Rings,Crax,,,,530,3.7,28.3,65.1,,25.6,144,,,,,,UNKNOWN,en:india,2026-05-02,ok,Open Food Facts (ODbL)
8908020463749,Potato Chips,Crax Zero,,,,550,6.5,36.0,50.0,,2.0,401,,,,,,UNKNOWN,en:india,2026-05-23,ok,Open Food Facts (ODbL)
8908020463824,Spicy Treat Chips,Crax,,30 g,30.0,528,8.7,30.0,55.7,,5.1,841,158,2.6,9.0,16.7,,UNKNOWN,en:india,2026-04-04,ok,Open Food Facts (ODbL)
8908020493180,Almond Milk,Fidelo,,100 serving size (100 g),100.0,33,1.3,2.8,0.7,,0.2,10,33,1.3,2.8,0.7,,UNKNOWN,en:india,2026-03-28,ok,Open Food Facts (ODbL)
8908020710072,Wholy Fudgy Cakes Belgian Chocolate,Wholy,,1 brownie (35 g),35.0,384,6.0,11.7,63.4,14.6,9.4,278,134,2.1,4.1,22.2,,UNKNOWN,en:india,2026-02-28,ok,Open Food Facts (ODbL)
8908020854783,Whey Concentrate Unflavored,Wellbeing Nutrition,,35.5 g,35.5,377,76.3,5.1,6.5,,,,134,27.1,1.8,2.3,,UNKNOWN,en:india,2026-02-28,ok,Open Food Facts (ODbL)
8908020997800,Almond Drink,VDC,,250 ml,250.0,27,1.2,1.9,1.2,,,25,66,3.0,4.8,2.9,,UNKNOWN,en:india,2026-03-21,ok,Open Food Facts (ODbL)
8908021450182,Shanti mustatd oil,Shanti,500ml,5g,5.0,900,0.0,100.0,0.0,,0.0,0,45,0.0,5.0,0.0,Mustard oils,C,en:india,2026-02-22,ok,Open Food Facts (ODbL)
8908022576003,Punjab toast,Punjab Bakers,,,,412,9.8,5.2,81.4,,21.9,,,,,,Toasts;Rusk,UNKNOWN,en:india,2026-05-26,ok,Open Food Facts (ODbL)
8908022676260,Hunger Bar Multigrain Baked Bar - Fruit & Nut .,Taakat,,40g,40.0,482,12.5,22.5,57.5,5.0,22.5,460000,193,5.0,9.0,23.0,Baked bar;Cookies,E,en:india,2026-05-01,ok,Open Food Facts (ODbL)
8908022793011,Rose Syrup,Janatha,750 ml,,,281,0.1,0.1,74.8,,,,,,,,Rose syrup,UNKNOWN,en:india,2026-05-15,ok,Open Food Facts (ODbL)
8908023136145,Plant Protein Shake,Maiva,,300 ml,300.0,59,6.7,1.9,4.5,1.2,2.5,,178,20.2,5.7,13.6,,UNKNOWN,en:india,2026-02-27,ok,Open Food Facts (ODbL)
8908023404305,Party Snack,Tong Garden,,1 portion (30 g),30.0,500,20.0,23.3,50.0,10.0,,,150,6.0,7.0,15.0,,UNKNOWN,en:india,2026-04-01,ok,Open Food Facts (ODbL)
8908023404435,Nature's Harvest Mix,Tong Garden,,30 g,30.0,400,6.7,10.0,66.7,6.7,20.0,600,120,2.0,3.0,20.0,,UNKNOWN,en:india,2026-03-06,ok,Open Food Facts (ODbL)
8908023404442,Tropical Nuts & Fruit Mix,Tong Garden,,30 g,30.0,433,6.7,16.7,66.7,20.0,50.0,117,130,2.0,5.0,20.0,,UNKNOWN,en:india,2026-03-24,ok,Open Food Facts (ODbL)
8908024126039,Pizza Pasta,Repeat Gud,,1 portion (15 g),15.0,173,2.3,6.5,26.3,2.4,17.4,892,26,0.3,1.0,3.9,,UNKNOWN,en:india,2026-04-19,ok,Open Food Facts (ODbL)
8908024694002,"Strawberry, greek yoghurt",Athena,200 g,200 g,200.0,97,10.0,3.8,5.8,,3.8,39,194,20.0,7.5,11.7,High-protein-yogurt;Fermented dairy desserts with fruits and sweeteners,B,en:india,2026-04-26,ok,Open Food Facts (ODbL)
8908024694019,20g Protein Blueberry Greek Yogurt,Athena,,200 g,200.0,89,10.0,3.3,4.9,,0.0,47,178,20.0,6.6,9.9,Dairies;Fermented foods;Fermented milk products;Desserts;Dairy desserts;Fermented dairy desserts;Yogurts,A,en:india,2026-03-12,ok,Open Food Facts (ODbL)
8908024950115,Greenmeat Tikka,Greenmeat,250 g,,,180,18.0,7.7,7.9,3.8,,506,,,,,Snacks,UNKNOWN,en:india,2026-05-05,ok,Open Food Facts (ODbL)
8908024977013,Superyou Protein Wafer,Superyou,40 g,40 g,40.0,466,25.0,25.9,50.0,7.6,8.8,442,186,10.0,10.4,20.0,Snacks;Sweet snacks;Confectioneries;Bars,D,en:india,2026-04-08,ok,Open Food Facts (ODbL)
8908024977020,Superyou Protein Wafer,Superyou,10 g,,,190,10.0,10.4,20.0,3.0,3.5,177,,,,,Snacks; Sweet snacks; Biscuits and cakes; Biscuits and crackers; Biscuits; Bars; Wafers; en:bodybuilding-supplements,NOT-APPLICABLE,en:india,2026-04-01,ok,Open Food Facts (ODbL)
8908024977037,Strawberry Creme,Superyou,40g,40g,40.0,470,25.0,25.9,50.0,7.6,8.8,442,188,10.0,10.4,20.0,Dietary supplements;Bodybuilding supplements;Protein bars,NOT-APPLICABLE,en:india,2026-03-24,ok,Open Food Facts (ODbL)
8908024977303,Superyou Pro - Unflavoured - Fermented Yeast Protein,SuperYou,,1 portion (36 g),36.0,361,72.2,4.2,8.3,2.8,0.0,833,130,26.0,1.5,3.0,Supplements;dietary supplements,NOT-APPLICABLE,en:india,2026-03-03,ok,Open Food Facts (ODbL)
8908025188173,Hot Chocolate Fudge,Get-A-Way,,150 ml,150.0,147,2.3,5.2,22.8,0.9,8.4,141,220,3.4,7.8,34.2,,UNKNOWN,en:india,2026-04-12,ok,Open Food Facts (ODbL)
8908025353090,Nuts Fusion,Greenfinity,500g,,,390,16.6,41.5,18.2,7.9,11.9,17,,,,,Plant-based foods and beverages; Plant-based foods; Fruits and vegetables based foods; Fruits based foods; Nuts and their products; Dried products; Nuts; Dried plant-based foods; Dried fruits; en:body,NOT-APPLICABLE,en:india,2026-05-08,ok,Open Food Facts (ODbL)
8908026096040,Bold Brown Bread,5 Minutes,,,,281,7.8,3.3,55.0,7.5,2.6,372,,,,,,UNKNOWN,en:india,2026-04-12,ok,Open Food Facts (ODbL)
8908026158007,Peri Peri Super Bhujia,Total Snacc,,1 serve (31 g),31.0,444,19.4,13.9,60.0,11.9,2.9,574,138,6.0,4.3,18.6,,UNKNOWN,en:india,2026-02-26,ok,Open Food Facts (ODbL)
8908026382006,Tofu,Mothers Nature,,1 portion (100 g),100.0,91,16.7,1.5,2.7,,,,91,16.7,1.5,2.7,,UNKNOWN,en:india,2026-02-23,ok,Open Food Facts (ODbL)
8908026791501,Potato Chips,Troovy,,,,424,12.4,10.0,72.0,,2.2,590,,,,,,UNKNOWN,en:india,2026-05-07,ok,Open Food Facts (ODbL)
8908026834024,Choconut Crunch Overnight Oats,Goat Life,,75 g,75.0,389,26.7,6.7,56.0,8.0,8.0,,292,20.0,5.0,42.0,Oats,UNKNOWN,en:india,2026-04-10,ok,Open Food Facts (ODbL)
8908026875751,Whey Pro Rich Chocolate,Ripped Up Nutrition,,33 g,33.0,385,72.7,3.0,13.0,0.6,3.0,1,127,24.0,1.0,4.3,,UNKNOWN,en:india,2026-03-23,ok,Open Food Facts (ODbL)
8908027388038,High Protein Roti,MillD,,33.3 g,33.3,387,46.2,2.3,45.5,9.0,6.0,4,129,15.4,0.8,15.1,,UNKNOWN,en:india,2026-05-18,ok,Open Food Facts (ODbL)
8908027668031,Pina Colada,Dead Honest,,,,9,0.2,0.0,1.9,,1.9,3,,,,,,UNKNOWN,en:india,2026-04-25,ok,Open Food Facts (ODbL)
8908027899008,Mocha Madness,Proskii,,1 portion (40 g),40.0,394,38.3,3.6,52.0,,3.0,193,158,15.3,1.4,20.8,,UNKNOWN,en:india,2026-04-29,ok,Open Food Facts (ODbL)
89080528,Iced Latté,,170ml,170ml,170.0,56,2.2,1.5,8.6,0.0,6.7,0,95,3.7,2.5,14.6,Beverages and beverages preparations; Beverages; Coffee drinks; en:coffees,B,en:india,2026-03-25,ok,Open Food Facts (ODbL)
89080795,Maggi masala magic,Maggi,,6 g,6.0,166,4.2,2.9,30.7,9.1,13.5,10916,10,0.3,0.2,1.8,Food,B,en:india,2026-05-25,ok,Open Food Facts (ODbL)
8909081002380,Tiramisu Minis,Fabelle,,15 g,15.0,529,9.3,30.0,56.3,,51.6,135,79,1.4,4.5,8.4,,UNKNOWN,en:india,2026-03-11,ok,Open Food Facts (ODbL)
8909081002779,Superior MP Atta,Aashirvaad,,1 portion (100 g),100.0,338,10.7,1.3,76.0,10.4,3.6,2,338,10.7,1.3,76.0,en:cereal-flours,A,en:india,2026-05-19,ok,Open Food Facts (ODbL)
8909081005053,8909081005053,dark fantasy,471.5g,1 biscuit (11.5 g),11.5,507,7.3,27.3,61.1,,35.7,182,58,0.8,3.1,7.0,Biscuit (cookie) snack w chocolate filling,E,en:india;en:united-kingdom,2026-05-11,ok,Open Food Facts (ODbL)
8909081005251,Yippee Noodles,Sunfeast,72.6 g,25 g,25.0,456,9.2,19.2,64.0,,3.2,1194,114,2.3,4.8,16.0,Plant-based foods and beverages; Plant-based foods; Pastas; en:instant-noodles,UNKNOWN,en:india;en:united-kingdom,2026-03-27,ok,Open Food Facts (ODbL)
8909081005619,Bingo Mad Angles Mystery Pickle,Bingo,119.5,100g,100.0,536,5.9,31.7,58.3,,4.3,1132200,536,5.9,31.7,58.3,Snacks;Namkeen,E,en:india,2026-03-18,ok,Open Food Facts (ODbL)
8909081006197,Coconut Water with Litchi,B Natural,750 ml,150ml,150.0,22,0.0,0.0,5.6,,5.6,20,33,0.0,0.0,8.4,Coconut waters,C,en:india,2026-05-10,ok,Open Food Facts (ODbL)
8909081006388,Yippee noodles,Sunfeast,48g,,,457,9.0,19.1,64.5,,3.1,1182,,,,,Aliments et boissons à base de végétaux;Aliments d'origine végétale;Céréales et pommes de terre;Céréales et dérivés;Soupes de nouilles instantanées,UNKNOWN,en:india,2026-03-07,ok,Open Food Facts (ODbL)
8909081010552,Swiss Roll,Dark Fantasy,,20 g,20.0,405,4.9,16.6,62.3,,,122,81,1.0,3.3,12.5,,UNKNOWN,en:india,2026-04-26,ok,Open Food Facts (ODbL)
8909081011160,Pomegranate drink,B NATURAL,750ml,1 100ml (100 ml),100.0,18,0.0,0.0,4.5,0.2,4.4,44,18,0.0,0.0,4.5,Beverages,C,en:india,2026-05-19,ok,Open Food Facts (ODbL)
8909081011177,Low Calorie Cranberry Juice,B Natural,,100 ml,100.0,18,0.1,0.0,4.5,0.1,4.4,16,18,0.1,0.0,4.5,,UNKNOWN,en:india,2026-05-18,ok,Open Food Facts (ODbL)
8909081012235,Supermilk Biscuits,Sunfeast,37.7 g,20 g,20.0,452,7.8,15.9,71.5,,27.4,265,90,1.6,3.2,14.3,Snacks;Sweet snacks;Biscuits and cakes;Biscuits and crackers;Biscuits,E,en:india,2026-05-21,ok,Open Food Facts (ODbL)
8909081013737,Strawberry Smoothie,Sunfeast,300ml,,,68,1.2,0.1,15.4,0.4,15.1,16,,,,,Beverages and beverages preparations;Beverages,E,en:india,2026-04-27,ok,Open Food Facts (ODbL)
8909106034921,Almond Magnum,Magnum,,1 ice cream stick (62 g),62.0,353,5.3,23.7,29.8,1.1,26.8,71,219,3.3,14.7,18.5,en:ice-creams,E,en:india,2026-04-18,ok,Open Food Facts (ODbL)
8909106038783,Cornetto mini butterscotch,KwalityWalls,,28 g,28.0,371,7.1,17.9,42.9,,,,104,2.0,5.0,12.0,,UNKNOWN,en:india,2026-04-17,ok,Open Food Facts (ODbL)
8909106040977,Bru Cold Coffee Classic,Bru,,1 portion (200 ml),200.0,76,4.0,1.4,12.3,0.1,12.2,129,153,8.0,2.8,24.6,,UNKNOWN,en:india,2026-05-22,ok,Open Food Facts (ODbL)
8909106042872,Red lebel,hul,,1 sachet (13 g),13.0,408,11.5,8.5,73.1,3.1,40.0,262,53,1.5,1.1,9.5,,UNKNOWN,en:india,2026-05-08,ok,Open Food Facts (ODbL)
8909106043671,Taj Mahal,Taj Mahal,500 gm,,,0,0.0,0.0,0.0,0.0,0.0,2,,,,,tea,B,en:india,2026-05-26,ok,Open Food Facts (ODbL)
8909106048928,Chocolate Ice Cream,Kwality Walls,700ml,100ml (53g),53.0,202,4.5,8.9,26.8,1.7,23.2,81,107,2.4,4.7,14.2,Ice cream in a box,D,en:india,2026-04-17,ok,Open Food Facts (ODbL)
8909106051966,Taj Mahal,Brooke Bond,,,,0,0.0,0.0,0.0,0.0,0.0,2,,,,,tea,B,en:india,2026-05-26,ok,Open Food Facts (ODbL)
8909106068926,Chilli Peanut Thecha Chutney,Kissan,,1 portion (100 g),100.0,218,5.4,15.8,14.0,2.0,5.5,,218,5.4,15.8,14.0,chutney,UNKNOWN,en:india,2026-04-11,ok,Open Food Facts (ODbL)
8909106069053,Imli Chutney,Kissan,,,,213,0.7,0.5,51.8,1.0,42.6,210,,,,,,UNKNOWN,en:india,2026-04-21,ok,Open Food Facts (ODbL)
8909106069060,Kissan Teekhi Lehsun Mirch Chutney,,,,,248,3.5,17.4,19.9,,2.8,1334,,,,,Sauces,C,en:india,2026-04-05,ok,Open Food Facts (ODbL)
8909106069107,"Kissan Chilli Peanut Thecha Chutney, 100 g Pouch",,,,,218,5.4,15.8,14.0,2.0,3.5,1301,,,,,Sauces,E,en:india,2026-04-05,ok,Open Food Facts (ODbL)
8909106084704,Horlicks Protein,Horlicks,,240 ml,240.0,71,8.3,1.5,7.1,1.5,3.3,62,171,20.0,3.6,17.0,,UNKNOWN,en:india,2026-05-11,ok,Open Food Facts (ODbL)
8909177022865,Daily Good Bread,Daily Good,400 g,50g,50.0,240,9.5,1.9,46.5,9.5,10.4,404,120,4.8,0.9,23.2,bread,C,en:india,2026-05-26,ok,Open Food Facts (ODbL)
8909340000393,Plant Protein Indonesian Cacao,Cosmix,,38 g,38.0,370,61.7,1.6,27.4,9.6,9.8,480,141,23.4,0.6,10.4,,UNKNOWN,en:india,2026-05-19,ok,Open Food Facts (ODbL)
8929752286352,SUPERKAKI,WHEAT FLOUR,5 KG,,,340,9.6,1.5,68.6,6.8,1.6,2,,,,,Plant-based foods and beverages;Plant-based foods;Cereals and potatoes;Cereals and their products;Flours;Cereal flours;Wheat flours,A,en:india,2026-03-15,ok,Open Food Facts (ODbL)
8934328842795,Classic Butter Croissant,The Bkry,,1 portion (80 g),80.0,418,7.2,24.5,42.8,1.6,8.4,585,334,5.8,19.6,34.2,,UNKNOWN,en:india,2026-05-05,ok,Open Food Facts (ODbL)
8938506900857,Dark Chocolate Signature Hoi An,Alluvia Chocolatier,30 g,,,89,1.4,6.3,6.7,12.1,4.9,19,,,,,Dark chocolate bar with more than 70% cocoa,UNKNOWN,en:india,2026-03-25,ok,Open Food Facts (ODbL)
8938555026263,Tender Coconut Water,Richyum,200ml,,,15,0.2,0.1,3.3,0.2,2.5,20,,,,,Fruit juices,B,en:india;en:united-kingdom,2026-03-27,ok,Open Food Facts (ODbL)
8939112781762,Whey Isolate Protein Powder,Naturaltein,,1 serving (30 g),30.0,375,90.0,0.9,1.6,0.0,0.3,109,112,27.0,0.3,0.5,Protein powders,NOT-APPLICABLE,en:india,2026-03-16,ok,Open Food Facts (ODbL)
8939112782134,"Whey Protein, Cafe Mocha",Naturaltein,,1 scoop (30 g),30.0,385,72.0,6.4,9.7,1.1,5.8,118,116,21.6,1.9,2.9,,UNKNOWN,en:india,2026-05-18,ok,Open Food Facts (ODbL)
8939116155064,Marine Collagen Orange,Naturaltein,300g,,,30,7.4,0.0,1.2,,0.4,270,,,,,Dietary supplements;Collagen,NOT-APPLICABLE,en:india,2026-05-22,ok,Open Food Facts (ODbL)
8939118468872,Whey Protein Concentrate ( Chocolate Biscoff),Naturaltein,,30 g,30.0,377,70.3,5.3,12.0,1.3,3.3,153,113,21.1,1.6,3.6,,UNKNOWN,en:india,2026-05-13,ok,Open Food Facts (ODbL)
8939120144764,Mawa Cake,Awsum,40g,40g,40.0,374,8.6,21.5,31.9,3.8,31.9,340,150,3.4,8.6,12.7,Cakes,D,en:india,2026-02-21,ok,Open Food Facts (ODbL)
8939122244554,Whey Protein Iso Boost 27g,Naturaltein,,1 portion (36 g),36.0,381,76.0,4.3,14.1,2.4,7.1,,137,27.4,1.6,5.1,,UNKNOWN,en:india,2026-05-23,ok,Open Food Facts (ODbL)
8939122244790,Whey Iso Boost Chocolate,Naturaltein,,1 serving (36 g),36.0,386,76.0,3.6,14.0,2.8,5.3,243,139,27.4,1.3,5.0,,UNKNOWN,en:india,2026-03-10,ok,Open Food Facts (ODbL)
8939123211166,Pure Peanut Butter Powder,MYPB,,16g,16.0,475,50.0,16.2,31.9,11.9,5.0,5,76,8.0,2.6,5.1,Peanut butter powder,A,en:india,2026-03-15,ok,Open Food Facts (ODbL)
8939123211302,Orignal Peanut Butter Powder,My PB,,16 g,16.0,456,43.8,13.8,38.8,106.2,15.6,574,73,7.0,2.2,6.2,,UNKNOWN,en:india,2026-04-16,ok,Open Food Facts (ODbL)
8991102771238,Tango brownies crispy,Tango,35 g,15 g,15.0,467,6.7,13.3,80.0,6.7,40.0,120,70,1.0,2.0,12.0,Aliments et boissons à base de végétaux;Aliments d'origine végétale,E,en:india,2026-04-30,ok,Open Food Facts (ODbL)
8992696525030,Chocolate Dancow Forti Grow,Nestle,,38 g,38.0,421,13.2,13.2,60.5,,44.7,276,160,5.0,5.0,23.0,,UNKNOWN,en:india,2026-04-27,ok,Open Food Facts (ODbL)
8992753700103,frisian flag uht coconut DELIGHT ktk 225ml,Frisian Flag,225ml,225 g,225.0,67,2.2,2.2,9.3,,7.1,44,150,5.0,5.0,21.0,,UNKNOWN,en:india,2026-03-02,ok,Open Food Facts (ODbL)
8992760221028,Oreo Original (Vanilla),BABYMONSTER OREO,123g g,27.6 g,27.6,471,3.6,21.7,72.5,3.6,39.9,507,130,1.0,6.0,20.0,Snacks;Sweet snacks;Biscuits and cakes;Biscuits and crackers;Biscuits;Filled biscuits;Chocolate sandwich cookies,E,en:india;en:indonesia;en:singapore,2026-02-19,ok,Open Food Facts (ODbL)
8995077603433,Pilus TicTac cassava,Dua Kelinci,80 g,25 g,25.0,520,4.0,24.0,68.0,4.0,0.0,320000,130,1.0,6.0,17.0,Makanan nabati,E,en:india,2026-04-14,ok,Open Food Facts (ODbL)
8996001312490,Mayora Malkist Chocolate Flavored Sandwich Cracker Biscuits,Mayora,,,,488,7.6,21.3,66.4,16.8,21.3,527,,,,,Snacks; Sweet snacks; Biscuits and cakes; Biscuits and crackers; Biscuits; en:chocolate-biscuits,E,en:india,2026-03-07,ok,Open Food Facts (ODbL)
8996001312506,Malkist Cheese Flavoured Crunchy Layered Cracker Biscuits,Mayora,144g,1 biscuit (18 g),18.0,491,7.7,22.8,63.7,,16.5,543,88,1.4,4.1,11.5,snacks; salty-snacks; sweet-snacks; appetizers; biscuits-and-cakes; biscuits; da:crackers; cream-biscuit,E,en:india,2026-05-18,ok,Open Food Facts (ODbL)
8996001312667,Malkist Cappuccino,Mayora,144g,18,,484,6.2,20.6,68.4,,21.1,479,,,,,Biscuits,E,en:india,2026-04-04,ok,Open Food Facts (ODbL)
8997011930612,Ladaku merica bubuk,LADAKU,2.5gr,,,310,11.4,2.1,48.3,26.2,3.1,5,,,,,White pepper,NOT-APPLICABLE,en:india,2026-04-21,ok,Open Food Facts (ODbL)
8998866201711,Kris Bee krunchy jagung bakar mentega bks 75gr,Calbee Wings,75,1 portion (15 g),15.0,467,6.7,10.0,80.0,,,567,70,1.0,1.5,12.0,,UNKNOWN,en:india,2026-03-16,ok,Open Food Facts (ODbL)
90162602,Energy Drink,Red Bull,250 ml,1 can (250 ml),250.0,45,0.0,0.0,11.0,,11.0,39,112,0.0,0.0,27.5,Boissons;Boissons gazeuses;Sodas;Boissons énergisantes;Boissons avec sucre ajouté;en:Carbonated Sodas,E,en:albania;en:australia;en:bulgaria;en:egypt;en:france;en:greece;en:india;en:ireland;en:morocco;en:t,2026-04-25,ok,Open Food Facts (ODbL)
90162800,Red bull sugar free,Red Bull,250ml,250 g,250.0,3,0.0,0.0,0.0,0.0,0.0,42,8,0.0,0.0,0.0,Getränke und Getränkezubereitungen; Getränke; Kohlensäurehaltige Getränke; Getränke mit Süßstoff; Erfrischungsgetränke; Alkoholfreie Getränke; Energy-Drinks,C,en:australia;en:austria;en:belgium;en:france;en:germany;en:india;en:ireland;en:italy;en:morocco;en:n,2026-05-13,ok,Open Food Facts (ODbL)
9100949889511,Macroni  Rigate,Gracious,400g,,,356,11.2,0.9,76.1,2.8,0.0,5810,,,,,food macroni,E,en:india,2026-03-25,ok,Open Food Facts (ODbL)
9101294116574,Truffle Chocolate ISO Whey,Eric Favre,,1 portion (35 g),35.0,367,77.1,3.4,5.1,,1.6,6,128,27.0,1.2,1.8,,UNKNOWN,en:india,2026-05-03,ok,Open Food Facts (ODbL)
9168474762808,Ultimate Dark Chocolate,Amul,,10 g,10.0,522,14.7,40.8,28.4,,1.2,60,52,1.5,4.1,2.8,,UNKNOWN,en:india,2026-04-17,ok,Open Food Facts (ODbL)
9421007140468,Ghiotti Fusilli,Ghotti,500g,80g,80.0,292,10.0,1.2,59.2,2.2,0.9,20,234,8.0,1.0,47.4,Plant-based foods and beverages; Plant-based foods; Cereals and potatoes; Cereals and their products; Pastas; Cereal pastas; Durum wheat pasta,A,en:chile;en:india;en:new-zealand,2026-04-07,ok,Open Food Facts (ODbL)
9501101530003,Sugar cookie,Beagley Coppermsn,300g,100 g,100.0,482,3.6,26.8,57.1,1.8,28.6,168,482,3.6,26.8,57.1,Sustenance bar,E,en:germany;en:india,2026-03-25,ok,Open Food Facts (ODbL)
9556023331597,Super ring,Cheese flavor,60 g,30 g,30.0,570,6.7,43.3,46.7,6.7,10.0,633,171,2.0,13.0,14.0,Fats; en:puffed-salty-snacks,D,en:france;en:india;en:new-zealand;en:reunion,2026-05-18,ok,Open Food Facts (ODbL)
9556345008573,Miaow Chips Prawn Crackers,Miaow Miaow,60 g,30 g,30.0,430,5.3,11.7,76.0,3.3,7.7,1280,129,1.6,3.5,22.8,en:crisps,E,en:france;en:india;en:kuwait;en:oman;en:singapore;en:united-arab-emirates,2026-05-21,ok,Open Food Facts (ODbL)
9556863110789,Almond Chocolate,Royal De Dolton,450 gm,10 g,10.0,556,10.0,34.0,52.5,,,46,56,1.0,3.4,5.2,Chocolate,UNKNOWN,en:france;en:india;en:indonesia,2026-03-26,ok,Open Food Facts (ODbL)
97276722,Paper boat NaTa mixed berries,Paper boat,,250ml,250.0,57,0.0,0.0,14.2,,11.5,68,142,0.0,0.0,35.5,Beverages and beverages preparations;Plant-based foods and beverages;Beverages;Plant-based beverages;Fruit-based beverages;Juices and nectars;Fruit juices;Fruit juices from concentrate;Multifruit juic,E,en:india,2026-04-05,ok,Open Food Facts (ODbL)
9909011145155,Pro-Pl Protein for Pregnancy & Lactation,PRO-PL,500 g,30 g,30.0,374,21.0,10.0,49.0,2.0,,355,112,6.3,3.0,14.7,beverage preparations,UNKNOWN,en:india,2026-03-29,ok,Open Food Facts (ODbL)
9909415470174,Ghee,Durga,,,,899,0.0,99.8,0.0,,,90,,,,,ghee,E,en:india,2026-03-14,ok,Open Food Facts (ODbL)
