food_id,source,source_code,name,aliases_local,scientific_name,food_group,diet,state,energy_kcal,protein_g,fat_g,carbs_g,fibre_g,net_carbs_g,free_sugars_g,calcium_mg,iron_mg,sodium_mg,potassium_mg,default_serving_g,default_serving_label,is_primary,yield_factor,derived_from,notes
F00001,IFCT2017,A001,"Amaranth seed, black",A. Moricha guti; H. Ramdana; Kan. Danthu beeja; Kash. Mawal; Mal. Cheera vithu; M. Chengkruk Maru; Mar. Cavali biya; O. Kosala sag manji Dhala; P. Chaulali beej; Tam. Keerai vidai; Tel. Thotakoora ginjalu.,Amaranthus cruentus,Cereals and Millets,veg,raw,356,14.59,5.74,67.0,7.02,59.98,0.88,181.0,9.33,2.7,433.0,,,1,,,
F00002,IFCT2017,A002,"Amaranth seed, pale brown",A. Moricha guti; G. Rajagaro; H. Ramdana; Kan. Danthu beeja; Kash. Mawal; Mal. Cheera vithu; M. Chengkruk Maru; Mar. Cavali biya; O. Kosala sag maji kale; P. Chaulali beej; Tam. Keerai vidai; Tel. Thotakoora ginjalu.,Amaranthus cruentus,Cereals and Millets,veg,raw,356,13.27,5.56,68.93,7.47,61.46,0.8,162.0,8.02,2.8,413.0,,,1,,,
F00003,IFCT2017,A003,Bajra,"A., Kash. Baajra; B. Bajra; E. Pearl millet; G. Bajri; H. Bajra; Kan. Sajje; Kh. Krai; Mal. Kambam; Mar. Bajra; N. Bajara; O. Bajra; P. Bajra; Tam. Kambu; Tel. Sajjalu; U. Bajra.",Pennisetum typhoideum,Cereals and Millets,veg,raw,348,10.96,5.43,73.27,11.49,61.78,0.81,27.3,6.42,4.1,365.0,,,1,,,
F00004,IFCT2017,A004,Barley,A. Barli; B. Barley; G. Jav; H. Jau; Kan. Barley; Kash. Wushke; Kh. Krai; Mal. Barley; Mar. Sath; N. Jau; O. Jaba; P. Jao; S. Yava; Tam. Baarli Arisi; Tel. Barley; U. Jau.,Hordeum vulgare,Cereals and Millets,veg,raw,316,10.94,1.3,76.93,15.64,61.29,0.06,28.6,1.56,7.6,268.0,,,1,,,
F00005,IFCT2017,A005,Jowar,A. Jowar; B. Jowar; E. Sorghum; G. Jowar; H. Jowar; Kan. Jolada; Kash. Pingu; Kh. Krai; Mal. irunku; Mar. Jondhahlaa; O. Janha; P. Javara; Tam. Cholam; Tel. Jonna; U. Jowar.,Sorghum vulgare,Cereals and Millets,veg,raw,334,9.97,1.73,77.9,10.22,67.68,1.27,27.6,3.95,5.4,328.0,,,1,,,
F00006,IFCT2017,A006,"Maize, dry",A. Makoi; B. Bhutta; E. Corn; G. Makai; H. Makka; Kan. Mekke jola; Kash. Makai; Kh. Symbai riewhadem stem; Mal. Maize; M. Chujaak; Mar. Maka; N. Sukha makai; O. Maka; P. Chhali; S. Yaavanaala; Tam. Makka Cholam; Tel. Mokkajonna; U. makai.,Zea mays,Cereals and Millets,veg,raw,334,8.8,3.77,77.01,12.24,64.77,1.66,8.9,2.49,4.4,291.0,,,1,,,
F00007,IFCT2017,A007,"Maize, tender, local",A. Makoi; B. Bhutta; E. Corn; G. Lili makai; H. Makka; Kan. Mekke jola; Kash. Makai; Kh. Riewhadem Stem; Mal. Maize; M. Chujaak; Mar. Maka; N. Makai; O. Maka; P. Chhali; Tam. Makka Cholam; Tel. Mokkajonna; U. Makai.,Zea mays,Cereals and Millets,veg,raw,120,3.57,1.4,26.36,3.67,22.69,1.47,6.3,0.71,2.2,167.0,,,1,,,
F00008,IFCT2017,A008,"Maize, tender, sweet",A. Makoi; B. Bhutta; E. Corn; G. Lili makai; H. Makka; Kan. Mekke jola; Kash. Makai; Kh. Riewhadem lieh; Mal. Maize; M. Chujaak; Mar. Maka; N. Makai; O. Maka; P. Chhali; Tam. Makka Cholam; Tel. Mokkajonna; U. makai.,Zea mays,Cereals and Millets,veg,raw,97,4.16,1.35,19.72,3.3,16.42,4.67,6.4,0.54,2.2,297.0,,,1,,,
F00009,IFCT2017,A009,Quinoa,,Chenopodium quinoa,Cereals and Millets,veg,raw,328,13.11,5.5,68.31,14.66,53.65,1.41,198.0,7.51,4.5,474.0,,,1,,,
F00010,IFCT2017,A010,Ragi,A. Ragi; B. Ragi; E. Finger millet; G. Bavato; H. Ragi; Kan. Bhakri; Kh. Ukrai; Mal. Panjapulle; Mar. Bhakri; N. Kodo; O. Mandia; P.  Mandal; S. Madhulika; Tam. Kelvaragu; Tel. Ragi; U. Mandwa.,Eleusine coracana,Cereals and Millets,veg,raw,321,7.16,1.92,78.0,11.18,66.82,0.34,364.0,4.62,4.8,443.0,,,1,,,
F00011,IFCT2017,A011,Rice flakes,"A. Chira, Chiura; B. Chide, Chira; E. Flattened rice, Beaten rice; G. Paunva; H. Poha; Kan. Avalakki; Kash. Chevri; Kh. Shira; Mal. Aval; M. Chengpaak; Mar. Pohe; O. Chudaa, Chuda; P. Chirwre; Tam. Aval; Tel. Atukulu, Attukulu.",Oryza sativa,Cereals and Millets,veg,raw,354,7.44,1.14,80.21,3.46,76.75,0.34,9.2,4.46,2.6,148.0,40,1 serving raw poha,1,,,
F00012,IFCT2017,A012,Rice puffed,A. Muri; B. Muri; G. Mamra; H. Muramure; Kan. Kalle Puri; Kash. Tomul; Kh. Muri; Mal. Pori; M. Kabok Mur; Mar. Chirmure; N. Murai; O. Mudhi; P. Phulian; Tam. Pori; Tel. Maramaralu; U. Murmure.,Oryza sativa,Cereals and Millets,veg,raw,362,7.47,1.62,80.24,2.56,77.68,0.64,15.1,4.55,3.7,140.0,,,1,,,
F00013,IFCT2017,A013,"Rice, raw, brown",A. Matia rangar chaul; E. Whole grain rice; G. Kathai chokha; H. Chawal; P. Bhura choul; Kash. Tomul; Kh. Khaw saw; Mal. Kuthari ; M. Cheng; Tam. Arisi; Tel. Dampudu biyyam.,Oryza sativa,Cereals and Millets,veg,raw,354,9.16,1.24,79.23,4.43,74.8,0.69,10.9,1.02,3.6,199.0,,,1,,,
F00014,IFCT2017,A014,"Rice, parboiled, milled",A. Ukhua chaul; B. Siddha chowl; E. Converted rice; G. Bafela Chokha; H. Usna chawal; Kan. Kusubalakki; Kash. Tomul; Kh. Khaw boil; Mal. Puzhungal ari; M. Cheng; Mar. Ukadla tandool; O. Usuna chaula; P. Biga hua chawal; Tam. Puzhungal arisi; Tel. Uppudu biyyam.,Oryza sativa,Cereals and Millets,veg,cooked,352,7.81,0.55,80.9,3.74,77.16,0.67,8.1,0.72,3.2,142.0,,,1,,,
F00015,IFCT2017,A015,"Rice, raw, milled",A. Milat khunda chaul; B. Chowl; G. Choka; H. Chawal; Kan. Akki; Kash. Tomul; Kh. Khaw boil; M. Cheng; Mar. Tondool; O. Chaula; P. Chaul; Tam. Arisi; Tel. Biyyam.,Oryza sativa,Cereals and Millets,veg,raw,356,7.94,0.52,81.05,2.81,78.24,0.69,7.5,0.65,2.3,108.0,60,1/3 cup raw (about 1 serving cooked),1,,,
F00016,IFCT2017,A016,Samai,B. Sama; E. Little millet; G. Kuri; H. Shavan; Kan. Sama; Kash. Ganuhaar; Mal. Chama; Mar. Sava; O. Suan; P. Swank; Tam. Samai; Tel. Sama.,Panicum miliare,Cereals and Millets,veg,raw,346,10.13,3.89,73.27,7.72,65.55,0.37,16.1,1.26,4.8,105.0,,,1,,,
F00017,IFCT2017,A017,Varagu,A. Konidhan; B. Syama dhan; E. Kodo millet; G. Ral gana; Kan. Priyangu thene; Kash. Snol; Mal. Thina; Mar. Rala; P. Kangni; Tam. Thinai; Tel. Karralu.,Setaria italica,Cereals and Millets,veg,raw,332,8.92,2.55,72.58,6.39,66.19,1.29,15.3,2.34,3.4,94.0,,,1,,,
F00018,IFCT2017,A018,"Wheat flour, refined",A. Moida; B. Maida; G. Maido; H. Maida; Kan. Maida; Kash. Oat; Kh. Moida; Mal. Maida mavu; M. Moida; Mar. Maida; N. Maida; O. Maida; P. Maida; Tam. Maida mavu; Tel. Maida pindi; U. Maida.,Triticum aestivum,Cereals and Millets,veg,raw,352,10.36,0.76,77.03,2.76,74.27,1.79,20.4,1.77,1.5,148.0,,,1,,,
F00019,IFCT2017,A019,"Wheat flour, atta",B. Ata; G. Samagra gha; H. Atta; Kan. Sampurna godhi hittu; Kash. Oat unno lota ghaun no lot; Mal. Godhambu mavu; Mar. Kaneek; O. Gahama atta; P. Atta; Tam. Mulu Godumai maavu; Tel. Sampurna godhuma pindi.,Triticum aestivum,Cereals and Millets,veg,raw,320,10.57,1.53,75.53,11.36,64.17,1.8,30.9,4.1,2.0,311.0,30,1 roti worth of atta,1,,,
F00020,IFCT2017,A020,"Wheat, whole",A. Ghehu; B. Gom; G. Ghaun; H. Gehun; Kan. Godhi; Kash. Kinek; Kh. Ukew; Mal. Godhumbu; M. Ghehu; Mar. Gehu; N. Gau; O. Gahama; P. Kanaka; S. Godhum; Tam. Godumai; Tel. Godhumalu; U. Gehun.,Triticum aestivum,Cereals and Millets,veg,raw,322,10.59,1.47,75.95,11.23,64.72,1.77,39.4,3.97,2.5,366.0,,,1,,,
F00021,IFCT2017,A021,"Wheat, bulgur","A. Dalia; B. Dalia; E. Burghul, Groats, Durum Wheat, Pasta wheat, Macaroni wheat; G. Bulgur ghaum; H. Dalia; Kan. Bulgur godhi; Kash. Kinek; Kh. Kew; Mal. Godhambu Ravu; Mar. Bulgur gahu; N. Gau ko pitho; O. Dalia; P. Dalia; Tam. Godumai ravai; Tel. Bulgur; U. Dalia.",Triticum aestivum,Cereals and Millets,veg,raw,342,10.84,1.45,77.87,8.81,69.06,1.2,27.1,3.86,2.1,330.0,,,1,,,
F00022,IFCT2017,A022,"Wheat, semolina","A. Suji; B. Suji; E. Durum wheat, Pasta wheat, Macaroni wheat; G. Ghaum soji; H. Gehun suji; Kan. Godhi rave; Kash. Sooj; Kh. Suji; Mal. Uppumavu; M. Suji; Mar. Gahu rava; N. Suji; O. Suji; P. Suji; Tam. Godumai ravai; Tel. Godhuma rava.",Triticum aestivum,Cereals and Millets,veg,raw,334,11.38,0.74,78.15,9.72,68.43,1.65,29.4,2.98,2.3,284.0,,,1,,,
F00023,IFCT2017,A023,"Wheat, vermicelli",A. Sewai; B. Semai; E. Very thin pasta; G. Ghaun ni sev; H. Siwain; Kan. Shevige; Kash. Sewian; Kh. Sewai lieh; Mal. Semiya; Mar. Siwain; O. Simai; P. Sevian; Tam. Semiya; Tel. Semiya; U. Semiya.,Triticum aestivum,Cereals and Millets,veg,raw,333,9.7,0.45,79.67,9.28,70.39,1.68,19.4,2.02,2.7,163.0,,,1,,,
F00024,IFCT2017,A024,"Wheat, vermicelli, roasted",A. Gom sewai; B. Semai; E. Very thin pasta; G. Ghaun ni Shekeli sev; H. Siwain; Kan. Shevige; Kash. Sewian; Kh. Sewai saw; Mal. Semiya; Mar. Siwain; O. Simai; P. Bhooni sevian; Tam. Semiya; Tel. Semiya; U. Semiya.,Triticum aestivum,Cereals and Millets,veg,raw,340,10.37,0.49,80.97,9.55,71.42,2.14,22.6,2.09,3.4,177.0,,,1,,,
F00025,IFCT2017,B001,"Bengal gram, dal","A. Boot dail; B. Cholar dal; E. Split Bengal gram, Chickpea; G. Chana-ni-daad; H. Chan-ki-dal; Kan. Kadale bele; Kash. Chanu dal; Kh. Dai shana; Mal. Kadala parippu; M. Chana Tangkhai; Mar. Harabara dal; N. Chana ko Dal; O. Channa dali (Buta dali); P. Sholedi dal; Tam. Kadalaiparuppu; Tel. Sanaga papu; U. Chane ki dal.",Cicer arietinum,Grain Legumes,veg,raw,329,21.55,5.31,61.87,15.15,46.72,1.03,46.3,6.08,20.8,957.0,,,1,,,
F00026,IFCT2017,B002,"Bengal gram, whole","A. Boot; B. Chola; E. Chickpea; G. Chana; H. Chana, Kala chana; Kan. Kadale; Kash. Chanu; Kh. Shana kulai; Mal. Kadala; Mar. Harbara; M. Chana Mapum; N. Kabuli Chana; O. Buta; P. Shole; S. Chanak; Tam. Kondaikadalai; Tel. Sanagalu; U. Chana.",Cicer arietinum,Grain Legumes,veg,raw,287,18.77,5.11,64.78,25.22,39.56,0.99,150.0,6.78,26.6,935.0,,,1,,,
F00027,IFCT2017,B003,"Black gram, dal","A. Matir dail phola; B. Biulir dal; E. Urad bean, Mungo bean, Black matpe bean; G. Aadad ni daad; H. Urad dal; Kan. Uddhina bele; Kash. Kaha; Mal. Uzhunnu parippu; M. Sagol Hawai Tangkhai; Mar. Uddachi dal; N. Maas ko dal; O. Birri dali, Biri dali; P. Maa ki daal; S. Maassa; Tam. Ulutham paruppu; Tel. Minapa pappu; U. Mash ki dal.",Phaseolus mungo,Grain Legumes,veg,raw,324,23.06,1.69,62.93,11.93,51.0,0.84,55.7,4.67,18.9,1157.0,,,1,,,
F00028,IFCT2017,B004,"Black gram, whole","A. Gota mati mah; B. Mashkolail; E. Urad bean, Mungo bean, Black matpe bean; G. Adad; H. Chhilke wali urad dal; Kan. Uddhina bele; Kash. Kaha; Kh. Dai iong; Mal. Uzhunu; M. Sagol Hawai; Mar. Uddachi dal; O. Birri, Biri; P. Sabut maa ki daal; Tam. Ulundhu; Tel. Minumulu Mapum",Phaseolus mungo,Grain Legumes,veg,raw,291,21.97,1.58,64.4,20.41,43.99,0.45,86.2,5.97,26.8,1093.0,,,1,,,
F00029,IFCT2017,B005,"Cowpea, brown","A. Lesera mahor guti; B. Barbati; E. Black eyed peas, Lobia peas; G. Chorap; H. Lobia; Kan. Alasande; Kh. Rymbai; Mal. Vella payaru; M. Pong Hawai; Mar. Chavli; N. Bodi; O. Jhudunga; P. Lobia; S. Raajamaassa; Tam. Karamani; Tel. Bobbarlu; U. baunir.",Vigna catjang,Grain Legumes,veg,raw,320,20.36,1.15,66.16,11.54,54.62,1.6,81.7,5.9,13.7,1241.0,,,1,,,
F00030,IFCT2017,B006,"Cowpea, white","A. Lesera mahor guti; B. Barbati; E. Black eyed peas, Lobia peas; G. Chorap; H. Lobia; Kan. Alasande; Kh. Rymbai lieh; Mal. Vella payaru; M. Pong Hawai; Mar. Chavli; N. Bodi; O. Jhudunga; P. Lobia; S. Raajamaassa; Tam. Karamani; Tel. Bobbarlu; U. Baunir.",Vigna catjang,Grain Legumes,veg,raw,320,21.25,1.14,65.47,11.7,53.77,1.18,84.1,5.04,12.5,1243.0,,,1,,,
F00031,IFCT2017,B007,"Field bean, black","A. Urohi guti; B. Shim; E. Common bean, Fieldbean, Broad bean, String bean; G. Valpapdi; H. Sem; Kan. Avare; Kash. Moang; Kh. Symbai Ri iong; Mal. Avar; Mar. Papta; O. Baragudi; P. Sem dal; Tam. Mochai; Tel. Chikkudu ginjalu.",Phaseolus vulgaris,Grain Legumes,veg,raw,276,19.93,0.92,66.86,23.4,43.46,1.15,78.2,4.5,1.4,1272.0,,,1,,,
F00032,IFCT2017,B008,"Field bean, brown","A. Urohi guti; B. Shim; E. Common bean, Fieldbean, Broad bean, String bean; G. Valpapdi; H. Sem; Kan. Avare; Kash. Moang; Kh. Symbai ri saw; Mal. Avar; Mar. Papta; O. Baragudi; Tam. Mochai; Tel. Chikkudu ginjalu.",Phaseolus vulgaris,Grain Legumes,veg,raw,283,19.9,0.98,67.64,22.4,45.24,1.17,75.2,4.99,1.4,1245.0,,,1,,,
F00033,IFCT2017,B009,"Field bean, white","A. Urohi guti; B. Shim; E. Common bean, Fieldbean, Broad bean, String bean; G. Valpapdi; H. Sem; Kan. Avare; Kash. Moang; Kh. Symbai Ri lieh; Mal. Avar; Mar. Papta; O. Baragudi; Tam. Mochai; Tel. Chikkudu ginjalu.",Phaseolus vulgaris,Grain Legumes,veg,raw,280,19.84,0.94,67.52,22.99,44.53,1.07,77.2,5.5,1.7,1360.0,,,1,,,
F00034,IFCT2017,B010,"Green gram, dal","A. Dhua mogu dail; B. Mung dal; E. Mung bean, Maash, Moong; G. Mug ni daad; H. Mug dal; Kan. Hesara bele; Kash. Muang dal; Kh. U dai stem; Mal. Cheru payar parippu; M. Mung Hawai; Mar. Mug dal; N. Moong ko khoste; O. Muga Dali; P. Mungi-di-dal; Tam. Payatham paruppu; Tel. Pesara pappu; U. Moong dal.",Phaseolus aureus,Grain Legumes,veg,raw,326,23.88,1.35,61.96,9.37,52.59,0.95,43.1,3.93,10.1,1268.0,,,1,,,
F00035,IFCT2017,B011,"Green gram, whole","A. Gota mogu mah; B. Moog; E. Mung bean, Maash, Moong; G. Mug; H. Mung; Kan. Hesare kalu; Kash. Muang; Kh. U dai jyrngam; Mal. Cheru Pararu; M. Mung Hawai; Mar. Mun; N. Moong; O. Muga; P. Sabut moong dal; S. Mudra; Tam. Pasipayir; Tel. Pesalu; U. Moong.",Phaseolus aureus,Grain Legumes,veg,raw,294,22.53,1.14,63.17,17.04,46.13,0.54,92.4,4.89,12.5,1177.0,,,1,,,
F00036,IFCT2017,B012,"Horse gram, whole","B. Kulotto- kalai; E. Kulthi bean, Hurali, Madras gram; G. Kuleeth; H. Kulthi; Kan. Hurule; Kash. Kurath; Mal. Muthira; Mar. Kuleeth; N. Bakulla; O. Kolatha; S. Kulattha; Tam. Kollu; Tel. Ulavalu; U. Kulthi.",Dolicus biflorus,Grain Legumes,veg,raw,330,21.73,0.62,65.12,7.88,57.24,0.35,269.0,8.76,12.1,1065.0,,,1,,,
F00037,IFCT2017,B013,Lentil dal,A. Masur dail; B. Mosur dal; G. Masoor ni daad; H. Masoor dal; Kan. Laki Bele; Kash. Masoor; Kh. U dai saw; Mal. Vattu parippu; M. Hawai Masuri; Mar. lank dal; O. Masura dali; P. Dhooli masari dal; S. Triputta; Tam. Khesari paruppu; Tel. Lanka pappu.,Lens culinaris,Grain Legumes,veg,raw,322,24.35,0.75,62.96,10.43,52.53,1.95,44.3,7.06,10.3,786.0,,,1,,,
F00038,IFCT2017,B014,"Lentil whole, brown",A. Gota masur mah; B. Mosur; G. Masoor (Kathai); H. Masur dal; Kan. Masur bele; Kash. Masoor; Mal. Masur parippu; M. Hawai Masuri; Mar. Masur dal; N. Musuroo; O. Masura; P. Saboot masari dal; S. Masura; Tam. Mysore paruppu; Tel. Misur pappu; U. Masur dal.,Lens culinaris,Grain Legumes,veg,raw,299,22.49,0.64,65.29,16.82,48.47,1.63,76.1,7.57,11.2,756.0,,,1,,,
F00039,IFCT2017,B015,"Lentil whole, yellowish",H. Masur dal; Tel. Misur pappu; Tam. Mysore paruppu; Kan. Masur bele; Mal. Masur parippu; Mar. Masur dal; O. Masura; B. Mosur; G. Masoor rakhoda; P. Saboot masari dal; U. Masur dal; A. Mosur (Dail); Kash. Masoor; S. Masura Musuroo; M. Hawai Masuri; Kh. U dai saw.,Lens culinaris,Grain Legumes,veg,raw,298,22.87,0.61,64.57,16.66,47.91,1.5,76.7,7.91,10.9,764.0,,,1,,,
F00040,IFCT2017,B016,Moth bean,"E. Mat bean, Turkish gram, Dew bean; H. Motha; Tam. Narippayir; Kan. Matki Kal; Mar. Matki; B. Kheri; G. Math; P. Bhiopnitam; P. Moth dal; Kh. Rymbai.",Vigna aconitifolia,Grain Legumes,veg,raw,309,19.75,1.76,67.21,15.12,52.09,1.36,154.0,7.9,26.3,1356.0,,,1,,,
F00041,IFCT2017,B017,"Peas, dry","A. Gota motor; B. Matar; G. Sukha vatana; H. Sukhi Matar; Kan. Batani; Kash. Kaza; Kh. Shana mator; Mal. Pattani; Tam. Pattani; O. Matara; P. Sukhe hare matar dal; Kan., Tel. Batani; Kash. Kara; M. Hawai mangal.",Pisum sativum,Grain Legumes,veg,raw,303,20.43,1.89,65.94,17.01,48.93,2.03,75.1,5.09,23.4,922.0,,,1,,,
F00042,IFCT2017,B018,"Rajmah, black","A. Rajmah; B. Barbati beej; E. Rajma, Razma; G. Phansi (Kadi); H. Rajmah; Kan. Thugare bele; Kash. Razma; Kh. Rajma heh; Mal. Rajmah; M. Rajmah; Mar. Shravangheveda; N. Rajma; P. Kale rajmah; S. Makussttaka; Tam. Karamani Payir; Tel. Barigalu; U. Rajma.",Phaseolus vulgaris,Grain Legumes,veg,raw,298,19.01,1.62,67.33,17.74,49.59,2.02,134.0,6.17,9.4,1362.0,,,1,,,
F00043,IFCT2017,B019,"Rajmah, brown","A. Rajmah; B. Barbati beej; E. Rajma, Razma; G. Phansi (Gulabi); H. Rajmah; Kan. Thugare bele; Kash. Razma; Kh. Rajma lieh; Mal. Rajmah; M. Rajmah; Mar. Shravangheveda; N. Rajma; P. Bhoore rajmah; S. Makussttaka; Tam. Karamani Payir; Tel. Barigalu; U. Rajma.",Phaseolus vulgaris,Grain Legumes,veg,raw,298,19.5,1.68,65.78,16.95,48.83,2.27,134.0,6.3,10.5,1366.0,,,1,,,
F00044,IFCT2017,B020,"Rajmah, red","A. Rajmah; B. Barbati beej; E. Rajma, Razma; G. Phansi (lal); H. Rajmah; Kan. Thugare bele; Kash. Razma; Kh. Rajma rit; Mal. Rajmah; M. Rajmah; Mar. Shravangheveda; N. Rajma; P. Lal rajmah; S. Makussttaka; Tam. Karamani Payir; Tel. Barigalu; U. Rajma.",Phaseolus vulgaris,Grain Legumes,veg,raw,299,19.91,1.77,65.18,16.57,48.61,1.52,126.0,6.13,10.4,1324.0,,,1,,,
F00045,IFCT2017,B021,"Red gram, dal","A. Rohor dail; B., Kash., H. Arhar dal; E. Pigeon pea; G. Tuver ni daad; Kan. Thugare bele; Kash. Masur; Kh. Dai shana; Mal. Tuvaru parippu; M. Mairongbi; Mar. Turdal; N. Rahar ko dal; O. Harada dal; P. Arhar dal; S. Aaddhakii; Tel. Kandi pappu; Tam. Tuvaramparuppu; U. Tuvar ki dal.",Cajanus cajan,Grain Legumes,veg,raw,331,21.7,1.56,64.29,9.06,55.23,2.08,71.7,3.9,18.0,1395.0,40,1 serving raw (makes 1 katori cooked),1,,,
F00046,IFCT2017,B022,"Red gram, whole",A. Gota rohor; E. Pigeon pea; G. Tuver; H. Arhar sabud; Kash. Masur; Kh. Rymbai ja; Mal. Tuvaru parippu; M. Mairongbi; Mar. Turdal; O. Harada; P. Arhar sabut dal; Tam. Tuvarai; Tel. Kandulu; U. Tuvar.,Cajanus cajan,Grain Legumes,veg,raw,274,20.47,1.38,65.32,22.84,42.48,1.3,139.0,5.37,19.0,1303.0,,,1,,,
F00047,IFCT2017,B023,Ricebean,B. Galmoong; E. Ricebean; H. Meth; Kh. Rymbai ja; Mal. Kattuzhunnu; M. Chakwai ; N. Shiltong.,Vigna umbellata,Grain Legumes,veg,raw,302,19.97,0.74,64.63,13.37,51.26,1.33,200.0,4.76,10.6,1196.0,,,1,,,
F00048,IFCT2017,B024,"Soya bean, brown",A. Soya bean; B. Garikalai; E. Soybean; G. Soya bean; H. Bhatmas; Kan. Soya bean; Kash. Muth; Kh. Toh rymbai; Mal. Soya bean; M. Nunghawai; Mar. Soya bean; N. Bhatmas; O. Soya bean; P. Soya bean dal; Tam. Soya bean; Tel. Soya bean; U. Soya.,Glycine max,Grain Legumes,veg,raw,381,35.58,19.82,34.34,21.55,12.79,2.51,239.0,8.29,2.1,1613.0,,,1,,,
F00049,IFCT2017,B025,"Soya bean, white",A. Soya bean; B. Garikalai; E. Soybean; G. Soya bean; H. Bhatmas; Kan. Soya bean; Kash. Muth; Kh. Toh rymbai; Mal. Soya bean; M. Nunghawai; Mar. Soya bean; N. Bhatmas; O. Soya bean; P. Soya bean dal; Tel. Soya bean; Tam. Soya bean; U. Soya.,Glycine max,Grain Legumes,veg,raw,377,37.8,19.42,32.79,22.63,10.16,2.2,195.0,8.22,2.8,1634.0,,,1,,,
F00050,IFCT2017,C001,Agathi leaves,"A. Bok phular paat; B. Bak ful shak; E. August tree leaves, Humming bird tree leaves, spinach; G. Agathio; H. Agasthi; Kan. Agase soppu; Mal. Agathi cheera; M. Chu chu Rangmei; Mar. Agasthi ka sag; O. Agasti; Tam. Agathi keerai; Tel. Avise akulu.",Sesbania grandiflora,Green Leafy Vegetables,veg,raw,71,8.01,1.35,13.81,8.6,5.21,0.23,901.0,4.36,18.1,674.0,,,1,,,
F00051,IFCT2017,C002,"Amaranth leaves, green",A. Moricha sak; B. Notya Shaakh; G. Taldalja ni bhaaji; H. Chaulai; Kan. Danthu; Kash. Mawal; Mal. Cheera; M. Chengkruk; Mar. Math; N. Latte to saag; O. Neutia sag; P. Chaulai sag; S. Maarissa; Tam. Thandu keerai; Tel. Thotakoora; U. Cholai.,Amaranthus gangeticus,Green Leafy Vegetables,veg,raw,31,3.29,0.65,6.69,4.41,2.28,0.32,330.0,4.64,16.1,572.0,,,1,,,
F00052,IFCT2017,C003,"Amaranth leaves, red mix",A. Moricha; B. Lal Shaakh; G. Lal tandaljo; H. Chaulai; Kan. Danthu; Kash. Mawal; Mal. Cheera; M. Chengkruk; Mar. Math; N. Latte to saag; O. Neutia sag; P. Lal chaulai sag; S. Maarissa; Tel. Thotakoora; Tam. Thandu keerai; U. Cholai.,Amaranthus gangeticus,Green Leafy Vegetables,veg,raw,33,3.93,0.63,7.28,4.91,2.37,0.28,245.0,7.25,14.6,564.0,,,1,,,
F00053,IFCT2017,C004,"Amaranth leaves, red and green mix",A. Moricha; B. Notya Shaakh; G. Tandaljo; H. Chaulai; Kan. Danthu; Kash. Mawal; Mal. Cheera; M. Chengkruk; Mar. Math; N. Latte to saag; O. Neutia sag; P. Chaulai sag; S. Maarissa; Tam. Thandu keerai; Tel. Thotakoora; U. Cholai.,Amaranthus gangeticus,Green Leafy Vegetables,veg,raw,32,3.09,0.53,7.47,4.6,2.87,0.15,269.0,5.28,17.6,597.0,,,1,,,
F00054,IFCT2017,C005,"Amaranth spinosus, leaves, green mix",A. Moricha sak; B. Kanta-notya; G. Kanta vado tandaljo; H. Kantewali-notya; Kan. Mulla danthu; Kash. Mawal; Mal. Mullancheru- cheera; M. Chengkruk; Mar. Kantemanth; O. Kanta notay shak; P. Kantewali chaulai; Tam. Mulaikeerai; Tel. Mulla thotakura.,Amaranthus spinosus,Green Leafy Vegetables,veg,raw,26,3.54,0.36,6.71,5.1,1.61,0.14,359.0,6.37,15.7,569.0,,,1,,,
F00055,IFCT2017,C006,"Amaranth spinosus, leaves, red and green mix",B. Kanta-notya shaak; G. Kanta vado tandaljo; H. Kantewali-notya; Kan. Mulla danthu; Kash. Mawal; Kh. Sla longmar; Mal. Mullancheru-cheera; M. Chengkruk; Mar. Kantemanth; O. Kanta neutia sag; P. Kantewali chaulai; Tam. Mulakeerai; Tel. Mulla thotakura.,Amaranthus spinosus,Green Leafy Vegetables,veg,raw,24,2.8,0.34,7.02,5.57,1.45,0.13,372.0,4.58,16.3,588.0,,,1,,,
F00056,IFCT2017,C007,Basella leaves,A. Puroi sak; B. Pui shaak; E. Malabar spinach; G. Poi ni bhaji; H. Palak; Kan. Basale soppu; Kh. Sla palong dkhar; Mal. Vallicheera; Mar. Mayalu; O. Poi saaga; P. Paalak; Tam. Kodippasali; Tel. Bachhali.,Basella alba,Green Leafy Vegetables,veg,raw,20,1.57,0.45,4.22,2.21,2.01,0.02,93.9,4.2,18.7,337.0,,,1,,,
F00057,IFCT2017,C008,Bathua leaves,A. Jilmil sak; B. Beto sak; G. Chilni bhaji; H. Bathua sagu; Kan. Sakothina soppu; Kash. Ushtahak; Kh. Sla jada; Mal. Parippuchira; M. Monsaobi; Mar. Chakavath; N. Bethe ko saag; O. Bathua sag; P. Bathu sag; Tel. Pappukura; Tam. Paruppukkeerai.,Chenopodium album,Green Leafy Vegetables,veg,raw,28,2.5,0.44,6.57,4.01,2.56,0.52,211.0,2.66,10.8,438.0,,,1,,,
F00058,IFCT2017,C009,Beet greens,A. Beetar sak; E. Beet greens; G. Beet ni bhaji; H. Chukandhar sag; Kan. Beet root soppu; Kash. Chogander Munji; Kh. Sla bit; Mal. Beet root cheera; Mar. Beet root ka sag; N. Bengali Palungo ko Saag; P. Chukandhar da sag; Tam. Beet root keerai; Tel. Beet root; U. beet patta.,Beta vulgaris,Green Leafy Vegetables,veg,raw,35,2.38,0.75,7.5,3.64,3.86,0.13,151.0,5.8,111.0,530.0,,,1,,,
F00059,IFCT2017,C010,"Betel leaves, big (kolkata)",A. paan; B. Pan; G. Nagarvelna pan; H. Pan ka patha; Kan. Kadale soppu; Kh. Tympew Dkhar; Mal. Vettiiai; M. Kwa Mana; Mar. Pan-ka-patta; O. Pana; P.  Pan-da-patta; Tam. Vetrilai; Tel. Thamala paku; U. Paan ka patta.,Piper betle,Green Leafy Vegetables,veg,raw,48,2.51,0.75,9.49,2.12,7.37,0.37,207.0,3.0,16.8,649.0,,,1,,,
F00060,IFCT2017,C011,"Betel leaves, small",A. Paan; B. Pan; G. Nagarvelna pan; H. Pan ka patha; Kan. Kadale soppu; Kh. Tympew; Mal. Vettiiai; M. Kwa Mana; Mar. Pan-ka-patta; O. Pana; P. Pan-da-patta; Tel. Thamala paku; Tam. Vetrilai; U. Paan ka patta.,Piper betle,Green Leafy Vegetables,veg,raw,44,2.62,0.75,8.13,1.97,6.16,0.4,196.0,2.87,14.0,678.0,,,1,,,
F00061,IFCT2017,C012,Brussels sprouts,B. Biliti Bandhakopi; G. Nani kobi; H. Choote gobi; Kan. Mara kosu; Kash. Haakh; Mal. Kalakose; Mar. Chotee gobi; O. Chota bandha; P. Chooti band gobi; Tam. Kalaikose; Tel. Chinna cabbage; U. Choti bund gobh.,Brassica oleracea var. gemmifera,Green Leafy Vegetables,veg,raw,44,4.26,0.5,9.38,4.29,5.09,0.17,54.0,1.54,18.5,639.0,,,1,,,
F00062,IFCT2017,C013,"Cabbage, Chinese",A. China lai; G. Chinese kobi; Kash. Bandh; Kh. Salat chaina.,Brassica rupa,Green Leafy Vegetables,veg,raw,18,1.58,0.13,4.37,2.01,2.36,0.42,58.5,0.39,20.3,258.0,,,1,,,
F00063,IFCT2017,C014,"Cabbage, collard greens",G. Kobi na pan; Kash. Bandh; Kh. Sla kubi; Tam. Seemai parattai keerai.,Brassica oleracea var. viridis,Green Leafy Vegetables,veg,raw,30,3.63,0.27,5.77,2.98,2.79,0.76,170.0,2.67,23.0,292.0,,,1,,,
F00064,IFCT2017,C015,"Cabbage, green",A. Bondhakobi; B. Badha kopi; G. Lili kobi; H. Bandh gobi; Kan. Kosu; Kash. Bandh gobi; Kh. Kubi; Mal. Muttu gose; M. Kobi Mana; Mar. Kobi; N. Banda kovi; O. Bandha kobi; P. Patta gobhi; S. Shaakaprabhedah; Tel. Gos koora; Tam. Muttaikose; U. Gobhi.,Brassica oleracea var. capitata f. alba,Green Leafy Vegetables,veg,raw,22,1.36,0.12,6.01,2.76,3.25,1.0,51.8,0.35,15.0,233.0,,,1,,,
F00065,IFCT2017,C016,"Cabbage, violet","A. Bondhakobi; B. Badha kopi; E. Red cabbage, Purple cabbage, Red Kraut, Blur kraut; G. Lal kobi; H. Bandh gobi; Kan. Kosu; Kash. Bandh gobi; Kh. Kubi saw; Mal. Muttu gose; Mar. Kobi; N. Banda kovi; O. Bandha kopee; P. Patta gobhi; S. Shaakaprabhedah; Tam. Muttaikose; Tel. Gos koora; U. Gobhi.",Brassica oleracea var. capitata f. rubra,Green Leafy Vegetables,veg,raw,23,1.39,0.21,5.75,2.21,3.54,0.8,48.0,0.24,24.0,201.0,,,1,,,
F00066,IFCT2017,C017,Cauliflower leaves,A. Phul kobir pat; B. Phul gopi pata; G. Fulawar na pan; H. Phul gobi patta; Kan. Hukosu; Kash. Phoolgobi panwathir; Kh. Sla phul; Mal. Cauliflower; M. Kobithamchetmai mana; Mar. Phul gobi; N. Kauli; O. Phula Kobi patra; P. Phool gobi di patte; S. Gojihvaa; Tam. Pookosu keerai; Tel. Go puvvu; U. Phul gobi.,Brassica oleracea var. botrytis,Green Leafy Vegetables,veg,raw,35,3.9,0.42,6.82,3.43,3.39,0.61,96.7,2.42,24.3,374.0,,,1,,,
F00067,IFCT2017,C018,"Colocasia leaves, green",A. Kasu sak; B. Kochu pata; G. Advi na pan; H. Arvi ka sag; Kan. Shamangadda yele; Kh. Sla wang; Mal. Chembu ilagal; M. Paan mana; Mar. Alu pan; N. Karkalo; O. Saru saga; P. Arbi-di-patte; Tam. Seppam ilaigal; Tel. Chama akulu; U. Arvi ka patta.,Colocasia anti-quorum,Green Leafy Vegetables,veg,raw,43,3.42,1.38,9.29,5.6,3.69,0.63,216.0,3.41,12.1,404.0,,,1,,,
F00068,IFCT2017,C019,Drumstick leaves,"A. Sajina paat; B. Sajna pata; E. Horseradish leaves, Benzoil leaves; G. Saragwa na pan; H. Saijan patta; Kan. Nuggeyele; Mal. Muringa ela; M. Sajana mana; Mar. Shevaga pan; O. Sajna sag; P. Soanjhna da patta; Tam. Murungai keerai; Tel. Mulaga akulu; U. Sujineki palli.",Moringa oleifera,Green Leafy Vegetables,veg,raw,67,6.41,1.64,13.83,8.21,5.62,0.02,314.0,4.56,9.3,397.0,,,1,,,
F00069,IFCT2017,C020,Fenugreek leaves,A. Methi paat; B. Methi shak; G. Methi pandada; H. Methi sag; Kan. Menthya soppu; Kash. Kasori Methi; Kh. Sla methi; Mal. Uluva ila; M. Methi man; Mar. Methi sag; N. Methi pata; O. Methi sag; P. Methi di patte; Tel. Menthikoora; Tam. Vendhaiya keerai; U. Methi.,Trigonella foenum graecum,Green Leafy Vegetables,veg,raw,34,3.68,0.83,7.07,4.9,2.17,0.88,274.0,5.69,47.0,226.0,,,1,,,
F00070,IFCT2017,C021,Garden cress,A. Bor manimuni; B. Halim sag; G. Asadio na pan; H. Halim ka patta; Kan. Allibija soppu; Kash. Halyun; Kh. Khliang syiar; Mal. Alivirai cheera; Mar. Ahiva ka patta; N. Chamsoor ko Saag; O. Kakharu Saga; P. Halim-da-sag; Tam. Alivirai keerai; Tel. Adityala akulu.,Lepidium sativum,Green Leafy Vegetables,veg,raw,50,5.62,0.8,7.08,2.6,4.48,0.92,217.0,6.19,25.4,379.0,,,1,,,
F00071,IFCT2017,C022,"Gogu leaves, green",A. Tengamora; B. Mestapat; E. Roselle Leaves; G. Ambadi; H. Pitwa; Kan. Pundi; Kh. Sla jajew jyrngam; Mal. Pulichai cheera; M. Sougri mana; Mar. Ambadi; O. Nalite saga; P. Pitwa sag; Tam. Pulichchai keerai; Tel. Gongura; U. Ambada ki bhaji.,Hibiscus cannabinus,Green Leafy Vegetables,veg,raw,36,1.86,1.09,8.65,4.59,4.06,0.01,145.0,7.65,12.3,260.0,,,1,,,
F00072,IFCT2017,C023,"Gogu leaves, red",A. Tengamora; B. Mestapat; E. Roselle Leaves; G. Ambadi; H. Pitwa; Kan. Pundi; Kh. Sla jajew saw; Mal. Pulichai cheera; M. Sougri mana; Mar. Ambadi; O. Nalite saga; P. Pitwa sag; Tam. Pulichchai keerai; Tel. Gongura; U. Ambada ki bhaji.,Hibiscus cannabinus,Green Leafy Vegetables,veg,raw,37,1.85,1.07,8.13,3.89,4.24,0.01,129.0,9.56,14.1,161.0,,,1,,,
F00073,IFCT2017,C024,"Knol-Khol, leaves","A. Ool kobi; B. Olkopi sag; E. Knol Knol, Kohlrabi, Wild cabbage greens; G. Gath kobi na pan; H. Ganth gobi ka sag; Kan. Gedde kosu; Kash. Hakh Monji; Kh. Phan Kubi; Mal. Knol-khol cheera; M. Kobi Maru Kabi; Mar. Nol khol ka patta; N. Salgam ko saag; O. Ulgobi saga; P. Ganth gobi sag; Tam. Knol-Khol keerai; Tel. Knol-khol akulu.",Brassica oleracea var. gongylodes,Green Leafy Vegetables,veg,raw,43,3.12,0.35,8.92,2.76,6.16,0.1,368.0,2.51,26.8,309.0,,,1,,,
F00074,IFCT2017,C025,Lettuce,A. Salad paat; G. Lettuce na pan; H. Salad ka patta; Kan. Lettuce soppu; Kash. Hakh; Kh. Salat dkhar; Mal. Lettuce cheera; Mar. Lettuce ka patta; N. Saalad ko paat; P. Salada sag; Tam. Ilaikosu; Tel. Kavu akulu; U. Kismisaag.,Lactuca sativa,Green Leafy Vegetables,veg,raw,22,1.54,0.27,4.8,1.79,3.01,0.22,56.7,2.73,17.5,279.0,,,1,,,
F00075,IFCT2017,C026,Mustard leaves,A. Horiyo paat; B. Sorisa sag; E. Mustard greens; G. Sarasava pandada; H. Sarson ka sag; Kan. Sasuve yele; Kash. Hakh; Kh. Tyrso; Mal. Kadugu ila; M. Hangaam; Mar. Mochari-chi pan; N. Raayo ko Saag; O. Sarson ka saga; P. Saro da sag; Tam. Kadugu ilai; Tel. Ava akulu; U. Sarson ki patta.,Brassica juncea,Green Leafy Vegetables,veg,raw,30,3.52,0.51,6.33,3.92,2.41,0.04,191.0,2.84,19.1,403.0,,,1,,,
F00076,IFCT2017,C027,Pak Choi leaves,"E. Bok choy, Horse`s ear, Chinese celery cabbage, White mustard cabbage; G. Pak choi na pan.",Brassica rapa var. Chinensis,Green Leafy Vegetables,veg,raw,16,1.41,0.25,3.69,1.91,1.78,0.52,150.0,3.78,33.7,250.0,,,1,,,
F00077,IFCT2017,C028,Parsley,A. Sugandhi lota; E. Garden parsley; G. Leela dhana; Mal. Seema malli; Mar. Kothimbir/dhane; Tam. Verkosu; Kan. Auchumooda; U. Ajmod; P. Parsley.,Petroselinum crispum,Green Leafy Vegetables,veg,raw,73,5.55,1.14,13.3,3.87,9.43,0.69,288.0,5.51,53.1,466.0,,,1,,,
F00078,IFCT2017,C029,Ponnaganni,A. Matikaduri; B. Khanchari;G. Saranthi na pan; H. Saranthi sag; Kan. Honagone soppu; Mal. Ponnaganni cheera; M. Phakchet; Mar. Saranthi sag; O. Madarangh; Tam. Ponnaganni keerai; Tel. Ponnaganti koora; U. Kunte ki bhaji.,Alternanthera sessilis,Green Leafy Vegetables,veg,raw,51,5.29,0.71,11.91,6.74,5.17,0.44,388.0,3.88,39.4,457.0,,,1,,,
F00079,IFCT2017,C030,"Pumpkin leaves, tender",A. Rongalao paat; B. Kumra shak; G. Kolam na pan; H. Kumhra sag; Kan. Kumbale soppu; Kash. Aal kaniji; Kh. Sla pathaw; Mal. Manthan elakai; M. Mairen mana; Mar. Bhopla chipan; O. Khakaru saga; P. Petha de pate; Tel. Gummadi akulu; Tam. Parangi ilai; U. Kaddu ka patta.,Cucurbita maxima,Green Leafy Vegetables,veg,raw,44,4.21,0.74,7.0,2.25,4.75,0.1,271.0,5.58,12.2,423.0,,,1,,,
F00080,IFCT2017,C031,Radish leaves,A. Dherua; B. Mulo shak; G. Muda na pan; H. Muli ka sag; Kan. Mullangi soppu; Kash. Mooji Hakh; Kh. Sla muli; Mal. Mullangi ilaigal; M. Hangham mula; Mar. Mula ka sag; N. Moolaa ko saag; O. Mula ka sag; P. Muli di patte; Tel. Mullangi akulu; Tam. Mullangi ilai; U. Muli ka patta..,Raphanus sativus,Green Leafy Vegetables,veg,raw,26,2.22,0.51,4.59,1.82,2.77,0.29,234.0,3.82,17.4,304.0,,,1,,,
F00081,IFCT2017,C032,Rumex leaves,A. Suka sak; B. Bun palung; G. Ambada (sorrel); Kan. Chukki soppu; Mar. Amlavetasa; S. Amlavetasa; U. Tukhm hummaz.,Rumex patientia,Green Leafy Vegetables,veg,raw,20,1.62,0.33,3.6,1.27,2.33,0.45,131.0,3.67,19.9,336.0,,,1,,,
F00082,IFCT2017,C033,Spinach,A. Paleng; B. Palong shak; G. Palak ni bhaji; H. Palak; Kan. Spinak soppu; Kash. Palak; Kh. Palong heh; Mal. Basala cheera; M. Palak; Mar. Palak; N. Paalungo ko Saag; O. Palang sag; P. Palak; S. Paalakya; Tam. Pasalai keerai; Tel. Palakoora; U. Palak.,Spinacia oleracea,Green Leafy Vegetables,veg,raw,24,2.14,0.64,4.43,2.38,2.05,0.24,82.3,2.95,42.5,625.0,,,1,,,
F00083,IFCT2017,C034,"Tamarind leaves, tender","B. Tetul pata; G. Amli na pan; H., P. Imli patte; K. Hunise chiguru; Mal., Tam. Puliam ilaigal; Mar. Chinchecha pala; O. Tentuli; Tel. Chinta chiguru; A. Teteli paat; M. Mange Mana; Kh. Sla sohkyntoi.",Tamarindus indica,Green Leafy Vegetables,veg,raw,71,5.84,0.49,20.74,10.7,10.04,0.17,66.9,2.84,13.4,465.0,,,1,,,
F00084,IFCT2017,D001,Ash gourd,"A. Kumura; B. Chalkumra; E. Wax gourd, White gourd, Winter gourd, Tallow gourd, Ash pumpkin, Winter melon, Chinese preserving melon; G. Bhuru kodu; H. Petha; Kan. Budagumbala; Kash. Aal; Kh. Pathaw iiwbih; Mal. Kumbalanga; M. Torbot; Mar. Kohala; N. Kubhindo; O. Panikakharu; P. Petha; Tam. Venpoosani; Tel. Boodida gummadi; U. Peta.",Benincasa hispida,Other Vegetables,veg,raw,17,0.79,0.14,6.21,3.37,2.84,0.19,19.4,0.47,0.8,372.0,,,1,,,
F00085,IFCT2017,D002,"Bamboo shoot, tender","A. Bahgaj; B. Bansber ankur; E. Bamboo sprouts; G. Lilo vans; H. Baans; Kan. Baimbale, Kanile; Kh. Ka lung siej; Mal. Mulankoombu; M. Soidon; Mar. Kalkipan; O. Bhet ki lakdi; P. Baans; Tam. Moongil kuruthu; Tel. Veduru chiguru; U. Bhet ki lakdi.",Bambusa vulgaris,Other Vegetables,veg,raw,16,1.33,0.35,3.22,1.55,1.67,0.09,10.0,0.33,1.1,422.0,,,1,,,
F00086,IFCT2017,D003,"Bean scarlet, tender","A. Lesera mah; E. Runner bean, Scarlet runner bean, Multiflora bean; G. Chodi; H. Sem; Kash. Hyambi; Kh. U buri; M. Hawai Ashaangbi; P. Sem fali.",Phaseolus coccineus,Other Vegetables,veg,raw,43,2.86,0.99,9.66,4.5,5.16,1.03,43.5,0.73,1.5,164.0,,,1,,,
F00087,IFCT2017,D004,"Bitter gourd, jagged, teeth ridges, elongate","A. Kerela; B. Korola; E. Bitter melon, Bitter squash, Balsam pear; G. Karela; H. Karela; Kan. Hagal kai; Kash. Karela; Kh. Kerela heh; Mal. Kaippakka; M. Karon Akhabi; Mar. Karle ; N. Tite karela; O. Kalara; P. Karela; S. Tillikaa; Tel. Kakara kaya; Tam. Paavakkai; U. Karela.",Momordica charantia,Other Vegetables,veg,raw,21,1.44,0.24,6.6,3.78,2.82,0.04,21.4,1.15,13.1,326.0,,,1,,,
F00088,IFCT2017,D005,"Bitter gourd, jagged, teeth ridges, short","A. Kerela; B. Uchhe; E. Bitter melon, Bitter squash, Balsam pear; G. Marela; H. Karela; Kan. Hagal kai; Kash. Karela; Kh. Kerela rit; Mal. Kaippakka; M. Karon Akhabi; Mar. Karle; N. Tite karela; O. Kalara; P. Karela; S. Tillikaa; Tam. Paavakkai; Tel. Kakara kaya; U. Karela.",Momordica charantia,Other Vegetables,veg,raw,19,1.34,0.24,6.02,3.49,2.53,0.06,16.3,1.08,12.6,282.0,,,1,,,
F00089,IFCT2017,D006,"Bitter gourd, jagged, smooth ridges, elongate","A. Kerela; B. Korola; E. Bitter melon, Bitter squash, Balsam pear; G. Karela; H. Karela; Kan. Hagal kai; Kash. Karela; Kh. Kerela; Mal. Kaippakka; M. Karon Akhabi; Mar. Karle; N. Tite karela; O. Kalara; P. Karela; S. Tillikaa; Tam. Paavakkai; Tel. Kakara kaya; U. Karela.",Momordica charantia,Other Vegetables,veg,raw,19,1.61,0.26,6.01,3.72,2.29,0.08,17.6,1.28,11.2,356.0,,,1,,,
F00090,IFCT2017,D007,"Bottle gourd, elongate, pale green","A. Jatilao; B. Lau; E. Calabash, White flowered gourd; G. Dudhi; H. Lowki; Kan. Sorekai; Kash. Zeeth aal; Kh. U klong; Mal. Cheranga; M. Khongdrum; Mar. Pandhara; N. Lauka; O. Lau; P. Kadu; S. Kaarabellam; Tam. Suraikkai; Tel. Sorrakaya; U. Lowki.",Lagenaria vulgaris,Other Vegetables,veg,raw,11,0.53,0.13,3.8,2.12,1.68,0.36,15.4,0.26,1.5,124.0,,,1,,,
F00091,IFCT2017,D008,"Bottle gourd, round, pale green","A. Jatilao; B. Lau; E. Calabash, White flowered gourd; G. Dudhi; G. Dudhi; H. Lowki; Kan. Sorekai; Kash. Gool aal; Kh. U klong heh; Mal. Cheranga; M. Khongdrum; Mar. Pandhara; N. Lauka; O. Lau; P. Kdu; S. Kaarabellam; Tam. Suraikkai; Tel. Sorrakaya; U. Lowki.",Lagenaria vulgaris,Other Vegetables,veg,raw,14,0.42,0.12,4.63,2.1,2.53,0.34,15.0,0.28,1.5,116.0,,,1,,,
F00092,IFCT2017,D009,"Bottle gourd, elongate, dark green","A. Jatilao; B. Lau; E. Calabash, White flowered gourd; G. Dudhi; G. Dudhi; H. Lowki; Kan. Sorekai; U. Lowki; Kash. Zeth aal; Kh. Klong jrong; Mal. Cheranga; M. Khongdrum; Mar. Pandhara; N. Lauka; O. Lau; P. Kadu; S. Kaarabellam; Tam. Suraikkai; Tel. Sorrakaya.",Lagenaria vulgaris,Other Vegetables,veg,raw,13,0.49,0.13,4.36,2.11,2.25,0.39,16.6,0.34,1.4,171.0,,,1,,,
F00093,IFCT2017,D010,Brinjal-1,"A. Bengena; B. Begun; E. Eggplant, Aubergine; G. Ringna; H. Baingan; Kan. Badane; Kash. Wagun; Kh. Sohbaingon jyrngam; Mal. Vazhuthiniga; M. Lam Khamen; Mar. Vange; N. Bhantaa; O. Baigan; P. Baigan; S. Vruntaakam; Tam. Kathirikkai; Tel. Vankaya; U. Baigan.",Solanum melongena,Other Vegetables,veg,raw,27,1.77,0.39,7.06,3.57,3.49,0.88,22.2,0.49,3.1,302.0,,,0,,,
F00094,IFCT2017,D011,Brinjal-2,"A. Bengena; B. Begun; E. Eggplant, Aubergine; G. Ringna; H. Baingan; Kan. Badane; Kash. Wagun; Kh. Sohbaingon jyrngam; Mal. Vazhuthiniga; M. Lam Khamen; Mar. Vange; N. Bhantaa; O. Baigan; P. Baigan; S. Vruntaakam; Tam. Kathirikkai; Tel. Vankaya; U. Baigan.",Solanum melongena,Other Vegetables,veg,raw,24,1.82,0.34,6.72,4.01,2.71,0.98,17.1,0.44,3.9,206.0,,,0,,,
F00095,IFCT2017,D012,Brinjal-3,"A. Bengena; B. Begun; E. Eggplant, Aubergine; G. Ringna; H. Baingan; Kan. Badane; Kash. Wagun; Kh. Sohbaingon jyrngam; Mal. Vazhuthiniga; M. Lam Khamen; Mar. Vange; N. Bhantaa; O. Baigan; P. Baigan; S. Vruntaakam; Tam. Kathirikkai; Tel. Vankaya; U. Baigan.",Solanum melongena,Other Vegetables,veg,raw,24,1.36,0.33,7.64,4.26,3.38,0.93,14.6,0.34,3.1,192.0,,,0,,,
F00096,IFCT2017,D013,Brinjal-4,"A. Bengena; B. Begun; E. Eggplant, Aubergine; G. Ringna; H. Baingan; Kan. Badane; Kash. Wagun; Kh. Sohbaingon jyrngam; Mal. Vazhuthiniga; M. Lam Khamen; Mar. Vange; N. Bhantaa; O. Baigan; P. Baigan; S. Vruntaakam; Tam. Kathirikkai; Tel. Vankaya; U. Baigan.",Solanum melongena,Other Vegetables,veg,raw,24,1.51,0.31,7.23,4.04,3.19,0.86,13.4,0.38,3.3,268.0,,,0,,,
F00097,IFCT2017,D014,Brinjal-5,"A. Bengena; B. Begun; E. Eggplant, Aubergine; G. Ringna; H. Baingan; Kan. Badane; Kash. Wagun; Kh. Sohbaingon jyrngam; Mal. Vazhuthiniga; M. Lam Khamen; Mar. Vange; N. Bhantaa; O. Baigan; P. Baigan; S. Vruntaakam; Tam. Kathirikkai; Tel. Vankaya; U. Baigan",Solanum melongena,Other Vegetables,veg,raw,27,1.38,0.29,8.15,4.13,4.02,0.99,17.0,0.36,4.0,227.0,,,0,,,
F00098,IFCT2017,D015,Brinjal-6,"A. Bengena; B. Begun; E. Eggplant, Aubergine; G. Ringna; H. Baingan; Kan. Badane; Kash. Wagun; Kh. Sohbaingon jyrngam; Mal. Vazhuthiniga; M. Lam Khamen; Mar. Vange; N. Bhantaa; O. Baigan; P. Baigan; S. Vruntaakam; Tam. Kathirikkai; Tel. Vankaya; U. Baigan",Solanum melongena,Other Vegetables,veg,raw,23,1.46,0.29,6.97,3.68,3.29,1.0,17.2,0.39,3.8,289.0,,,0,,,
F00099,IFCT2017,D016,Brinjal-7,"A. Bengena; B. Begun; E. Eggplant, Aubergine; G. Ringna; H. Baingan; Kan. Badane; Kash. Wagun; Kh. Sohbaingon jyrngam; Mal. Vazhuthiniga; M. Lam Khamen; Mar. Vange; N. Bhantaa; O. Baigan; P. Baigan; S. Vruntaakam; Tam. Kathirikkai; Tel. Vankaya; U. Baigan",Solanum melongena,Other Vegetables,veg,raw,23,1.4,0.37,6.42,3.32,3.1,1.38,19.9,0.27,3.4,238.0,,,0,,,
F00100,IFCT2017,D017,Brinjal-8,"A. Bengena; B. Begun; E. Eggplant, Aubergine; G. Ringna; H. Baingan; Kan. Badane; Kash. Wagun; Kh. Sohbaingon jyrngam; Mal. Vazhuthiniga; M. Lam Khamen; Mar. Vange; N. Bhantaa; O. Baigan; P. Baigan; S. Vruntaakam; Tam. Kathirikkai; Tel. Vankaya; U. Baigan.",Solanum melongena,Other Vegetables,veg,raw,28,1.82,0.33,7.76,4.01,3.75,0.79,21.0,0.42,4.7,284.0,,,0,,,
F00101,IFCT2017,D018,Brinjal-9,"A. Bengena; B. Begun; E. Eggplant, Aubergine; G. Ringna; H. Baingan; Kan. Badane; Kash. Wagun; Kh. Sohbaingon jyrngam; Mal. Vazhuthiniga; M. Lam Khamen; Mar. Vange; N. Bhantaa; O. Baigan; P. Baigan; S. Vruntaakam; Tam. Kathirikkai; Tel. Vankaya; U. Baigan.",Solanum melongena,Other Vegetables,veg,raw,25,1.47,0.35,7.52,4.0,3.52,0.91,18.8,0.38,3.1,224.0,,,0,,,
F00102,IFCT2017,D019,Brinjal-10,"A. Bengena; B. Begun; E. Eggplant, Aubergine; G. Ringna; H. Baingan; Kan. Badane; Kash. Wagun; Kh. Sohbaingon jyrngam; Mal. Vazhuthiniga; M. Lam Khamen; Mar. Vange; N. Bhantaa; O. Baigan; P. Baigan; S. Vruntaakam; Tam. Kathirikkai; Tel. Vankaya; U. Baigan.",Solanum melongena,Other Vegetables,veg,raw,28,1.68,0.25,7.98,3.9,4.08,0.86,15.6,0.41,4.3,252.0,,,0,,,
F00103,IFCT2017,D020,Brinjal-11,"A. Bengena; B. Begun; E. Eggplant, Aubergine; G. Ringna; H. Baingan; Kan. Badane; Kash. Wagun; Kh. Sohbaingon jyrngam; Mal. Vazhuthiniga; M. Lam Khamen; Mar. Vange; N. Bhantaa; O. Baigan; P. Baigan; S. Vruntaakam; Tam. Kathirikkai; Tel. Vankaya; U. Baigan.",Solanum melongena,Other Vegetables,veg,raw,25,1.43,0.31,7.65,4.12,3.53,1.05,15.9,0.37,3.5,260.0,,,0,,,
F00104,IFCT2017,D021,Brinjal-12,"A. Bengena; B. Begun; E. Eggplant, Aubergine; G. Ringna; H. Baingan; Kan. Badane; Kash. Wagun; Kh. Sohbaingon jyrngam; Mal. Vazhuthiniga; M. Lam Khamen; Mar. Vange; N. Bhantaa; O. Baigan; P. Baigan; S. Vruntaakam; Tam. Kathirikkai; Tel. Vankaya; U. Baigan.",Solanum melongena,Other Vegetables,veg,raw,22,1.6,0.27,6.62,3.89,2.73,1.22,19.8,0.37,3.9,259.0,,,0,,,
F00105,IFCT2017,D022,Brinjal-13,"A. Bengena; B. Begun; E. Eggplant, Aubergine; G. Ringna; H. Baingan; Kan. Badane; Kash. Wagun; Kh. Sohbaingon jyrngam; Mal. Vazhuthiniga; M. Lam Khamen; Mar. Vange; N. Bhantaa; O. Baigan; P. Baigan; S. Vruntaakam; Tam. Kathirikkai; Tel. Vankaya; U. Baigan.",Solanum melongena,Other Vegetables,veg,raw,30,1.49,0.31,8.43,3.92,4.51,1.15,19.0,0.32,3.0,260.0,,,0,,,
F00106,IFCT2017,D023,Brinjal-14,"A. Bengena; B. Begun; E. Eggplant, Aubergine; G. Ringna; H. Baingan; Kan. Badane; Kash. Wagun; Kh. Sohbaingon jyrngam; Mal. Vazhuthiniga; M. Lam Khamen; Mar. Vange; N. Bhantaa; O. Baigan; P. Baigan; S. Vruntaakam; Tam. Kathirikkai; Tel. Vankaya; U. Baigan.",Solanum melongena,Other Vegetables,veg,raw,25,1.56,0.35,7.14,3.87,3.27,0.88,14.4,0.32,3.7,246.0,,,0,,,
F00107,IFCT2017,D024,Brinjal-15,"A. Bengena; B. Begun; E. Eggplant, Aubergine; G. Ringna; H. Baingan; Kan. Badane; Kash. Wagun; Kh. Sohbaingon jyrngam; Mal. Vazhuthiniga; M. Lam Khamen; Mar. Vange; N. Bhantaa; O. Baigan; P. Baigan; S. Vruntaakam; Tam. Kathirikkai; Tel. Vankaya; U. Baigan.",Solanum melongena,Other Vegetables,veg,raw,27,1.58,0.29,7.95,3.99,3.96,0.82,17.8,0.36,3.3,215.0,,,0,,,
F00108,IFCT2017,D025,Brinjal-16,"A. Bengena; B. Begun; E. Eggplant, Aubergine; G. Ringna; H. Baingan; Kan. Badane; Kash. Wagun; Kh. Sohbaingon jyrngam; Mal. Vazhuthiniga; M. Lam Khamen; Mar. Vange; N. Bhantaa; O. Baigan; P. Baigan; S. Vruntaakam; Tam. Kathirikkai; Tel. Vankaya; U. Baigan.",Solanum melongena,Other Vegetables,veg,raw,25,1.26,0.34,7.2,3.74,3.46,0.99,18.3,0.32,3.2,294.0,,,0,,,
F00109,IFCT2017,D026,Brinjal-17,"A. Bengena; B. Begun; E. Eggplant, Aubergine; G. Ringna; H. Baingan; Kan. Badane; Kash. Wagun; Kh. Sohbaingon jyrngam; Mal. Vazhuthiniga; M. Lam Khamen; Mar. Vange; N. Bhantaa; O. Baigan; P. Baigan; S. Vruntaakam; Tam. Kathirikkai; Tel. Vankaya; U. Baigan.",Solanum melongena,Other Vegetables,veg,raw,22,1.18,0.36,6.83,3.94,2.89,0.85,20.8,0.5,3.1,233.0,,,0,,,
F00110,IFCT2017,D027,Brinjal-18,"A. Bengena; B. Begun; E. Eggplant, Aubergine; G. Ringna; H. Baingan; Kan. Badane; Kash. Wagun; Kh. Sohbaingon jyrngam; Mal. Vazhuthiniga; M. Lam Khamen; Mar. Vange; N. Bhantaa; O. Baigan; P. Baigan; S. Vruntaakam; Tam. Kathirikkai; Tel. Vankaya; U. Baigan.",Solanum melongena,Other Vegetables,veg,raw,28,1.47,0.33,8.48,4.38,4.1,1.44,16.2,0.38,3.6,208.0,,,0,,,
F00111,IFCT2017,D028,Brinjal-19,"A. Bengena; B. Begun; E. Eggplant, Aubergine; G. Ringna; H. Baingan; Kan. Badane; Kash. Wagun; Kh. Sohbaingon jyrngam; Mal. Vazhuthiniga; M. Lam Khamen; Mar. Vange; N. Bhantaa; O. Baigan; P. Baigan; S. Vruntaakam; Tam. Kathirikkai; Tel. Vankaya; U. Baigan.",Solanum melongena,Other Vegetables,veg,raw,24,1.26,0.31,7.36,3.97,3.39,0.96,16.1,0.32,3.1,243.0,,,0,,,
F00112,IFCT2017,D029,Brinjal-20,"A. Bengena; B. Begun; E. Eggplant, Aubergine; G. Ringna; H. Baingan; Kan. Badane; Kash. Wagun; Kh. Sohbaingon jyrngam; Mal. Vazhuthiniga; M. Lam Khamen; Mar. Vange; N. Bhantaa; O. Baigan; P. Baigan; S. Vruntaakam; Tam. Kathirikkai; Tel. Vankaya; U. Baigan.",Solanum melongena,Other Vegetables,veg,raw,24,1.44,0.34,6.88,3.73,3.15,0.76,14.4,0.33,3.6,239.0,,,0,,,
F00113,IFCT2017,D030,Brinjal-21,"A. Bengena; B. Begun; E. Eggplant, Aubergine; G. Ringna; H. Baingan; Kan. Badane; Kash. Wagun; Kh. Sohbaingon jyrngam; Mal. Vazhuthiniga; M. Lam Khamen; Mar. Vange; N. Bhantaa; O. Baigan; P. Baigan; S. Vruntaakam; Tam. Kathirikkai; Tel. Vankaya; U. Baigan.",Solanum melongena,Other Vegetables,veg,raw,27,1.36,0.35,7.78,3.85,3.93,0.93,15.3,0.34,3.1,252.0,,,0,,,
F00114,IFCT2017,D031,Brinjal - all varieties,"A. Bengena; B. Begun; E. Eggplant, Aubergine; G. Ringna; H. Baingan; Kan. Badane; Kash. Wagun; Kh. Sohbaingon jyrngam; Mal. Vazhuthiniga; M. Lam Khamen; Mar. Vange; N. Bhantaa; O. Baigan; P. Baigan; S. Vruntaakam; Tam. Kathirikkai; Tel. Vankaya; U. Baigan.",Solanum melongena,Other Vegetables,veg,raw,25,1.48,0.32,7.5,3.98,3.52,0.97,16.6,0.37,3.6,247.0,,,1,,,
F00115,IFCT2017,D032,Broad beans,"A. Urahi; B. Makhon shim; E. Fava bean, Faba bean, Field bean, Bell bean, Tic bean; G. Fafda papdi; H. Bakla; Kan. Chkaooaradavare; Kash. Thool Haymbe; Kh. Ri majai; Mal. Amarakka; Mar. Ghewda; O. Simba; Tam. Avarai; Tel. Pedda chikkudu.",Vicia faba,Other Vegetables,veg,raw,29,3.85,0.15,10.74,8.63,2.11,1.22,64.4,0.94,20.7,362.0,,,1,,,
F00116,IFCT2017,D033,"Capsicum, green",A. Kashmiri jalakia; B. Lanka (bilathi); G. Bhuler marcha; H. Shimla mirch; Kan. Donnmena-sinakayi; Kash. Shimla marchwangan; Kh. Sohmynken jhur jyrngam; Mal. Undamulagu; Mar. Bhoplimirchi; O. Shimla Lanka; P. Shimle-di-mirchi; Tam. Koda milagai; Tel. Shimla mirchi; U. Shimla mirchi.,Capsicum annuum,Other Vegetables,veg,raw,16,1.11,0.34,3.9,2.06,1.84,0.86,14.8,0.48,1.8,154.0,,,1,,,
F00117,IFCT2017,D034,"Capsicum, red",A. Kashmiri jalakia; B. Lanka (bilathi); G. Bhuler marcha; H. Shimla mirch; Kan.  Donnmena- sinakayi; Kash.  Shimla marchwangan; Kh. Sohmynken jhur jyrngam; Mal. Undamulagu; Mar. Bhoplimirchi; O. Shimla Lanka; P. Shimle-di-mirchi; Tam. Koda milagai; Tel. Shimla mirchi; U. Shimla mirchi.,Capsicum annuum,Other Vegetables,veg,raw,20,1.47,0.47,4.33,2.19,2.14,0.93,15.8,0.38,1.7,224.0,,,1,,,
F00118,IFCT2017,D035,"Capsicum, yellow",A. Kashmiri jalakia; B. Lanka (bilathi); G. Bhuler marcha; H. Shimla mirch; Kan.  Donnmena-sinakayi; Kash. Shimla marchwangan; Kh. Sohmynken jhur stem; Mal. Undamulagu; Mar. Bhoplimirchi; O. Shimla Lanka; P. Shimle-di-mirchi; Tam. Koda milagai; Tel. Shimla mirchi; U. Shimla mirchi.,Capsicum annuum,Other Vegetables,veg,raw,19,1.35,0.41,4.14,2.19,1.95,0.97,19.1,0.69,1.6,242.0,,,1,,,
F00119,IFCT2017,D036,Cauliflower,A. Phul kobi; B. Phul kopi; G. Fulawar; H. Phul gobi; Kan. Hukosu; Kash. Phoolgobi; Kh. Phul kubi; Mal. Cauliflower; M. Kobithamchetmai; Mar. Phul gobi; N. Kauli; O. Phul Kobi; P. Phul gobi; S. Gojihvaa; Tam. Pookosu; Tel. Go puvvu; U. Phul gobi.,Brassica oleracea,Other Vegetables,veg,raw,23,2.15,0.44,5.74,3.71,2.03,0.47,25.2,0.96,30.7,329.0,,,1,,,
F00120,IFCT2017,D037,Celery stalk,B. Randhuni; H. Ajmud; Kh. Dieng seleri; G. Celery daandi; Tam. Sivarikkeerai.,Apium graveolens,Other Vegetables,veg,raw,16,0.98,0.24,4.42,2.09,2.33,0.75,38.7,1.36,10.7,298.0,,,1,,,
F00121,IFCT2017,D038,Cho-cho-marrow,"A. Squash; E. Cho cho marrow, Chayote; H. Cho-cho-marrow; Kan. Cho-cho-marrow; M. Dasakusa; Mal. Cho-cho-marrow; Mar. Cho cho sara; O. Phuti kakudi; Kh. Biskot; Tam. Chow-chow.",Sechium edule,Other Vegetables,veg,raw,19,0.66,0.15,5.02,1.55,3.47,0.76,18.6,0.48,1.3,120.0,,,1,,,
F00122,IFCT2017,D039,Cluster beans,A. Mah; B. Jhar sim; E. Guar; G. Govar; H. Gaur-ki-phalli; Kan. Gori koyi; Kash. Hyambi; Mal. Kothavara; Mar. Govari; O. Guanra chhuin; P. Guarae-di-faliya; Tam. Kothavaranga; Tel. Goruchikkudu; U. Gavar ki palli.,Cyamopsis tetragonobola,Other Vegetables,veg,raw,40,3.55,0.37,9.74,4.83,4.91,0.12,121.0,3.9,4.0,301.0,,,1,,,
F00123,IFCT2017,D040,"Colocasia, stem, black",A. kosu thari; B. Kochur loti; H. Arwi-ki-dandi; Kan. Kesu danthu; Kh. Kawang iong; Mal. Chembin thandu; M. Paan Makhok; Mar. Alu-che-dath; O. Sarunada; P. Arbi de dande; Tam. Seppanthandu; Tel. Chama kada; U. Arwi ke kade.,Colocasia antiquorum,Other Vegetables,veg,raw,24,0.76,0.34,6.84,3.01,3.83,0.53,29.5,0.77,0.5,381.0,,,1,,,
F00124,IFCT2017,D041,"Colocasia, stem, green",A. Kosu thari; B. Kochur loti; H. Arwi-ki-dandi; Kan. Kesu danthu; Kh. Ka wang jyrngam; Mal. Chembin thandu; M. Paan Makhok; Mar. Alu-che-dath; O. Sarunada; P. Arbi de dande; Tam. Seppanthandu; Tel. Chama kada; U. Arwi ke kade.,Colocasia antiquorum,Other Vegetables,veg,raw,19,0.91,0.22,5.19,2.33,2.86,0.25,40.2,0.55,0.6,414.0,,,1,,,
F00125,IFCT2017,D042,"Corn, Baby",Kash. Makai; Kh. Riewhadem lung; M. Chujaak; P. Shoti shalli.,Zea mays,Other Vegetables,veg,raw,73,2.69,1.33,17.75,6.09,11.66,0.49,76.5,1.45,1.4,260.0,,,1,,,
F00126,IFCT2017,D043,"Cucumber, green, elongate","A. Tiyoh; B. Sosha; G. Kakdi; H. Kheera, Kachumbar; Kan. Southe kayi; Kash. Laar; Kh. Sohkhia; Mal. Vellarikka; M. Thabi; Mar. Kakadi; N. Kakro; O. Kakudi; P. Khira; S. Patolah; Tam. Vellarikkai; Tel. Dosa kaya; U. Kheera.",Cucumis sativus,Other Vegetables,veg,raw,20,0.71,0.16,5.62,2.14,3.48,0.27,16.4,0.46,6.3,183.0,,,1,,,
F00127,IFCT2017,D044,"Cucumber, green, short","A. Tiyoh; B. Sosha; G. Kakdi; H. Kheera, Kachumbar; Kan. Southe kayi; Kash. Laar; Kh. Sohkhia; M. Thabi; Mal. Vellarikka; Mar. Kakadi; N. Kakro; O. Kakudi; P. Khira; S. Patolah; Tam. Vellarikkai; Tel. Dosa kaya; U. Kheera.",Cucumis sativus,Other Vegetables,veg,raw,17,0.83,0.18,4.95,2.13,2.82,0.21,19.2,0.59,6.1,198.0,,,1,,,
F00128,IFCT2017,D045,"Cucumber, orange, round",A. Tiyoh; B. Sosha; G. Kakdi; H. Kakadi; Kan. Southe kayi; Kash. Laar; Kh. Sohkhia pyllon; Mal. Vellarikka; Mar. Kakadi; N. Kakro; O. Kakudi; P. Khira; S. Patolah; Tam. Vellarikkai; Tel. Dosa kaya; U. Kheera.,Cucumis sativus,Other Vegetables,veg,raw,20,0.98,0.24,5.47,2.46,3.01,0.22,22.0,0.45,8.2,185.0,,,1,,,
F00129,IFCT2017,D046,Drumstick,"A. Sajina; B. Sajna danta; E. Horseradish, Benzoil; G. Saragavo; H. Saijan-ki-phalli; Kan. Nugga kayi; Kh. Dieng sajana; Mal. Muringakkai; M. Sajana; Mar. Shevanga sheng; O. Sajana chhuin; P. Suhanjana di phalliya; Tam. Murungakkai; Tel. Mulakaada; U. Sujne ki palli.",Moringa oleifera,Other Vegetables,veg,raw,29,2.62,0.12,10.59,6.83,3.76,1.47,33.3,0.73,22.4,419.0,,,1,,,
F00130,IFCT2017,D047,"Field beans, tender, broad","A. Urohi; B. Shim; E. Common bean, Fieldbean, Broad bean, String bean; G. Valpapdi; H. Sem; Kan. Avare; Kash. Hyambi; Kh. Ri majai; Mal. Avar; Mar. Papta; O. Baragudi; Tam. Vidaiavarai; Tel. Chikkudu ginjalu; U. Sem ki palli.",Vicia faba,Other Vegetables,veg,raw,31,3.06,0.64,8.39,5.64,2.75,0.95,70.6,1.95,14.1,345.0,,,1,,,
F00131,IFCT2017,D048,"Field beans, tender, lean","A.Urohi; B. Shim; E. Common bean, Fieldbean, Broad bean, String bean; G. Valpapdi; H. Sem; Kan. Avare; Kash. Hyambi; Kh. Ri majai; Mal. Avar; Mar. Papta; O. Baragudi; Tel. Chikkudu ginjalu; Tam. Vidaiavarai; U. Sem ki palli.",Vicia faba,Other Vegetables,veg,raw,33,3.71,0.6,9.04,6.19,2.85,0.76,58.6,1.48,12.8,314.0,,,1,,,
F00132,IFCT2017,D049,"French beans, country",A. French bean; E. Green beans; G. Fansi; H. Bakla; Kan. Huruli kayi; Kash. Hyambi; Kh. Presbin phyrngop; Mal. Beans; Mar. Pharasebee; N. Ghiu Simi; O. Beans; P. Fras bean; Tam. Vidaiavarai; Tel. Sannachikkudu; U. Beans.,Phaseolus vulgaris,Other Vegetables,veg,raw,24,2.49,0.26,7.06,4.38,2.68,1.06,56.0,1.25,8.8,324.0,,,1,,,
F00133,IFCT2017,D050,"French beans, hybrid",A. French bean; E. Green beans; G. Fansi; H. Bakla; Kan. Huruli kayi; Kash. Hyambi; Kh. Presbin; Mal. Beans; Mar. Pharasebee; N. Ghiu Simi; O. Beans; P. Fras bean; Tam. Vidaiavarai; Tel. Sannachikkudu; U. Beans.,Phaseolus vulgaris,Other Vegetables,veg,raw,22,2.12,0.19,6.81,4.18,2.63,1.0,49.9,0.98,9.2,317.0,,,1,,,
F00134,IFCT2017,D051,"Jack fruit, raw",A. Kothal; B. Kanthal; E. Jackfruit; G. Phanas; H. Kathal; Kash. Bindu; Kan. Halasu; Kh. Soh phan; M. Theibong; Mal. Chakka; Mar. Phanas; N. Katahar; O. Panasa; P. Kathal ki beej; S. Panasa; Tam. Palapazham; Tel. Panasa; U. Kathahal.,Artocarpus heterophyllus,Other Vegetables,veg,raw,26,1.98,0.35,11.17,7.69,3.48,2.02,45.7,0.31,3.5,327.0,,,1,,,
F00135,IFCT2017,D052,"Jack fruit, seed, mature",A. Kothal guti; B. Kanthal; E. Jackfruit; G. Phanas; H. Kathal; Kan. Halasu; Kash. Bindu; Kh. Shyieng soh phan; Mal. Chakka; M. Theibong Maru; Mar. Phanas; N. Katahar; P. Kathal; S. Panasa; Tam. Palakkottai; Tel. Panasa; U. Kathahal.,Artocarpus heterophyllus,Other Vegetables,veg,raw,77,5.79,0.44,20.44,8.63,11.81,2.23,37.6,0.37,4.0,376.0,,,1,,,
F00136,IFCT2017,D053,Knol - Khol,A. Oolkobi; B. Olkopi; E. Wild cabbage; G. Nol-kol; H. Kohl-rabi; Kan. Noolkol; Kash. Monjh haak; Kh. Phan kubi; Mal. Noolkol; M. Kobi Maru Kabi; Mar. Nol-kol; N. Gyathkopi; O. Ulkobi; P. Ganth gobi; Tam. Knoolkol; Tel. Noolkol.,Brassica oleracea,Other Vegetables,veg,raw,16,1.58,0.35,4.14,2.75,1.39,0.43,35.3,0.24,27.5,327.0,,,1,,,
F00137,IFCT2017,D054,"Kovai, big","A. Kunduli; B. Telakucha; E. Ivy gourd, Scarlet gourd; G. Ghole gluru; H. Konduri, Kowai; Kan. Tondekayi; Kh. Jhur thliem; Mal. Kova kai; Mar. Tondale; O. Kunduru; Tam. Kova kai; Tel. Donda kaya; U. Tindli.",Coccinia cordifolia,Other Vegetables,veg,raw,17,1.39,0.24,5.01,3.0,2.01,0.98,34.4,0.38,1.5,198.0,,,1,,,
F00138,IFCT2017,D055,"Kovai, small","A. Kunduli; B. Telakucha; E. Ivy gourd, Scarlet gourd; G. Ghole gluru; H. Konduri, Kowai; Kan. Tondekayi; Kh. Jhur thliem; Mal. Kova kai; Mar. Tondale; O. Kunduru; Tam. Kova kai; Tel. Donda kaya; U. Tindli.",Coccinia cordifolia,Other Vegetables,veg,raw,19,1.22,0.24,5.66,3.25,2.41,1.07,37.1,0.29,2.2,167.0,,,1,,,
F00139,IFCT2017,D056,Ladies finger,"A. Bhendi; B. Dherosh; E. Okra, Okro, Ochro; G. Bhinda; H. Bhindi; Kan. Bende; Kash. Bindi; Kh. bindi; Mal. Vendakkai; M. Belandri; Mar. Bhendi; N. Ramtoriya; O. Bhendi; P. Bhindi; S. Bhindikaa; Tam. Vendaikkai; Tel. Bendakaya; U. Bhendi.",Abelmoschus esculentus,Other Vegetables,veg,raw,27,2.08,0.22,7.7,4.08,3.62,0.48,86.1,0.84,7.4,263.0,,,1,,,
F00140,IFCT2017,D057,"Mango, green, raw",A. Keasa aam; B. Aam (kancha); G. Ambo; H. Katcha Aam; Kan. Mavinakayi; Kash. Kach Aamb; Kh. Soh pieng im; Mal. Manga; M. Heinou Ashangba; Mar. Amba; O. Ambu (kacha); P. Kaccha aam; Tam. Mangai; Tel. Mamidikaya; U. Kaccha aam.,Mangifera indica,Other Vegetables,veg,raw,49,0.69,0.08,13.6,3.01,10.59,2.42,27.0,0.4,33.1,147.0,,,1,,,
F00141,IFCT2017,D058,"Onion, stalk","A. Piyaj paat; B. Piyaz kali; E. Spring onion, Onion greens; G. Dunglina dakkadi (Onion dakkadi); H. Pyaz; Kan. Erulli soppu; Kash. Pichiganda; Kh. Sla piat; Mal. Ulli thandu; M. Tilhou mana; Mar. Pati; N. Chhayapi ko Saag; O. Piaja sandha; P. Hare pyaaz; Tam. Vengaya thaal; Tel. Ulli kadalu; U. Hari pyaaz.",Allium cepa,Other Vegetables,veg,raw,26,2.07,0.26,8.2,5.21,2.99,0.41,31.1,3.09,15.5,312.0,,,1,,,
F00142,IFCT2017,D059,"Papaya, raw","A. Kesa omita; B. Pempe (Kacha); E. Papaw, Pawpaw; G. Papayi; H. Katcha pepita; Kan. Parangi; Kh. Soh kymphor im; Kash. Papita; Kon. Dudde; Mal. Omakaya; M. Awathabi Ashangba; Mar. Papaya; O. Amrutabhanda; P. Katcha Pepita; Tam. Pappalikkaai; Tel. Boppayi kaya; U. Papaya.",Carica papaya,Other Vegetables,veg,raw,24,0.5,0.23,6.68,2.28,4.4,3.63,22.7,0.2,7.6,173.0,,,1,,,
F00143,IFCT2017,D060,Parwar,A. Potol; B. Potol; E. Pointed gourd; G. Padval; H. Parwal; Kan. Mara thonde; Kh. Patol rit; Mal. Kovakkai; Mar. Parwar; O. Potala; P. Parwal; Tel. Kommu potla; U. Parwal.,Trichosanthes dioica,Other Vegetables,veg,raw,24,1.4,0.3,6.15,2.61,3.54,0.37,30.8,0.5,2.3,117.0,,,1,,,
F00144,IFCT2017,D061,"Peas, fresh","A. Matar mah; B. Motor shuti; G., Mar. Vatana; Kash. Kaza; O. Matara; H. Matar; Kan., Tel. Batani; Kash. Matar; Kh. Mator; M. Hawai tharaak; P. Hare matar; Mal., Tam. Paccha pattani.",Pisum sativum,Other Vegetables,veg,raw,81,7.25,0.13,18.2,6.32,11.88,0.97,28.2,1.58,3.7,249.0,,,1,,,
F00145,IFCT2017,D062,"Plantain, flower",A. Koldil; B. Mocha; E. Banana flower; G. Kel phool; H. Kele-ka phool; Kan. Bale motho; Kh. Pashor kait; Mal. Vazhapoo; M. Lafu Tharo; Mar. Kel phool; O. Kadali bhanda; P. Kele-da-phool; Tam. Vazhapoo; Tel. Arati puvvu; U. Kela ka phool.,Musa x paradisiaca,Other Vegetables,veg,raw,21,1.47,0.63,7.4,5.25,2.15,0.17,34.1,0.4,7.5,488.0,,,1,,,
F00146,IFCT2017,D063,"Plantain, green",A. Kaskol/Purakol; B. Kela (kanch); E. Cooking banana; G. Kela; H. Kele (hara); Kan. Bale kayi; Kash. Kham kael; Kh. Kait im; Mal. Vazhakkai; M. Laphoi Ashangba; M. Laphoi Ashangba; Mar. Kel (hara); N. Bungo; O. Bantala kadali; P. Kela (hara); S. Rambhaa ; Tam. Vazhakkaai; Tel. Arati kayi; U. Kaccha kela.,Musa x paradisiaca,Other Vegetables,veg,raw,80,1.18,0.23,21.18,3.6,17.58,0.86,13.8,0.34,18.6,402.0,,,1,,,
F00147,IFCT2017,D064,"Plantain, stem",A. Posola; B. Thor; E. Banana stem; G. Kelanu thed; H. Kele-ka-tana; Kan. Bele Dindu; Kh. Nud kait; Mal. Unnipindi; M. Lafu; Mar. Kelicha khunt; O. Kadali manja; P. Kele da tana; Tam. Vazhai thandu; Tel. Arati doota.,Musa x paradisiaca,Other Vegetables,veg,raw,39,0.35,0.16,10.76,2.12,8.64,0.65,11.2,0.26,23.2,373.0,,,1,,,
F00148,IFCT2017,D065,"Pumpkin, green, cylindrical",A. Rongalao; B. Kumro; G. Kohlu; H. Kaddu; Kan. Kumbala kash; Kash. Paarimal; Kh. Pathaw; Mal. Mathan; M. Mairen; Mar. Lal bhopla; N. Farsi; O. Kakharu; P. Kaddu; S. Kummaandah; Tam. Parangikkai; Tel. Gummadi kaya; U. Kaddu.,Cucurbita maxima,Other Vegetables,veg,raw,25,0.87,0.18,6.75,2.53,4.22,2.9,24.1,0.29,5.2,186.0,,,1,,,
F00149,IFCT2017,D066,"Pumpkin, orange, round",A. Rongalao; B. Kumro; G. Kohlu; H. Kaddu; Kan. Kumbala kash; Kash. Paarimal; Kh. Pathaw saw; Mal. Mathan; M. Mairen; Mar. Lal bhopla; N. Farsi; O. Kakharu; P. Kaddu; S. Kummaandah; Tam. Parangikkai; Tel. Gummadi; U. Kaddu.,Cucurbita maxima,Other Vegetables,veg,raw,23,0.84,0.16,6.56,2.56,4.0,2.97,23.1,0.36,8.8,253.0,,,1,,,
F00150,IFCT2017,D067,"Red gram, tender, fresh",E. Pigeon pea; H. Arhar ki fali; Tam. Thuvarai; Tel. Pacchi Kandulu; U. Hara tuvar.,Cajanus cajan,Other Vegetables,veg,raw,124,8.09,0.92,25.36,5.9,19.46,0.55,58.6,1.18,2.5,616.0,,,1,,,
F00151,IFCT2017,D068,Ridge gourd,"A. Jikaa; B. Jhinge; E. Luffa, Loofah; G. Turia; H. Torai; Kan. Heeraikai; Kash. Turrel ; Kh. Jingka; Kon. Gurdudde; Mal. Peechinga; M. Sebot; Mar. Dodka; O. Janhi; P. Kali tori; Tam. Peerkankai; Tel. Beera kaya; U. Turai.",Luffa acutangula,Other Vegetables,veg,raw,13,0.91,0.14,3.53,1.81,1.72,0.62,13.7,0.42,4.7,118.0,,,1,,,
F00152,IFCT2017,D069,"Ridge gourd, smooth skin","A. Bhol; B. Jhinge; E. Luffa, Loofah; G. Turia; H. Torai; Kan. Heeraikai; Kash. Turrel; Kh. Jingka; Kon. Gurdudde; Mal. Peechinga; M. Sebot; Mar. Dodka; O. Janchi; P.  Kali tori; Tam. Peerkankai; Tel. Beera kaya; U. Turai.",Luffa acutangula,Other Vegetables,veg,raw,15,0.98,0.13,4.09,1.85,2.24,0.41,15.0,0.5,6.3,125.0,,,1,,,
F00153,IFCT2017,D070,"Snake gourd, long, pale green",A. Dhunduli; B. Chichinga; G. Pandola; H. Chachinda; Kan. Podavala; Kh. Jingka; Mal. Padavalanga; Mar. Padwal; N. Chichindo; O. Chachinda; P. Galartori; S. Cicinndda; Tam. Pudalangai; Tel. Potla kaya; U. Chichinda.,Trichosanthes anguina,Other Vegetables,veg,raw,12,0.98,0.25,3.54,2.27,1.27,0.42,24.6,0.32,7.1,100.0,,,1,,,
F00154,IFCT2017,D071,"Snake gourd, long, dark green",A. Dhunduli; B. Chichinga; G. Pandola; H. Chachinda; Kan. Podavala; Kh. Jingka; Mal. Padavalanga; Mar. Padwal; N. Chichindo; O. Chachinda; P. Galartori; S. Cicinndda; Tam. Pudalangai; Tel. Potla kaya; U. Chichinda.,Trichosanthes anguina,Other Vegetables,veg,raw,12,0.89,0.25,3.5,2.27,1.23,0.45,27.1,0.47,5.0,104.0,,,1,,,
F00155,IFCT2017,D072,"Snake gourd, short",A. Dhunduli; B. Chichinga; G. Pandola; H. Chachinda; Kan. Podavala; Kh. Jingka; Mal. Padavalanga; Mar. Padwal; N. Chichindo; O. Chachinda; P. Galartori; S. Cicinndda; Tam. Pudalangai; Tel. Potla kaya; U. Chichinda.,Trichosanthes anguina,Other Vegetables,veg,raw,15,0.54,0.26,4.44,2.29,2.15,0.46,17.9,0.2,2.5,84.0,,,1,,,
F00156,IFCT2017,D073,"Tinda, tender","E. Indian squash, Round melon, Indian round gourd, Apple gourd, Indian baby pumpkin; G. Tadabuch; H. Tinda; Kan. Thondekkai; Kash. Tinda; Mar. Dhemase; N. Tinda; P. Tinda; U. Tinde.",Praecitrullus fistulosus,Other Vegetables,veg,raw,14,1.02,0.17,3.9,2.0,1.9,0.44,19.7,0.41,20.6,56.2,,,1,,,
F00157,IFCT2017,D074,"Tomato, green",A. Kesa bilahi; B. Kacha Tomato; H. Tamator ; Kan. Goore Hannu; Kash. Rowagun; Kh. Soh saw jyrngam; Mal. Takkali; M. Khamen Ashinba; Mar. Hara velvangi; O. Bilati Baigan; P. Kaccha tamator; Tam. Thakkali kai; Tel. Ramamulagakaya; U. Kaccha tamatar.,Lycopersicon esculentum,Other Vegetables,veg,raw,21,1.12,0.27,4.8,1.62,3.18,0.83,8.5,0.42,13.1,225.0,,,1,,,
F00158,IFCT2017,D075,"Tomato, ripe, hybrid",A. Poka bilahi; B. Tomato; G. Tameta; H. Tamator; Kan. Goore Hannu; Kash. Rowangun; Kh. Soh saw dkhar; Mal. Takkali pazham; M. Khamen ashinba; Mar. Velvangi; O. Bilati baigan; P. Pakke tamator; S. Rakta phalam; N. Gholobheda; Tam. Takkali pazham; Tel. Ramamulagakaya; U. Pakka tamatar.,Lycopersicon esculentum,Other Vegetables,veg,raw,19,0.76,0.25,4.78,1.58,3.2,1.82,8.9,0.22,11.9,167.0,100,1 medium tomato,1,,,
F00159,IFCT2017,D076,"Tomato, ripe, local",A. Poka bilahi; B. Tomato; G. Tameta; H. Tamator; Kan. Goore Hannu; Kash. Rowangun; Mal. Takkali pazham; M. Khamen ashinba; Mar. Velvangi; N. Gholobheda; O. Bilati Baigan; P. Pakke tamator; S. Rakta phalam; Kh. Soh saw khasii; Tam. Takkali pazham; Tel. Ramamulagakaya; U. Pakka tamatar.,Lycopersicon esculentum,Other Vegetables,veg,raw,20,0.9,0.47,4.48,1.77,2.71,1.34,10.2,0.3,9.7,204.0,,,1,,,
F00160,IFCT2017,D077,"Zucchini, green","B. Dhudul; E. Courgette, Summer squash; H. Sabed kaddu; Kan. Dilpasand; Kash. Kaashiral; Mar. Kashi bhopla; O. Golu phubi kakuri; Tam. Seemai suraikayi.",Cucurbita pepo,Other Vegetables,veg,raw,20,1.1,0.51,4.63,2.3,2.33,0.14,17.3,0.52,0.4,178.0,,,1,,,
F00161,IFCT2017,D078,"Zucchini, yellow","B. Dhudul; E. Courgette, Summer squash; H. Sabed kaddu; Kan. Dilpasand; Kash. Kaashiral; Mar. Kashi bhopla; O. Golu phubi kakuri; Tam. Seemai suraikayi.",Cucurbita pepo,Other Vegetables,veg,raw,19,1.31,0.44,4.04,1.84,2.2,0.29,21.0,0.34,0.4,131.0,,,1,,,
F00162,IFCT2017,E001,"Apple, big","A. Apel; B. Sev; G. Safarjan; H. Sev; Kan. Sebu; Kash. Tsoonth; Kh. Soh apple saw; Mal., Tam. Apple pazham; M. Sem; Mar. Safar chand; N. Shau; O. Sev; P. Seb; S. Seva; Tel. Sepu/Sema regu; U. Saib.",Malus domestica,Fruits,veg,raw,62,0.29,0.64,15.7,2.59,13.11,9.53,13.7,0.26,1.4,116.0,150,1 medium apple,1,,,
F00163,IFCT2017,E002,"Apple, green",A. Apel; B. Sev; G. Lila safarjan; H. Sev; Kan. Sebu; Kash. Tsoonth; Kh. Soh apple Jyrngam; Mal. Apple pazham; M. Sem; Mar. Safar chand; N. Shau; O. Sev; P. Seb; S. Seva; Tam. Apple pazham; Tel. Sepu/Sema regu; U. Saib.,Malus domestica,Fruits,veg,raw,51,0.46,0.5,13.19,2.54,10.65,8.39,6.5,0.2,1.5,94.5,,,1,,,
F00164,IFCT2017,E003,"Apple, small",A. Apel; B. Sev; G. Safarjan; H. Sev; Kan. Sebu; Kash. Tsoonth; Kh. Soh apple saw; Mal. Apple pazham; M. Sem; Mar. Safar chand; N. Shau; O. Sev; P. Seb; S. Seva; Tam. Apple pazham; Tel. Sepu/Sema regu; U. Saib.,Malus domestica,Fruits,veg,raw,64,0.31,0.53,16.01,2.06,13.95,9.8,5.4,0.25,1.4,100.0,,,1,,,
F00165,IFCT2017,E004,"Apple, small, Kashmir",A. Apel; B. Sev; G. Safarjan; H. Sev; Kan. Seb; Kash. Tsoonth; Kh. Soh apple saw; Mal. Apple pazham; M. Sem; Mar. Safar chand; N. Shau; O. Sev; P. Seb; S. Seva; Tam. Apple pazham; Tel. Sepu/Sema regu; U. Saib.,Malus sylvestris,Fruits,veg,raw,64,0.27,0.6,16.06,2.07,13.99,9.15,4.7,0.21,1.2,106.0,,,1,,,
F00166,IFCT2017,E005,"Apricot, dried",A. Malhoi; B. Suska khubani; G. Jardaloo (Suka velu); H. Khoomani; Kan. Jaldaru Hannu; Kash. Tser; Mal. Sheema bedhaam pazham; M. Malhei; Mar. Jardaalu; N. Khattu; P. Kharamani; Tel. Seema Badam/ Jallaru Pandu; Tam. Sakkarai badhami; U. Khubaani.,Prunus armeniaca,Fruits,veg,raw,316,3.17,0.74,75.95,3.32,72.63,25.72,28.6,2.5,3.9,285.0,,,1,,,
F00167,IFCT2017,E006,"Apricot, processed",A. Malhoi; B. Suska khubani; G. Jardaloo; H. Khoomani; Kan. Jaldaru Hannu; Kash. Tser; Mal. Sheema bedhaam pazham; M. Malhei; Mar. Jardaalu; N. Khattu; P. Kharamani; Tam. Sakkarai badhami; Tel. Seema Badam/ Jallaru Pandu; U. Khubaani.,Prunus armeniaca,Fruits,veg,raw,56,1.47,0.64,11.52,0.59,10.93,4.36,5.4,1.12,1.6,95.0,,,1,,,
F00168,IFCT2017,E007,Avocado fruit,B.  Kulunashpati; H. Makhanphal; Kan. Bennephala/Bennehannu; Kash. Goshtub tang; Mal. Aathachakka/ Venna-pazham; Mar. Makhan phal; P. Makhan phal; Tam. Vennaipazham.,Persea americana,Fruits,veg,raw,144,2.95,13.86,8.44,6.69,1.75,1.65,28.5,0.81,2.8,377.0,,,1,,,
F00169,IFCT2017,E008,Bael fruit,"B. Bel; E. Indian bael, Bengal quince, Golden apple, Japanese bitter orange, Stone apple, Wood apple; G. Bila; H. Bel; Kh. Soh bel; Mal. Vilwa pazham; M. Heiri Khagok; P. Bhel; Mar. Bel; Tam. Vilwa pazham; Tel. Marendu pandu.",Aegle marmelos,Fruits,veg,raw,136,2.63,0.57,34.52,6.31,28.21,16.35,48.0,0.23,1.6,409.0,,,1,,,
F00170,IFCT2017,E009,"Banana, ripe, montham",A. Poka kol; B. Kola(paka); G. Paka keda; H. Kela; Kan. Bale hannu; Kash. Kela; Kh. Kait syiem; Mal. Vazha pazham; M. Laphoi; Mar. Kele; N. Kera; O. Champa kadali; P. Kella;   S. Kadalii; Tam. Vazha pazham; Tel. Arati pandu; U. Kela.,Musa x paradisiaca,Fruits,veg,raw,111,1.25,0.32,27.16,2.21,24.95,14.9,6.8,0.4,1.2,362.0,,,1,,,
F00171,IFCT2017,E010,"Banana, ripe, poovam",A. Poka kol; B. Kola (paka); G. Paka keda; H. Kela; Kan. Bale hannu; Kash. Kela; Kh. Kait mon/ ja; Mal. Vazha pazham; M. Laphoi; Mar. Kele; N. Kera; O. Champa kadali; P. Kella; S. Kadalii; Tam. Vazha pazham; Tel. Arati pandu; U. Kela.,Musa x paradisiaca,Fruits,veg,raw,106,1.49,0.35,25.74,2.33,23.41,12.54,8.7,0.35,1.0,335.0,,,1,,,
F00172,IFCT2017,E011,"Banana, ripe, red",A. Poka kol; B. Kola (paka); G. Lal paka keda; H. Kela; Kan. Bale hannu; Kash. Kela; Kh. Kait saw; Mal. Vazha pazham; M. Laphoi; Mar. Kele; N. Kera; O. Champa kadali; P. Kella; S. Kadalii; Tam. Sevvazhaipazham; Tel. Arati pandu; U. Kela.,Musa x paradisiaca,Fruits,veg,raw,112,1.29,0.29,27.19,1.98,25.21,14.57,9.6,0.24,1.1,313.0,,,1,,,
F00173,IFCT2017,E012,"Banana, ripe, robusta",A. Poka kol; B. Kola (paka); G. keda; H. Kela; Kan. Bale hannu; Kash. Kela; Kh. Kait jaji; Mal. Vazha pazham; M. Laphoi; Mar. Kele; N. Kera; O. Champa kadali; P. Kella; S. Kadalii; Tam. Vazhaipazham; Tel. Arati pandu; U. Kela.,Musa x paradisiaca,Fruits,veg,raw,105,1.23,0.33,25.57,1.94,23.63,13.65,5.1,0.28,0.8,306.0,100,1 medium banana (peeled),1,,,
F00174,IFCT2017,E013,Black berry,A. Kola jamu; B. Kalojam; E. Blackberry; G. Jambu; H. Kala Jamun; Kan. Neralai; Kh. Soh jam/ Soh jamun; Mal. Naval pazham; M. Jaam; Mar. Jambhool; O. Jamukoli; P. Jamun; Tam. Nagapazham; Tel. Neredupandu.,Rubus fruticosus,Fruits,veg,raw,54,0.92,0.63,14.99,4.35,10.64,7.61,23.8,0.63,1.2,205.0,,,1,,,
F00175,IFCT2017,E014,"Cherries, red",G. Cherry; H. Gilas; Kan. Kadugempu; Kash. Gilas; Kh. Soh sherri; Mal. Cherrypazham; Mar. Cherry phal; P. Cherry; Tam. Cherry pazham; Tel. Cherri pandu.,Prunus cerasus,Fruits,veg,raw,60,1.49,0.46,13.99,2.12,11.87,10.72,23.9,0.36,1.6,165.0,,,1,,,
F00176,IFCT2017,E015,"Currants, black","A. kismis; E. Zante currants, Corinth raisins, Corinthian raisins; G. kadi draksh; H. Munakka; Kan. Nerale hannu; Kh. Soh kismis iong; Mal. Najavalppazham; Mar. Kala pravaha; Tam. Karunthiratcha; Tel. Nalla Kishmish; U. kala kishmish.",Ribes nigrum,Fruits,veg,raw,54,1.51,0.53,14.0,4.07,9.93,6.33,40.3,1.36,1.4,283.0,,,1,,,
F00177,IFCT2017,E016,Custard apple,"A. Sitaphal; B. Ata; E. Sugar apple, Sweetsop; G. Sitapad; H. Sharifa; Kan. Sharifa; O. Ata; Mal., Mar. Sitaphal; P. Sharifa; Tam. Seethapazham; Tel. Sitaphalam.",Annona squamosa,Fruits,veg,raw,99,1.62,0.67,25.48,5.1,20.38,13.35,28.2,0.42,3.1,278.0,,,1,,,
F00178,IFCT2017,E017,"Dates, dry, pale brown",A. Khajur; B. Kharjura; E. Date palm; G. Kharek; H. Chuhara; Kan. Kharjoora; Kash. Khajur; Kh. Soh khajur; Mal. Eethapazham; M. Thangtup; Mar. Khajur; N. Khajura; O. Khajuri; P. Chawara; S. Kharjura; Tam. Pericham pazham; Tel. Khajoora pandu; U. Khajur.,Phoenix dactylifera,Fruits,veg,raw,320,2.45,0.35,83.86,8.95,74.91,66.63,71.2,3.2,3.3,804.0,,,1,,,
F00179,IFCT2017,E018,"Dates, dry, dark brown",A. Khajur; B. Kharjura; E. Date palm; G. Chuhara; H. Khajur; Kan. Kharjoora; Kash. Khajur; Kh. Soh khajur; Mal. Eethapazham; M. Thangtup; Mar. Khajur; N. Khajura; O. Khajuri; P. Chawara; S. Kharjura;   Tam. Pericham pazham; Tel. Khajoora pandu; U. Khajur.,Phoenix dactylifera,Fruits,veg,raw,311,2.38,0.35,81.77,9.1,72.67,68.84,66.1,4.79,3.1,782.0,,,1,,,
F00180,IFCT2017,E019,"Dates, processed",A. Khajur; B. Kharjura; E. Date palm; G. Khajur; H. Khajur; Kan. Kharjoora; Kash. Khajur; Kh. Soh khajur im; Mal. Eethapazham; M. Thangtup; Mar. Khajur; N. Khajura; O. Khajuri; P. Khajur; S. Kharjura ; Tam. Pericham pazham; Tel. Khajoora pandu; U. Khajur.,Phoenix dactylifera,Fruits,veg,raw,286,1.18,0.41,74.47,6.52,67.95,56.96,15.7,0.89,1.6,289.0,,,1,,,
F00181,IFCT2017,E020,Fig,A. Dimoru; B. Dumura; E. Common fig; G. Anjir; H. Anjeer; Kan. Anjurada hannugalu; Kash. Anjeer; Kh. Soh Dimbur; Mal. Athipazham; M. Heirit; Mar. Anjir; N. Anjir; O. Dimiri; S. Anjiira; P. Anjeer; Tam. Athipazham; Tel. Atti pandu; U. Anjeer.,Ficus carica,Fruits,veg,raw,82,2.03,0.37,20.92,4.64,16.28,8.64,78.5,0.69,2.4,231.0,,,1,,,
F00182,IFCT2017,E021,Goosberry,A. Amlakhi; E. Indian Gooseberry; G. Amla; H. Amla; Kan. Betta nelli; Kh. Soh mylleng; Mal. Nellikka; M. Heikru; Mar. Amla; O. Aanla; P. Olle; Tam. Nellikkai; Tel. Usirikaya.,Emblica officinalis,Fruits,veg,raw,24,0.34,0.16,12.14,7.75,4.39,3.39,20.1,1.25,1.4,223.0,,,1,,,
F00183,IFCT2017,E022,"Grapes, seeded, round, black",A. Angoor; B. Angoor; G. Kadi Draksha; H. Angoor; Kan. Draksha; Kash. Dach; Kh. Soh grape iong; Mal. Mundiringa; M. Angoor; Mar. Draksha; N. Angoor; O. Angoor; P. Angoor; S. Draakssaa; Tam. Panneer dratchai; Tel. Draksha padu.,Vitis vinifera,Fruits,veg,raw,61,0.76,0.32,14.58,1.35,13.23,10.02,10.6,0.22,1.9,171.0,,,1,,,
F00184,IFCT2017,E023,"Grapes, seeded, round, green",A. Angoor; B. Angoor; G. Lili Draksha; H. Angoor; Kan. Draksha; Kash. Dach; Kh. Soh grape jyrngam; Mal. Mundiringa; M. Angoor; Mar. Draksha; N. Angoor; O. Angoor; P. Angoor; S. Draakssaa; Tam. Dratchai; Tel. Draksha padu.,Vitis vinifera,Fruits,veg,raw,56,0.77,0.29,13.44,1.25,12.19,9.59,11.2,0.24,1.9,166.0,,,1,,,
F00185,IFCT2017,E024,"Grapes, seeded, round, red",A. Angoor; B. Angoor; G. Lal Draksha; H. Angoor; Kan. Draksha; Kash. Dach; Kh. Soh grape saw; Mal. Mundiringa; M. Angoor; Mar. Draksha; N. Angoor; O. Angoor; P. Angoor; S. Draakssaa; Tam. Dratchai; Tel. Draksha padu.,Vitis vinifera,Fruits,veg,raw,58,0.95,0.29,13.83,1.28,12.55,10.47,11.3,0.33,1.6,188.0,,,1,,,
F00186,IFCT2017,E025,"Grapes, seedless, oval, black",A. Angoor; B. Angoor; G. Draksha; H. Angoor; Kan. Draksha; Kash. Dach; Kh. Soh grape iong; Mal. Mundiringa; M. Angoor; Mar. Draksha; N. Angoor; O. Angoor; P. Angoor; S. Draakssaa; Tam. Dratchai; Tel. Draksha padu.,Vitis vinifera,Fruits,veg,raw,94,1.41,0.46,22.12,1.64,20.48,9.19,15.3,0.28,1.8,237.0,,,1,,,
F00187,IFCT2017,E026,"Grapes, seedless, round, green",A. Angoor; B. Angoor; G. Draksha; H. Angoor; Kan. Draksha; Kash. Dach; Kh. Soh grape jyrngam; Mal. Mundiringa; M. Angoor; Mar. Draksha ; N. Angoor; O. Angoor; P. Angoor; S. Draakssaa; Tam. Dratchai; Tel. Draksha padu.,Vitis vinifera,Fruits,veg,raw,54,0.62,0.26,13.09,1.28,11.81,9.6,14.2,0.24,1.8,168.0,,,1,,,
F00188,IFCT2017,E027,"Grapes, seedless, round, black",G. Kadi Draksha; H. Angoor; Kan. Draksha; Kash. Dach; Kh. Soh grape iong; Mal. Mundiringa; M. Angoor; Mar. Draksha; N. Angoor; O. Angoor; P. Angoor; S. Draakssaa; Tam. Dratchai; Tel. Draksha padu.,Vitis vinifera,Fruits,veg,raw,89,1.24,0.35,21.01,1.15,19.86,10.88,18.8,0.39,1.9,235.0,,,1,,,
F00189,IFCT2017,E028,"Guava, white flesh",A. Madhurium; B. Peyara; G. Jamphad; H. Amrud; Kan. Seebe; Kash. Amrodh; Kh. Soh pyriam; Mal. Perakka (nattu); M. Pungton; Mar. Peru; N. Aamba; O. Pijuli (deshi); P. Amrud; S. Peruka; Tam. Koiyapazham; Tel. Jama pandu; U. Amrood.,Psidium guajava,Fruits,veg,raw,32,1.44,0.32,13.72,8.59,5.13,4.1,18.5,0.32,2.9,283.0,,,1,,,
F00190,IFCT2017,E029,"Guava, pink flesh",H. Amrud; Tel. Jama pandu; Tam. Koiyapazham; Kan. Seebe; Mal. Perakka; Mar. Peru; O. Pijuli; B. Peyara; G. Lal jamphad; P. Amrud; A. Madhurium; Kash. Amrodh; S. Peruka; N. Aamba; M. Bilaiti pungton; Kh. Soh pyriam.,Psidium guajava,Fruits,veg,raw,47,1.19,0.25,16.53,7.39,9.14,7.79,14.2,0.4,1.9,270.0,,,1,,,
F00191,IFCT2017,E030,"Jack fruit, ripe","A. Kothal; B. Kanthal; E. Jakfruit, Jak; G. Phanas; H. Kathal; Kan. Halasu; Kh. Soh phan; Mal. Chakka; M. Theibong; Mar. Phanas; N. Katahar; O. Panasa; P. Kathal; Kash. Bindu; S. Panasa; Tam. Palapazham; Tel. Panasa; U. Kathahal.",Artocarpus heterophyllus,Fruits,veg,raw,72,2.74,0.15,17.63,3.62,14.01,12.21,35.0,0.36,1.6,279.0,,,1,,,
F00192,IFCT2017,E031,"Jambu fruit, ripe","A. Jamu; B. Jaamrool; E. Java apple, Semarang rose apple, Wax jambu; H. Jamun; Kan. Neralai; Mal. Naval pazham; Mar. Jambhool; O. Jamukoli; P. Jamun; Tam. Nagapazham; Tel. Neredupandu.",Syzygium cumini,Fruits,veg,raw,56,0.82,0.17,15.37,3.07,12.3,6.84,25.4,0.33,2.6,103.0,,,1,,,
F00193,IFCT2017,E032,Karonda fruit,"A. Korja tenga; B. Koromcha; G. Karamda; H. Balalak, dindimi; Kan. Karekayi; Mar. Karvand; Mal. Karakka; O. Sushena; P. Karonda; S. Karamazda; Tam. Kalakkay/ Parungala; Tel. Kalive.",Carissa carandas,Fruits,veg,raw,34,1.15,1.67,10.12,7.25,2.87,1.75,10.8,0.87,2.6,351.0,,,1,,,
F00194,IFCT2017,E033,"Lemon, juice",H. Nimbhu; Tel. Nimapandu ; O. Kagaji limbu; B. Pati Lebu; G. Limbu; P. Nibu; U. Neembu; A. Nemu; Kash. Nyomb; S. Lehin; N. Kaagati; M. Champra Mahi; Kh. Soh jew.,Citrus limon,Fruits,veg,raw,37,0.41,0.75,0.0,0.0,0.0,2.59,22.7,0.12,1.2,113.0,,,1,,,
F00195,IFCT2017,E034,"Lime, sweet, pulp",H. Mosambi; Tel. Gaja nimma pandu; Tam. Kolinchi pazham; Kan. Gaja nimbe; Mar. Limbu goda; B. Mitha lebu; G. Mosambi; A. Mosumi; Kash. Mosambi; P. Mosami; Kh. Soh balensha.,Citrus limetta,Fruits,veg,raw,27,0.76,0.2,7.25,2.07,5.18,3.42,25.8,0.11,1.2,182.0,,,1,,,
F00196,IFCT2017,E035,Litchi,A. Lichu; B. Lichu; E. Lychee; G. Lichi; H. Lichi; Kash. Lichi; Kh. Soh manir; Mal. Lichi; M. Lichu; Mar. Lichi; N. Lichi; O. Letchu; P. Lichi; Tam. Lichi; Tel. Lichi; Kan. Lichi; U. Lichi.,Nephelium litchi,Fruits,veg,raw,54,0.99,0.26,12.75,1.34,11.41,9.3,5.8,0.79,0.5,161.0,,,1,,,
F00197,IFCT2017,E036,"Mango, ripe, banganapalli",A. Aam; B. Aam(paka); G. Keri; H. Aam (paka); Kan. Mvina hannu; Kash. Aamb; Kh. Soh pieng; Mal. Mam pazham; M. Heinou Amunba; Mar. Amba (piklela); N. Ampa; O. Amba (pachila); P. Aam; S. Aamra; Tam. Mampazham; Tel. Mamidi pandu; U. Pakka aam.,Mangifera indica,Fruits,veg,raw,42,0.54,0.55,10.06,1.88,8.18,7.77,15.8,0.51,1.3,144.0,,,1,,,
F00198,IFCT2017,E037,"Mango, ripe, gulabkhas",A. Aam; B. Aam (paka); G. Pakeli Kedi; H. Aam (paka); Kan. Mvina hannu; Kash. Aamb; Kh. Soh pieng; Mal. Mam pazham; M. Heinou Amunba; Mar. Amba (piklela); N. Ampa; O. Amba (pachila); P. Aam; S. Aamra; Tam. Mampazham; Tel. Mamidi pandu; U. Pakka aam.,Mangifera indica,Fruits,veg,raw,50,0.52,0.53,11.99,1.67,10.32,8.13,19.3,0.38,1.4,115.0,,,1,,,
F00199,IFCT2017,E038,"Mango, ripe, himsagar",A. Aam; B. Aam (paka); G. Keri; H. Aam (paka); Kan. Mvina hannu; Kash. Aamb; Kh. Soh pieng; Mal. Mam pazham; M. Heinou Amunba; Mar. Amba (piklela); N. Ampa; O. Amba (pachila); P. Aam; S. Aamra; Tam. Mampazham; Tel. Mamidi pandu; U. Pakka aam.,Mangifera indica,Fruits,veg,raw,45,0.46,0.54,10.58,1.55,9.03,8.06,15.5,0.29,1.3,137.0,,,1,,,
F00200,IFCT2017,E039,"Mango, ripe, kesar",A. Aam; B. Aam (paka); G. Kesar kedi; H. Aam (paka); Kan. Mvina hannu; Kash. Aamb; Kh. Soh pieng; Mal. Mam pazham; M. Heinou Amunba; Mar. Amba (piklela); N. Ampa; O. Amba (pachila); P. Aam; S. Aamra; Tam. Mampazham; Tel. Mamidi pandu; U. Pakka aam.,Mangifera indica,Fruits,veg,raw,55,0.54,0.57,13.38,2.02,11.36,9.0,15.7,0.43,1.4,143.0,150,1 cup slices,1,,,
F00201,IFCT2017,E040,"Mango, ripe, neelam",A. Aam; B. Aam (paka); G. Nilam kedi; H. Aam (paka); Kan. Mvina hannu; Kash. Aamb; Kh. Soh pieng; Mal. Mam  pazham; M. Heinou Amunba; Mar. Amba (piklela); N. Ampa; O. Amba (pachila); P. Aam; S. Aamra; Tam. Mampazham; Tel. Mamidi pandu; U. Pakka aam.,Mangifera indica,Fruits,veg,raw,43,0.68,0.55,9.98,1.77,8.21,7.94,11.4,0.36,1.2,137.0,,,1,,,
F00202,IFCT2017,E041,"Mango, ripe, paheri",A. Aam; B. Aam (paka); G. Keri; H. Aam (paka); Kan. Mvina hannu; Kash. Aamb; Kh. Soh pieng; Mal. Mam pazham; M. Heinou Amunba; Mar. Amba (piklela); N. Ampa; O. Amba (pachila); S. Aamra; Tam. Mampazham; Tel. Mamidi pandu; U. Pakka aam.,Mangifera indica,Fruits,veg,raw,45,0.68,0.58,10.64,1.97,8.67,8.48,15.1,0.51,1.6,153.0,,,1,,,
F00203,IFCT2017,E042,"Mango, ripe, totapari",A. Aam; B. Aam (paka); G. Totapuri kedi; H. Aam (paka); Kan. Mvina hannu; Kash. Aamb; Kh. Soh pieng; Mal. Mam pazham; M. Heinou Amunba; Mar. Amba (piklela); N. Ampa; O. Amba (pachila); P. Aam; S. Aamra; Tel. Mamidi pandu; Tam. Mampazham; U. Pakka aam.,Mangifera indica,Fruits,veg,raw,59,0.41,0.49,14.48,1.73,12.75,9.24,13.3,0.28,1.3,160.0,,,1,,,
F00204,IFCT2017,E043,Mangosteen,E. Purple mangosteen; H. Mangustan; Mal. Kodam puli; Tam. Sulambali.,Garcinia mangostana,Fruits,veg,raw,52,0.63,0.24,13.28,1.87,11.41,8.91,4.7,0.28,3.8,46.9,,,1,,,
F00205,IFCT2017,E044,Manila tamarind,B. Jilapi; G. Bakhai ambli/Vilayabi ambli; H. Ganga imli/ Jangal jalebi; Kan. Seema/ dora hunase; Kh. Soh kyntoi im; M. Mange; Mar. Vilayatichinch; P. Jangjalebi; Tam. Kodukkapuli; Tel. Seema chintakaya.,Pithecellobium dulce,Fruits,veg,raw,82,3.56,1.14,17.94,4.4,13.54,12.13,8.5,0.71,1.4,376.0,,,1,,,
F00206,IFCT2017,E045,"Musk melon, orange flesh",A. Siral; B. Kharamuja; E. Muskmelon; G. Kharbujo; H. Kharbooja; Kan. Kharbooja; Kash. Kherbuz; Mal. Mulam pazham; Mar. Kharbooja; O. Kharbooja; P. Kharbooja; S. Kharbuuja; Tam. Mulam pazham; Tel. Kharbooja; U. Kharbuz.,Cucumis melon,Fruits,veg,raw,23,0.42,0.35,5.75,1.51,4.24,2.99,9.8,0.18,14.9,206.0,,,1,,,
F00207,IFCT2017,E046,"Musk melon, yellow flesh",A. Siral; B. Kharamuja; E. Muskmelon; G. Kharbujo (Pido); H. Kharbooja; Kan. Kharbooja; Kash. Kherbuz; Mal. Mulam pazham; Mar. Kharbooja; O. Kharbooja; P. Kharbooja; S. Kharbuuja; Tam. Mulam pazham; Tel. Kharbooja; U. Kharbuz.,Cucumis melon,Fruits,veg,raw,28,0.53,0.26,6.89,1.49,5.4,2.36,9.0,0.21,15.8,196.0,,,1,,,
F00208,IFCT2017,E047,"Orange, pulp",A. Komola; B. Kamala lebu; G. Santra; H. Santra; Kan. Kithilai; Kash. Sangtar; Kh. Soh niamtra; Mal. Madhura naranga; M. Komla; Mar. Santre; N. Suntala; O. Kamala; P. Santra; S. Naarangga; Tam. Saathukudi; Tel. Kamala padu; U. Santra.,Citrus aurantium,Fruits,veg,raw,37,0.7,0.13,9.21,1.29,7.92,6.86,19.5,0.81,1.5,164.0,130,1 medium orange (pulp),1,,,
F00209,IFCT2017,E048,"Palm fruit, tender","E. Doub palm, Palmyra palm, Tala palm, Toddy palm, Wine palm, Ice apple; H. Tar; Kan. Thati mangu; Mal. Pnamnungu; O. Tala Saja; Tam. Panai nungu; Tel. Thati munjalu.",Borassus flabellifer,Fruits,veg,raw,24,0.5,0.12,7.32,2.4,4.92,0.19,0.0,0.0,1.2,158.0,,,1,,,
F00210,IFCT2017,E049,"Papaya, ripe","A. Amita; B. Pepe (paka); E. Papaw, Pawpaw; G. Papayu; H. Papita; Kan. Pappayi Hannu; Kash. Papita; Kh. Soh Kymphor; Kon. Papayi; Mal. Omakai; M. Awathabi amunba; Mar. Popai; N. Mewa; O. Amrutbhanda (Pachila); P. Papita; Tam. Pappali; Tel. Boppayi pandu; U. Papita.",Carcia papaya,Fruits,veg,raw,24,0.42,0.16,7.44,2.83,4.61,4.09,15.0,0.23,6.7,173.0,,,1,,,
F00211,IFCT2017,E050,Peach,A. Ahom bogori; E. Nectarine; H. Aroo; Kash. Aer; Kh. Soh phareng; M. Chumbrei; P. Aroo.,Prunus communis,Fruits,veg,raw,40,0.86,0.37,9.95,2.13,7.82,6.95,7.0,0.35,1.1,281.0,,,1,,,
F00212,IFCT2017,E051,Pear,A. Naspoti; B. Nashpati; G. Nashpatino; H. Nashpati; Kan. Berikai; Kash. Tang; Kh. Soh phoh; Mal. Sabarjil; M. Naspati; Mar. Nashpati; N. Naspati; O. Nashpati; P. Nashpati; Tam. Berikkai; Tel. Berikaya; U. Nashpati.,Prunus persica,Fruits,veg,raw,38,0.36,0.27,12.57,4.48,8.09,7.39,6.6,0.28,1.6,106.0,,,1,,,
F00213,IFCT2017,E052,Phalsa,A. Pharaskol; B. Falsa; G. Falsa; H. Falsa; Kan. Phalsa hannu; Kh. Soh broi rit; Mal. Palisa; Mar. Falsa; O. Mirgichara; P. Falsa; Tam. Palisa; Tel. Falsa pandu; U. Falsa.,Grewia asiatica,Fruits,veg,raw,71,1.66,0.14,19.63,4.54,15.09,13.0,153.0,2.01,2.0,362.0,,,1,,,
F00214,IFCT2017,E053,Pineapple,A. Ahnaros; B. Anarasa; G. Anenas; H. Ananas; Kan. Ananas; Kash. Punchitipul; Kh. Soh trun; Kon. Anas; Mal. Kayirha chakka; M. Kihom Ananas; O. Sapuri; P. Ananas; Tam. Annasi pazham; Tel. Anasa pandu; U. Ananas.,Ananas comosus,Fruits,veg,raw,43,0.52,0.16,12.88,3.46,9.42,8.56,10.9,0.28,1.4,143.0,,,1,,,
F00215,IFCT2017,E054,Plum,B. Alubokhara; H. Alubokhara; G. Aaddu; Kan. Onagida draakshi; Kash. Aeir; Kh. Soh plum dorris/ Norris; M. Heikha; P. Aloobhukhara; Tel. Alapagoda.,Prunus domestica,Fruits,veg,raw,57,0.64,0.4,14.17,2.07,12.1,10.13,7.6,0.25,1.6,162.0,,,1,,,
F00216,IFCT2017,E055,"Pomegranate, maroon seeds",A. dalim; B. Bedana; G. Dadam; H. Anar; Kan. Dalimbari; Kash. Daan; Kh. Soh pomegranate; Kon. Dalimb; Mal. Mathalam pazhham; M. Kamphoi; Mar. Dalimb; O. Dalimba; P. Anar; S. Daaddima; Tam. Madhulam pazham; Tel. Danimma pandu; U. Anaar.,Punica granatum,Fruits,veg,raw,55,1.33,0.15,14.41,2.83,11.58,10.87,10.7,0.31,2.1,206.0,,,1,,,
F00217,IFCT2017,E056,Pummelo,A. Rabab tenga; B. Batabilembu; E. Pomelo; G. Papnuse; H. Chakotra; Kan. Chakkota; Kh. Soh bah; Mal. Bombilimas; M. Nobab; Mar. Papnus; O. Batapilembu; Tam. Bombilimas; Tel. Pampara panasa.,Citrus maxima,Fruits,veg,raw,50,0.68,0.42,11.44,0.8,10.64,4.38,14.0,0.06,1.1,189.0,,,1,,,
F00218,IFCT2017,E057,"Raisins, dried, black",A. kishmish; B. kishmish; E. Dried grape; G. Kadi Draksha; H. Kishmish; Kan. Drashi; Kash. kishmish; Kh. Kismis iong; Mal. Mundiringa (unakku); M. Kismis; Mar. kishmish; O. kishmish; P. Songi; Tam. Ular dhirachai; Tel. Endu draksha; U. kishmish.,Vitis vinifera,Fruits,veg,raw,306,2.57,0.34,75.21,3.92,71.29,61.51,73.2,6.81,11.0,1105.0,,,1,,,
F00219,IFCT2017,E058,"Raisins, dried, golden",A. Kishmish; B. Kishmish; E. Dried grape; G. Pidi Draksha; H. Kishmish; Kan. Drashi; Kash. Kishmish; Kh. Kismis saw; Kon. Suke dhrakshi; Mal. Mundiringa (unakku); M. Kismis; Mar. kishmish; N. Kismis; O. Kishmish ; P. Songi; Tam. Ular dhirachai; Tel. Endu draksha; U. Kishmish.,Vitis vinifera,Fruits,veg,raw,297,2.76,0.35,73.35,4.56,68.79,57.12,51.8,4.26,10.2,913.0,,,1,,,
F00220,IFCT2017,E059,Rambutan,H. Rambutan.,Nephelium lappaceum,Fruits,veg,raw,73,0.68,0.16,17.86,1.02,16.84,15.8,8.7,0.37,1.8,131.0,,,1,,,
F00221,IFCT2017,E060,Sapota,A. Chiku; E. Sapodilla; H. Chiku; Kan. Sapota; Mal. Sapota; Mar. Chiku; O. Sapota; P. Chiku; Tel. Sapota; U. Sapota.,Achras sapota,Fruits,veg,raw,73,0.92,1.26,23.5,9.6,13.9,12.3,17.9,0.49,4.6,280.0,,,1,,,
F00222,IFCT2017,E061,Soursop,H. Shul-ram fal; Kan. Lakshmanaphala/Mulluramphala; Mal. Mullatha; Tam. Malai seethapalam/ Paanghi pazham; Tel. Lakshamana phalamu.,Annona muricata,Fruits,veg,raw,62,0.74,0.94,16.89,4.95,11.94,9.83,10.1,0.29,6.8,264.0,,,1,,,
F00223,IFCT2017,E062,Star fruit,"A. Kordoi; E. Carambola, Starfruit; G. Amrakh; H. Kazmal/Kamrakh; Kan. Kamaraka/ Kapazakshi hannu; Kh. Soh pyrshong; Mal. Caturappuli; M. Heinoujom; Mar. Karambal; O. Karamanga; Tam. Tamarattai; U. Kamrakh.",Averrhoa carambola,Fruits,veg,raw,26,0.79,0.39,7.32,2.81,4.51,3.95,5.0,0.45,1.6,159.0,,,1,,,
F00224,IFCT2017,E063,Strawberry,G. strawberry; Kan. Nela milli hannu; Kh. Strawberry/ soh stap; Mal. Stroberry; P. Lachi; Kash. Istaber; Tam. Strawberry.,Fragaria ananassa,Fruits,veg,raw,25,0.97,0.56,5.9,2.5,3.4,3.56,15.3,0.36,1.2,140.0,,,1,,,
F00225,IFCT2017,E064,"Tamarind, pulp",A. Teteli; B. Tetul; G. Amli; H. Imli; Kan. Hunise hannu; Kash. Tambari; Kh. Soh kyntoi; Mal. Puli; M. Mange; Mar. Chinch; N. Imali; O. Tentuli; P. Imli; S. Sucukrika; Tam. Puli; Tel. Chintha pandu; U. Imli.,Tamarindus indicus,Fruits,veg,raw,288,2.92,0.15,72.66,5.31,67.35,52.88,149.0,9.16,24.9,836.0,,,1,,,
F00226,IFCT2017,E065,"Water melon, dark green (sugar baby)",A. Tormuj; B. Tarmuj; E. Watermelon; G. Tadbuj; H. Tarbuj; Kan. Kallangadi; Kash. Hend wend; Kh. Soh watermelon; Kon. Bacchanga; Mal. Thannir mathan; M. Tarbuj; Mar. Kalingad; N. Kharbuja; O. Tarvuja; P. Dawana; Tam. Darbusani; Tel. Puchakaya; U. Tarbuja.,Citrullus vulgaris,Fruits,veg,raw,20,0.6,0.16,4.56,0.7,3.86,3.66,5.3,0.22,1.9,124.0,,,1,,,
F00227,IFCT2017,E066,"Water melon, pale green",A. Tormuj; B. Tarmuj; E. Watermelon; G. Tadbuj; H. Tarbuj; Kan. Kallangadi; Kash. Hend wend; Kh. Soh watermelon; Kon. Bacchanga; Mal. Thannir mathan; M. Tarbuj; Mar. Kalingad; N. Kharbuja; O. Tarvuja; P. Dawana; Tam. Darbusani; Tel. Puchakaya; U. Tarbuja.,Citrullus vulgaris,Fruits,veg,raw,17,0.59,0.16,3.8,0.78,3.02,3.0,4.3,0.16,1.6,126.0,,,1,,,
F00228,IFCT2017,E067,Wood Apple,A. Bel; B. Koyeth Bael; E. Elephant apple; G. Kothu; H. Kaith; Kan. Bele; Kash. Bum choont; Mal. Vilam pazham; Mar. Kavath; O. Kaitha; P. Chaktora; S. Bilvaon (Gorakamli); Tam. Vilam pazham; Tel. Velega pandu; U. Beal.,Limonia acidissima,Fruits,veg,raw,78,3.14,3.62,12.73,5.21,7.52,3.81,55.7,0.45,1.5,347.0,,,1,,,
F00229,IFCT2017,E068,Zizyphus,"A. Bogori; B. Kula; E. Jujube, Ziziphus; G. Ber; H. Ber; Kan. Yelachi; Kash. Brey; Kh. Soh broi heh; Kon. Bor; Mal. Elanth pazham; M. Boroi; Mar. Bor; O. Barakoli; P. Beri; S. Badarii; Tam. Elanthai pazham; Tel. Regu pandu; U. Ber.",Zizyphus jujube,Fruits,veg,raw,49,1.34,0.35,13.13,3.73,9.4,8.29,46.6,0.4,1.5,237.0,,,1,,,
F00230,IFCT2017,F001,Beet root,"A. Beet; B. Beet; E. Beetroot, Beet, Table beet, Garden beet, Red beet, Golden beet; G. Beet; H. Chukandar; Kan. Beet; Kh. U bit; Kash. Chogander munji; Mal. Beet root; Mar. Beet root; O. Bita; P. Chukandar; S. Paalangashaakah; Tam. Beet root; Tel. Beet root; U. Chokhandar.",Beta vulgaris,Roots and Tubers,veg,raw,36,1.95,0.14,9.49,3.31,6.18,4.35,17.3,0.76,69.4,306.0,,,1,,,
F00231,IFCT2017,F002,"Carrot, orange",A. Gajor; B. Gajar; G. Gajar; H. Gajar; Kan. Gajjare; Kash. Ghahzir; Kh. U kajor; Mal. Carrot; M. Gajar; Mar. Gajar; N. Gajar; O. Gajara; P. Gajar; S. Grunjanam; Tam. Carrot; Tel. Gajjara gadda; U. Gajar.,Dacus carota,Roots and Tubers,veg,raw,33,0.95,0.47,9.73,4.18,5.55,3.23,35.1,0.6,52.3,273.0,,,1,,,
F00232,IFCT2017,F003,"Carrot, red",A. Gajor; B. Gajar; G. Gajar; H. Gajar; Kan. Gajjare; Kash. Ghahzir; Kh. Kajor; Mal. Carrot; M. Gajar; Mar. Gajar; N. Gajar; O. Gajara; P. Gajar; S. Grunjanam; Tam. Carrot; Tel. Gajjara gadda; U. Gajar.,Dacus carota,Roots and Tubers,veg,raw,38,1.04,0.47,11.2,4.49,6.71,3.96,41.1,0.71,60.7,267.0,,,1,,,
F00233,IFCT2017,F004,Colocasia,A. Kosu; B. Kochu; E. Taro; G. Advi; H. Arwi; Kan. Samagadde; Kash. faram; Kh. Ka shriew; Mal. Chembu; M. Paan; Mar. Alu kanda; O. Saru; P. Arwi; Tam. Seppankizhangu; Tel. Chama dumpa; U. Arwi.,Colocasia antiquorum,Roots and Tubers,veg,raw,89,3.31,0.17,21.07,3.22,17.85,0.9,30.2,0.66,4.5,514.0,,,1,,,
F00234,IFCT2017,F005,Lotus root,"A. podum thari; G. Kamad kakdi; H. Kamal gatta, Kamal kakdi; Kan. Tavare dantu; Kash. Nader; Kh. Thied lotus; Mal. Thamara thandu; M. Thambou; Mar. Kamalkaakdi; O. Padma nad; P. Kamal zahr; Tam. Thamaraithandu; Tel. Thamara kada; U. Kanwal kakri.",Nelumbium nelumbo,Roots and Tubers,veg,raw,79,1.94,0.93,19.37,4.7,14.67,0.24,37.7,3.34,20.6,611.0,,,1,,,
F00235,IFCT2017,F006,"Potato, brown skin, big",A. Simolu aloo; B. Gal alu; G. Bateka; H. Alu; Kan. Alugadda; Kash. Oalu; Kh. U phan; Kon. Alu; N. Alu; Mal. Urula kizhangu; M. Aloo; Mar. Batata; O. Alu; P. Alu; S. Aalukah; Tam. Urulai kizhangu; Tel. Bangala dumpa; U. Alu.,Solanum tuberosum,Roots and Tubers,veg,raw,70,1.54,0.23,16.6,1.71,14.89,0.32,9.5,0.57,4.1,541.0,100,1 medium potato,1,,,
F00236,IFCT2017,F007,"Potato, brown skin, small","A. Simolu aloo; B. Gal alu; G. Bateka; H. Alu; Kan. Alugadda; Kash. Oalu; Kh. Phan rit; Kon. Alu; M. Aloo; Mar. Batata; N., O., P., U. Alu; S. Aalukah; Tam. Urulaikizhangu; Tel. Bangala dumpa.",Solanum tuberosum,Roots and Tubers,veg,raw,61,1.35,0.22,14.59,1.69,12.9,0.44,8.5,0.53,4.0,474.0,,,1,,,
F00237,IFCT2017,F008,"Potato, red skin",A. Aloo; B. Gal alu; G. Bateka; H. Alu; Kan. Alugadda; Kash. Oalu; Kh. Phan saw; Kon. Alu; Mal. Urula kizhangu; Mar. Batata; N. Alu; O. Alu; P. Alu; S. Aalukah; M. Aloo; Tam. Urulaikizhangu; Tel. Bangala dumpa; U. Alu.,Solanum tuberosum,Roots and Tubers,veg,raw,73,1.83,0.22,17.11,1.68,15.43,0.38,8.6,0.66,4.4,501.0,,,1,,,
F00238,IFCT2017,F009,"Radish, elongate, red skin",A. Mula; B. Mula; G. Muda; H. Muli; Kan. Mullangi; Kh. Muli saw; Mal. Mullangi; Mar. Mula; N. Mula; O. Mula; P. Gonglu; S. Moolikaa; Tam. Mullangi; Tel. Mullangi; U. Mooli.,Raphanus sativus,Roots and Tubers,veg,raw,32,0.67,0.13,9.17,2.46,6.71,1.15,28.4,0.37,24.7,255.0,,,1,,,
F00239,IFCT2017,F010,"Radish, elongate, white skin",A. Mula; B. Mula; G. Muda; H. Muli; Kan. Mullangi; Kh. Muli lieh; Mal. Mullangi; Mar. Mula; N. Mula; O. Mula; P. Gonglu; S. Moolikaa; Tam. Mullangi; Tel. Mullangi; U. Mooli.,Raphanus sativus,Roots and Tubers,veg,raw,32,0.77,0.15,9.21,2.65,6.56,0.95,30.2,0.36,28.2,288.0,,,1,,,
F00240,IFCT2017,F011,"Radish, round, red skin",A. Mula; B. Mula; G. Muda; H. Muli; Kan. Mullangi; Kh. Muli pyllon; Mal. Mullangi; Mar. Mula; N. Mula; O. Mula; P. Gonglu; S. Moolikaa; Tam. Mullangi; Tel. Mullangi; U. Mooli.,Raphanus sativus,Roots and Tubers,veg,raw,31,0.89,0.16,8.36,2.29,6.07,0.86,35.8,0.42,32.3,308.0,,,1,,,
F00241,IFCT2017,F012,"Radish, round, white skin",A. Mula; B. Mula; G. Muda; H. Muli; Kan. Mullangi; Kh. Muli pyllon; Mal. Mullangi; Mar. Mula; N. Mula; O. Mula; P. Gonglu; S. Moolikaa; Tam. Mullangi; Tel. Mullangi; U. Mooli.,Raphanus sativus,Roots and Tubers,veg,raw,31,0.8,0.14,8.5,2.37,6.13,1.16,34.2,0.41,24.1,287.0,,,1,,,
F00242,IFCT2017,F013,"Sweet potato, brown skin",A. Meetha aloo; B. Ranga alu; G. Sakkaria; H. Shakarkand; Kan. Genasu; Kh. Phankaro iong; Mal. Sakkarvalli kazhangu; M. Manghra; Mar. Ratalu; N. Sakhar Khand; O. Kandamula; P. Sakkargandi; Tam. Sakkarvalli kizhangu; Tel. Chilagada dumpa; U. Ratalu.,Ipomoes batatas,Roots and Tubers,veg,raw,109,1.33,0.26,28.24,3.99,24.25,3.63,27.5,0.35,29.6,345.0,,,1,,,
F00243,IFCT2017,F014,"Sweet potato, pink skin",A. Meetha aloo; B. Ranga alu; G. Sakkaria; H. Shakarkand; Kan. Genasu; Kh. Phankaro saw; Mal. Sakkarvalli kazhangu; M. Manghra; Mar. Ratalu; N. Sakhar Khand; O. Kandamula; P. Sakkargandi; Tam. Sakkarvalli kizhangu; Tel. Chilagada dumpa; U. Ratalu.,Ipomoes batatas,Roots and Tubers,veg,raw,108,1.27,0.33,27.87,3.94,23.93,4.03,28.9,0.51,29.0,329.0,,,1,,,
F00244,IFCT2017,F015,Tapioca,A. Sagi; B. Simla alu; G. Aararoot; H. Simla alu; Kan. Mra genasu; Kh. Phan dieng; Mal. Mrachini; M. U Manghra; Mar. Simla  Batata; N. Tarul; O. Kathakonda; P. Simla alu; Tam. Maravalli kizhangu; Tel. Krrapendalamu; U. Kasawa soji.,Manihot esculenta,Roots and Tubers,veg,raw,80,1.03,0.2,22.42,4.61,17.81,2.14,25.9,0.81,10.9,255.0,,,1,,,
F00245,IFCT2017,F016,Water Chestnut,"A.Pani singora; B. Pani phal; G. Shingoda; H., Mar. Shingara; Kash. Goer; Mal. Karimpolam; M. Kaothum; O. Pani singhara; P. Shingada; Tam. Singhara; Tel. Kubyakam.",Eleocharis dulcis,Roots and Tubers,veg,raw,96,0.86,0.37,24.48,3.02,21.46,1.95,37.2,0.77,13.1,382.0,,,1,,,
F00246,IFCT2017,F017,"Yam, elephant","A. Ol kachu; B. Ol; E. Elephant foot yam, Whitespot giant arum; G. Suran; H. Zimikandha; Kan. Suvarna gadda; Kh. Shriew hati; Mal. Chena; M. Haa; Mar. Suran; O. Suran; P. Zimikand; Tam. Karunai kizhangu; Tel. Kandha dumpa.",Amorphophallus campanulatus,Roots and Tubers,veg,raw,84,2.56,0.14,21.63,4.17,17.46,1.58,46.9,1.22,14.3,501.0,,,1,,,
F00247,IFCT2017,F018,"Yam, ordinary","A. Kath aloo; B. Gherkochoo; E. White yam, Winged yam, Water yam, Purple yam; G. Ratadu; H. Sooran; Kan. Suvarna gadda; Kh. Shriew jrong; Mal. Chena; M. Haa; Mar. Goradu; N. Pidaloo; O. Khamba alu; S. Aalu; Tam. Karunai kizhangu; Tel. Durdakandagadda.",Amorphophallus campanulatus,Roots and Tubers,veg,raw,83,2.18,0.17,21.73,4.08,17.65,1.15,16.2,0.77,15.3,463.0,,,1,,,
F00248,IFCT2017,F019,"Yam, wild",A. Jongoli kosu; B. Ranga alu; G. Ratadu; H. Suaralu; Kan. Hegganasu; Kh. Shriew lieh; Mal. Kattuchena; M. Haa; Mar. Suran; Tam. Kodi kizhangu; Tel. Chedu paddu dumpa.,Dioscorea versicolor,Roots and Tubers,veg,raw,103,3.07,0.3,25.52,4.57,20.95,1.54,44.1,1.04,12.8,654.0,,,1,,,
F00249,IFCT2017,G001,"Chillies, green-1",A. Kesa jalakia; E. Chili pepper; G. Lila marcha; H. Hara Mirchi; Kan. Hasi Menasinakayi; Kash. Marach wangun; Kh. Sohmynken heh; Mal. Mulaku; M. Morok; Mar. Mulaku; N. Hariyo khursani; O. Kancha Lanka; P. Hara mirchi; S. Marichika; Tam. Pachhai milagai; Tel. Pacchi Mirapakaya; U. Hara mirchi.,Capsicum annum,Condiments and Spices,veg,raw,46,2.62,0.73,11.18,4.86,6.32,0.71,24.1,1.46,3.3,431.0,,,0,,,
F00250,IFCT2017,G002,"Chillies, green-2",A. Kesa jalakia; E. Chili pepper; G. Lila marcha; H. Hara Mirchi; Kan. Hasi Menasinakayi; Kash. Marach wangun; Kh. Soh mynken dkhar; Mal. Mulaku; M. Morok; Mar. Mulaku; N. Hariyo khursani; O. Kancha Lanka; P. Hara mirchi; S. Marichika; Tam. Pachhai milagai; Tel. Pacchi Mirapakaya; U. Hara mirchi.,Capsicum annum,Condiments and Spices,veg,raw,40,2.28,0.75,10.4,5.13,5.27,1.05,16.9,1.24,2.5,321.0,,,0,,,
F00251,IFCT2017,G003,"Chillies, green-3",A. Kesa jalakia; E. Chili pepper; G. Lila marcha; H. Hara Mirchi; Kan. Hasi Menasinakayi; Kash. Marach wangun; Kh. Soh mynken dkhar; Mal. Mulaku; M. Morok; Mar. Mulaku; N. Hariyo khursani; O. Kancha Lanka; P. Hara mirchi; S. Marichika; Tam. Pachhai milagai; Tel. Pacchi Mirapakaya; U. Hara mirchi.,Capsicum annum,Condiments and Spices,veg,raw,40,2.38,0.75,10.33,5.1,5.23,0.54,18.0,1.25,2.6,317.0,,,0,,,
F00252,IFCT2017,G004,"Chillies, green-4",A. Kesa jalakia; E. Chili pepper; H. Hara Mirchi; Kan. Hasi Menasinakayi; Kash. Marach wangun; Kh. Soh mynken dkhar; Mal. Mulaku; M. Morok; Mar. Mulaku; N. Hariyo khursani; O. Kancha Lanka; P. Hara mirchi; S. Marichika; Tam. Pachhai milagai; Tel. Pacchi Mirapakaya; U. Hara mirchi.,Capsicum annum,Condiments and Spices,veg,raw,45,2.33,0.74,10.78,4.15,6.63,0.62,15.9,1.08,1.9,318.0,,,0,,,
F00253,IFCT2017,G005,"Chillies, green-5",A. Kesa jalakia; E. Chili pepper; G. Vadhvani marcha; H. Hara Mirchi; Kan. Hasi Menasinakayi; Kash. Marach wangun; Kh. Soh mynken dkhar; Mal. Mulaku; M. Morok; Mar. Mulaku; N. Hariyo khursani; O. Kancha Lanka; P. Hara mirchi; S. Marichika; Tam. Pachhai milagai; Tel. Pacchi Mirapakaya; U. Hara mirchi.,Capsicum annum,Condiments and Spices,veg,raw,43,2.01,0.65,10.59,3.95,6.64,0.46,15.3,0.93,2.2,317.0,,,0,,,
F00254,IFCT2017,G006,"Chillies, green-6",A. Kesa jalakia; E. Chili pepper; G. Lila marcha; H. Hara Mirchi; Kan. Hasi Menasinakayi; Kash. Marach wangun; Kh. Soh mynken dkhar; Mal. Mulaku; M. Morok; Mar. Mulaku; N. Hariyo khursani; O. Kancha Lanka; P. Hara mirchi; S. Marichika; Tam. Pachhai milagai; Tel. Pacchi Mirapakaya; U. Hara mirchi.,Capsicum annum,Condiments and Spices,veg,raw,42,3.01,0.64,10.46,5.15,5.31,0.59,24.8,0.75,2.4,340.0,,,0,,,
F00255,IFCT2017,G007,"Chillies, green-7",A. Kesa jalakia; E. Chili pepper; G. Gola marcha; H. Hara Mirchi; Kan. Hasi Menasinakayi; Kash. Marach wangun; Kh. Soh mynken beb; Mal. Mulaku; M. Morok; Mar. Mulaku; N. Hariyo khursani; O. Kancha Lanka; P. Hara mirchi; S. Marichika; Tam. Pachhai milagai; Tel. Pacchi Mirapakaya; U. Hara mirchi.,Capsicum annum,Condiments and Spices,veg,raw,39,2.12,0.6,10.56,4.95,5.61,0.73,16.9,1.23,2.0,319.0,,,0,,,
F00256,IFCT2017,G008,"Chillies, green - all varieties",A. Kesa jalakia; E. Chili pepper; H. Hara Mirchi; Kan. Hasi Menasinakayi; Kash. Marach wangun; Kh. Soh mynken dkhar; Mal. Mulaku; M. Morok; Mar. Mulaku; N. Hariyo khursani; O. Kancha Lanka; P. Hara mirchi; S. Marichika; Tam. Pachhai milagai; Tel. Pacchi Mirapakaya; U. Hara mirchi.,Capsicum annum,Condiments and Spices,veg,raw,42,2.36,0.72,10.63,4.77,5.86,0.67,18.5,1.2,2.5,341.0,,,1,,,
F00257,IFCT2017,G009,Coriander leaves,"A. Dhania paat; B. Dhone pata; E. Cilantro, Chinese parsley; G. Dhana pandada; H. Hara dhania; Kan. Kothambari; Kash. Daaniwal; Kh. Dhonia dkhar; Mal. Kothamalli; M. Fadhighom Mana; Mar. Kothimbir; N. Hario Dhaniya; O. Dhania Patra; P. Hara dhaniya patta; Tam. Kothamalli; Tel. Kothimiri; U. Hara dhaniya.",Coriandrum sativum,Condiments and Spices,veg,raw,31,3.52,0.7,6.59,4.66,1.93,0.17,146.0,5.3,37.0,546.0,,,1,,,
F00258,IFCT2017,G010,Curry leaves,A. Narasingha paat; B. Karhi-pat; E. Sweet Neem leaves; G. Kadi umdo; H. Gandhela ; Kan. Karibevu; Kash. Curry patta; Kh. Sla Kori; Mal. Kariveppilai; M. Curry Pata; Mar. Gandhela; N. Kary patta; O. Bhursanga Patra; P. Kadhi patta; S. Girinimba; Tam. Kariveppilai; Tel. Karivepaku; U. Kadi ka patta.,Murraya koenigii,Condiments and Spices,veg,raw,64,7.41,1.06,21.34,16.83,4.51,0.6,659.0,8.67,18.7,584.0,,,1,,,
F00259,IFCT2017,G011,"Garlic, big clove",A. Nohoru; B. Rashun; G. Lasan; H. Lehsan; Kan. Bellulli; Kash. Ruhan; Kh. Rynsun heh/ Rynsun dkhar; Mal. Vellulli; M. Chanam; Mar. Lasoon; N. Lasun; O. Rasuna; P. Lasan; S. Lashoonam; Tam. Poondu; Tel. Vellulli; U. Laisan.,Allium sativum,Condiments and Spices,veg,raw,124,6.92,0.16,27.15,5.22,21.93,5.97,20.1,1.05,9.4,430.0,,,1,,,
F00260,IFCT2017,G012,"Garlic, small clove",A. Nohoru; B. Rashun; G. Lasan; H. Lehsan; Kan. Bellulli; Kash. Ruhan; Kh. Rynsun rit; Mal. Vellulli; M. Chanam; Mar. Lasoon; N. Lasun; O. Rasuna; P. Lasan; S. Lashoonam; Tam. Poondu; Tel. Vellulli; U. Laisan.,Allium sativum,Condiments and Spices,veg,raw,123,6.75,0.14,27.31,5.47,21.84,4.84,17.6,0.88,10.6,453.0,,,1,,,
F00261,IFCT2017,G013,"Garlic, single clove, Kashmir",A. Nohoru; B. Ek koya Rashun; G. Lasan; H. Lehsan; Kan. Bellulli; Kash. Ruhan; Kh. Rynsun; Mal. Vellulli; M. Chanam; Mar. Lasoon; N. Lasun; O. Rasuna; P. Lasan; S. Lashoonam; Tam. Ottrai poondu; Tel. Vellulli; U. Laisan.,Allium sativum,Condiments and Spices,veg,raw,125,6.12,0.16,27.47,4.01,23.46,3.73,19.0,1.01,8.9,584.0,,,1,,,
F00262,IFCT2017,G014,"Ginger, fresh",A. Ada kesa; B. Ada; G. Adu; H. Adrak ; Kan. Shunti; Kash. Adrak; Kh. Sying bah; Mal. Inji; M. Sing; Mar. Ale; N. Aduwa; O. Ada; P. Adrak; S. Aadrak; Tam. Inji; Tel. Allam; U. Adrak.,Zinziber officinale,Condiments and Spices,veg,raw,55,2.22,0.85,14.33,5.36,8.97,1.31,18.9,1.9,10.0,407.0,,,1,,,
F00263,IFCT2017,G015,Mango ginger,A. Aam ada; B. Amada; G. Amba Hardar; H. Aam adhrak; Kan. Mavina hasi sunthi; Kash. Adrak; Kh. Sying makhir; Mal. Mangainji; Mar. Amba haldi; P. Aam adrak; Tam. Mainji; Tel. Mamidiallam; U. Aam adrak.,Curcuma amada,Condiments and Spices,veg,raw,42,1.45,0.7,11.72,4.74,6.98,2.42,13.7,2.31,5.5,384.0,,,1,,,
F00264,IFCT2017,G016,Mint leaves,A. Podina; B. Pudina; E. Mentha; G. Phudino; H. Pudina; Kan. Pudina; Kash. Pudinth; Kh. Pudina; Mal. Pudina; M. Nungsihidak; Mar. Pudina; N. Baabari; O. Pudina Patra; P. Pudina; Tam. Pudina; Tel. Pudina; U. Pudina.,Mentha spicata,Condiments and Spices,veg,raw,37,4.66,0.65,8.28,5.89,2.39,0.08,205.0,8.56,16.9,539.0,,,1,,,
F00265,IFCT2017,G017,"Onion, big","A. Piyanj; B. Peyaj; E. Bulb onion, Common onion; G. Kando; H. Pyaz; Kan. Eerulli; Kash. Gandha; Kh. Piat; Mal. Ulli; M. Tilhou; Mar. Kanda; N. Pyaj; O. Piaja; P. Gandhe; S. Palaanduh; Tam. Vengayam; Tel. Neerulli/Ullipaya; U. Pyaaz.",Allium cepa,Condiments and Spices,veg,raw,48,1.5,0.24,12.01,2.45,9.56,5.88,21.0,0.43,5.5,171.0,100,1 medium onion,1,,,
F00266,IFCT2017,G018,"Onion, small","A. Xoru Piyanj; B. Gundhun; E. Bulb onion, Common onion; G. Dungri (nani); H. Pyaaz Kali; Kan. Chikk Eerulli; Kash. Praan; Kh. Piat rit; Mal. Cheriya Ulli; M. Tilhou ; Mar. Kanda; N. Chayapi; P. Gandhe; Tam. Chinna vengayam; Tel. Chinna ullipaya; U. Pyaaz.",Allium cepa,Condiments and Spices,veg,raw,57,1.82,0.16,12.74,1.16,11.58,5.62,19.9,0.53,4.1,160.0,,,1,,,
F00267,IFCT2017,G019,Asafoetida,"A. Hing; B. Hing; E. Food of the Gods, Jowani Badian, Hengu, Ingu, Kayam, Ting; G. Hing; H. Hing ; Kan. Hingu; Kash. Yangu; Kh. U hing; Mal. Perungayam; M. Hing; Mar. Hing; N. Hing; O. Hingu; P. Hing; S. Badhika; Tam. Perugayam; Tel. Inguva; U. Hing.",Ferula assa-foetida,Condiments and Spices,veg,raw,332,6.34,1.26,77.08,5.13,71.95,0.93,266.0,15.68,16.0,245.0,,,1,,,
F00268,IFCT2017,G020,"Cardamom, green",A. Ilasi; B. Elach; E. True cardamom; G. Alechi; H. Elaychi; Kan. Yelakki; Kash. Aa’l budu’a aa’ l; Kh. Elaishi; Mal. Elakkai; M. Elaichi; Mar. Veldoda; N. Alaichi; O. Alaichi; P. Shoti elaychi; S. Ela; Tam. Elakkai; Tel. Elakkai; U. Elaichi.,Elettaria cardamomum,Condiments and Spices,veg,raw,255,8.1,2.6,70.86,23.1,47.76,4.28,378.0,8.33,15.5,1262.0,,,1,,,
F00269,IFCT2017,G021,"Cardamom, black","B. Boro elach; E. Hill cardamom, Bengal cardamom, Greater cardamom, Indian cardamom, Nepal cardamom, Winged cardamom, Brown cardamom; G. Moti alechi; A. Ilasi; H. Badi elaychi; Kan. Yelakki; Kash. Aa’l budu’a aa’ l; Kh. Elaichi; Mal. Elathari; M. Elaichi; Mar. Veldoda; N. Alaichi; O. Alaichi; P. Baddi elaychi; S. Ela; Tam. Elakkai; Tel. Elakkai; U. Elaichi.",Elettaria cardamomum,Condiments and Spices,veg,raw,271,6.69,2.8,75.99,23.46,52.53,2.3,312.0,7.94,16.2,1331.0,,,1,,,
F00270,IFCT2017,G022,"Chillies, red",A. Sukan jolokia; B. Shuckhuo Lonka; E. Red chilli pepper; G. Lal marcha (sukha); H. Mirchi; Kan. Ona Menasinakayi; Kh. Sohmynken trykhong; Mal. Mulaku; M. Morok Akangba; Mar. Mulaku; N. Rato Khursani; O. Lanka; P. Lal mircha; Tam. Varamilagai; Tel. Mirapakaya; U. Lal mirchi.,Capsicum annum,Condiments and Spices,veg,raw,237,12.69,6.4,60.61,31.15,29.46,4.7,99.8,6.23,19.4,2245.0,,,1,,,
F00271,IFCT2017,G023,Cloves,A. Long; B. Lobong; G. Lavang; H. Lavang; Kan. Lavanga; Kash. Ruang; Kh. U long; Mal. Krambu; M. Long; Mar. Lavang; N. Luwang; O. Labang; P. Long; S. Lavanga; Tam. Krambu; Tel. Lavangu; U. Long.,Syzygium aromaticum,Condiments and Spices,veg,raw,187,5.86,8.41,53.25,34.52,18.73,2.1,567.0,9.41,183.0,1434.0,,,1,,,
F00272,IFCT2017,G024,Coriander seeds,"A. Dhoniya; B. Dhone; E. Cilantro seeds, Chinese parsley seeds; G. Sukha dhana; H. Dhania; Kan. Kothambari; Kash. Daaniwal; Kh. Symbai dhania; Mal. Kothambalari; M. Fadhighom Maru; Mar. Dhane; N. Dhania; O. Dhania; P. Dhania; S. Dhanyaka; Tam. Kothamalli vidhai; Tel. Dhaniyalu; U. Dhaniya.",Coriandrum sativum,Condiments and Spices,veg,raw,269,10.66,17.47,57.79,44.81,12.98,2.38,718.0,17.64,34.4,1473.0,,,1,,,
F00273,IFCT2017,G025,Cumin seeds,A. Jeera; B. Jire; G. Jiru; H. Jira; Kan. Jeerage; Kash. Zyur; Kh. U jeera; Mal. Jeerakam; M. Jeera; Mar. Jira; N. Jeera; O. Jira; P. Jira; S. Jiraka; Tam. Jeerakam; Tel. Jeelakarra; U. Jira.,Cuminum cyminum,Condiments and Spices,veg,raw,304,13.91,16.64,52.97,30.35,22.62,1.38,878.0,20.58,125.0,1886.0,,,1,,,
F00274,IFCT2017,G026,Fenugreek seeds,A. Methi; B. Methi; G. Methi dana ; H. Methi; Kan. Menthe; Kash. Meeth; Kh. Symbai methi; Mal. Uluva; M. Methi; Mar. Methi; N. Methi; O. Methi; P. Methi; S. Methe; Tam. Venthayam; Tel. Menthulu; U. Methi.,Trigonella foenum graecum,Condiments and Spices,veg,raw,235,25.41,5.72,58.12,47.55,10.57,0.55,135.0,8.47,40.2,891.0,,,1,,,
F00275,IFCT2017,G027,Mace,B. Jayitri; E. Nutmeg; G. Javantri; H. Avithri; Kan. Jalwatur; Kash. Jalwatur; Mal. Jathipatri; Mar. Jaypatri; O. Jayitri; P. Jaipatri; Tam. Jathipatri; Tel. Japathri; U. Javantri.,Myristica fragrans,Condiments and Spices,veg,raw,356,6.24,24.41,46.82,20.31,26.51,0.85,174.0,22.69,27.2,623.0,,,1,,,
F00276,IFCT2017,G028,Nutmeg,"A. Jaiphal; B. Jayphal; E. Fragrant nutmeg, True nutmeg; G. Jayaphad; H. Jaiphal; Kan. Jayikayi mara; Kash. Zaaphal; Mal. Jathikai; Mar. Jayaphala; N. Jaiphal; O. Jaiphal; P. Jaiphal; S. Jatiphala; Tam. Jathikai; Tel. Jajikaya; U. Jaifal.",Myristica fragrans,Condiments and Spices,veg,raw,464,6.3,36.52,39.63,11.99,27.64,1.08,148.0,2.33,14.3,474.0,,,1,,,
F00277,IFCT2017,G029,Omum,"A. Ajwain; B. Joan; E. Ajwain, Ajowan, Ajowan caraway, Ajman, Bishop`s weed, Carom; G. Ajmo; H. Ajwan; Kan. Oma; Kash. Jawind; Kh. Paspron; Mal. Ayamothakam; Mar. Onva; O. Juani; P. Ajwain; S. Ajamoda; Tam. Omum; Tel. Vamu; U. Ajwain.",Trachyspermum ammi,Condiments and Spices,veg,raw,357,15.89,21.11,45.11,20.58,24.53,2.76,1034.0,13.65,28.6,1692.0,,,1,,,
F00278,IFCT2017,G030,Pippali,"B. Pipul; E. Long pepper, Indian long pepper; G. Khus khus; H. Pipli; Kan. Kandan Lippili; Kh. Sohmarit khlaw; Mal. Tippali; Mar. Pimpli; O. Sarupippali; P.  Javantri; S. Pippali; Tam. Tippili; Tel. Pippallu; U. Pipul.",Piper longum,Condiments and Spices,veg,raw,217,10.53,2.27,69.84,34.14,35.7,2.75,414.0,7.99,16.3,1852.0,,,1,,,
F00279,IFCT2017,G031,"Pepper, black","A. Kola jaluk; B. Golmarichi; E. Peppercorn; G. Mari; H. Kalimirchi; Kan. Kari menasu; Kash. Marutus; Kh. Soh marit; Mal. Kurumlaku; Mar. Mire; N. Marich; O. Golomarcho; P. Kalimirchi; S. Marich ushna, hapusha; Tam. Milagu; Tel. Mirayalu; U. Kaali Mirch.",Piper nigrum,Condiments and Spices,veg,raw,217,10.12,2.74,69.38,33.16,36.22,0.32,405.0,11.91,24.1,1487.0,,,1,,,
F00280,IFCT2017,G032,Poppy seeds,A. Afoo guti; B. Posta; G. Aphina; H. Postdana; Kan. Afim; Kash. Khaskhash; Mal. Afiam; Mar. Khaskhas; N. Khus Khus; O. Postak; P. Khas Khas; S. Khasa; Tam. Khasakhasa; Tel. Gasagasalu; U. Khash Khash.,Papaver somniferum,Condiments and Spices,veg,raw,423,20.31,30.38,39.05,26.68,12.37,1.85,1372.0,10.13,25.4,646.0,,,1,,,
F00281,IFCT2017,G033,Turmeric powder,A. Halodhi; B. Holud; G. Haddar; H. Haldi; Kan. Anashina; Kash. Lader; Kh. Shynrai; Mal. Manjal; M. Yaingang; Mar. Halad; N. Besar; O. Haladi; P. Haldi; S. Haladi; Tam. Manjal; Tel. Pasupu; U. Haldi.,Curcuma domestica,Condiments and Spices,veg,raw,281,7.66,5.03,70.6,21.38,49.22,1.23,122.0,46.08,24.4,2374.0,,,1,,,
F00282,IFCT2017,H001,Almond,A. China badam; B. Badam; G. Badam; H. Badam; Kan. Badam; Kash. Badam; Kh. Almon; Mal. Vatam kottai; M. Badam; Mar. Badam; N. Kagji Badam; O. Badam; P. Badam; Tam. Badam paruppu; Tel. Badam Pappu; U. Badam.,Prunus amygdalus,Nuts and Oil Seeds,veg,raw,609,18.41,58.49,16.1,13.06,3.04,2.23,228.0,4.59,1.5,699.0,10,8 almonds,1,,,
F00283,IFCT2017,H002,"Arecanut, dried, brown","A.Sufari; B. Supari; E. Areca nut, Betel nut; G. Sopari; H. Supari; Kan. Adike; Kash. Supari; Kh. Kwai tyrkhong; Mal. Adakka; M. Kwa Maru; Mar. Supari; N. Supari; O. Gua; P. Supari; S. Puuga; Tam. Kottai paakku; Tel. Vakka; U. Supari.",Areca catechu,Nuts and Oil Seeds,veg,raw,351,5.78,4.35,81.86,11.44,70.42,1.76,61.0,2.74,12.1,524.0,,,1,,,
F00284,IFCT2017,H003,"Arecanut, dried, red color","A. Sufari; B. Supari; E. Areca nut, Betel nut; G. Sopari; H. Supari; Kan. Adike; Kash. Supaari; Kh. Kwai supari; Mal. Adakka; M. Kwa Maru; Mar. Supari; N. Supari; O. Gua; P. Supari; S. Puuga; Tam. Paakku; Tel. Vakka; U. Supari.",Areca catechu,Nuts and Oil Seeds,veg,raw,353,6.46,4.46,81.38,11.11,70.27,1.79,51.0,3.26,17.1,617.0,,,1,,,
F00285,IFCT2017,H004,"Arecanut, fresh","A. Kesa tamul; B. Supari; E. Areca nut, Betel nut; G. Sopari; H. Supari; Kan. Adike; Kash. Supaari; Kh. Kwai im; Mal. Adakka; M. Kwa Maru; Mar. Supari; N. Supari; O. Gua; P. Supari; S. Puuga; Tam. Paakku; Tel. Vakka; U. Supari.",Areca catechu,Nuts and Oil Seeds,veg,raw,245,2.73,5.51,52.63,7.63,45.0,4.72,34.0,1.04,5.5,329.0,,,1,,,
F00286,IFCT2017,H005,Cashew nut,A. Kaju badam; B. Hijli Badam; G. Kaju; H. Kaju; Kan. Geru beeja; Kash. Kaju; Kh. Soh kashu; Mal. Kasu andi; M. Kaju; Mar. Kaju; N. Kaju; O. Lanka ambu; P. Kaju; Tam. Mundiri paruppu; Tel. Jeedi pappu; U. Kaju.,Anacardium occidentale,Nuts and Oil Seeds,veg,raw,583,18.78,45.2,29.32,3.86,25.46,3.11,34.0,5.95,9.0,635.0,10,7 cashews,1,,,
F00287,IFCT2017,H006,"Coconut, kernal, dry",A. Dab narikol; B. Narkel; G. Kopra ni kachli; H. Nariyal; Kan. Thengini kai; Kash. Narjil; Kh. Snep kor trykhong; Mal. Thenga; M. Yubi Akangba; Mar. Narel; O. Nadia; P. Gola; Tam. Kopparai; Tel. Endu Kobbari; U. Khopra.,Cocos nucifera,Nuts and Oil Seeds,veg,raw,624,7.27,63.26,23.89,15.88,8.01,6.93,32.0,3.13,16.7,739.0,,,1,,,
F00288,IFCT2017,H007,"Coconut, kernel, fresh",A. Narikol; B. Narkel; G. Nariyad; H. Nariyal; Kan. Thengina kayi; Kash. Narjeel; Kh. Snep kor im; Mal. Karikku; M. Yubi; Mar. Narel; N. Naribel; O. Paida; P. Nariyal; S. Naarikela; Tam. Thenkai; Tel. Kobbari; U. Nariyel.,Cocos nucifera,Nuts and Oil Seeds,veg,raw,409,3.84,41.38,16.72,10.42,6.3,6.2,8.0,1.3,8.1,246.0,,,1,,,
F00289,IFCT2017,H008,"Garden cress, seeds",A. Soru manimunni ; B. Halim; G. Asadiyo; H. Halim; Kan. Allibija; Mal. Alivirai; Mar. Ahiva; P. Halim; Tam. Alivirai; Tel. Adityala.,Lepidium sativum,Nuts and Oil Seeds,veg,raw,445,23.36,23.74,41.93,8.27,33.66,0.91,318.0,17.2,21.8,952.0,,,1,,,
F00290,IFCT2017,H009,"Gingelly seeds, black",A. Kola til; B. Til; E. Sesame seeds; G. Kada tal; H. Til; Kan. Acchellu; Kash. Til; Kh. Nei iong; Mal. Ellu; M. Thoiding Amuba; Mar. Til; N. Teel; O. Rasi; P. Til; S. Til; Tam. Ellu; Tel. Nuvvulu; U. Til .,Sesamum indicum,Nuts and Oil Seeds,veg,raw,508,19.17,43.1,27.45,17.16,10.29,0.99,1664.0,13.9,15.9,480.0,,,1,,,
F00291,IFCT2017,H010,"Gingelly seeds, brown",A. Matia rangar til; B. Til; E. Sesame seeds; G. Tal; H. Til; Kan. Acchellu; Kash. Til; Kh. Nei; Mal. Ellu; M. Thoiding; Mar. Til; N. Teel; O. Rasi; P. Til; S. Til; Tam. Ellu; Tel. Nuvvulu; U. Til.,Sesamum indicum,Nuts and Oil Seeds,veg,raw,516,21.61,43.22,26.97,17.21,9.76,1.39,1174.0,14.95,11.9,491.0,,,1,,,
F00292,IFCT2017,H011,"Gingelly seeds, white",A. Boga til; B. Til; E. Sesame seeds; G. Safed tal; H. Til; Kan. Acchellu; Kash. Til; Kh. Nei; Mal. Ellu; M. Thoiding Angouba; Mar. Til; N. Teel; O. Rasi; P. Til; S. Til; Tam. Ellu; Tel. Nuvvulu; U. Til.,Sesamum indicum,Nuts and Oil Seeds,veg,raw,520,21.7,43.05,27.82,16.99,10.83,0.67,1283.0,15.04,15.4,460.0,,,1,,,
F00293,IFCT2017,H012,Ground nut,"A. Badam; B. China badam; E. Peanut, Groundnut, Goober; G. Singdana; H. Moog phali; Kan. Kadale kayi; Kash. Moong phalli; Kh. Badam; Mal. Nilakkadalai; M. Leibak Hawai; Mar. Bhui mug; O. China badam; P. Moog phali; Tam. Verkadalai; Tel. Verusenaga; U. Moog phali.",Arachis hypogea,Nuts and Oil Seeds,veg,raw,520,23.65,39.63,27.65,10.38,17.27,4.42,54.0,3.44,12.2,679.0,30,1 handful,1,,,
F00294,IFCT2017,H013,Mustard seeds,A. Soriyah; B. Sorse; G. Rai; H. Rai; Kan. Sasuve; Kash. Assur; Kh. Symbai syrso; Mal. Kadugu; M. Hangham Maru; Mar. Mohori; N. Rayo; O. Sorisa; P. Rai; S. Sarssapa; Tam. Kadugu; Tel. Avalu; U. Rai.,Brassica juncea,Nuts and Oil Seeds,veg,raw,510,19.51,40.19,30.9,14.1,16.8,5.07,402.0,13.49,4.0,694.0,,,1,,,
F00295,IFCT2017,H014,Linseeds,"B. Tishi; E. Flax seeds, Common flax; G. Adsi; H. Alsi; Kan. Agasi; Kash. Ailsh; Mal. Cheruchana vithu; Mar. Jawas; O. Pesi; P. Alsi; S. Atasii; Tam. Ali vidai; Tel. Avise ginzalu; U. Alsi.",Linum usitatissimum,Nuts and Oil Seeds,veg,raw,444,18.55,35.67,37.16,26.17,10.99,0.6,257.0,5.44,32.9,655.0,,,1,,,
F00296,IFCT2017,H015,"Niger seeds, black",A. Sorguja; B. Ram til; G. Kada tal; H. Kala til; Kan. Gurellu; Kash. Bazar-Bhang; Mal. Karim jeerakam; Mar. Karale; Tam. Kattelu; Tel. Valasulu.,Guizotia abyssinica,Nuts and Oil Seeds,veg,raw,512,18.92,38.61,33.91,10.93,22.98,1.75,572.0,18.19,10.7,716.0,,,1,,,
F00297,IFCT2017,H016,"Niger seeds, gray",A. Sorguja; B. Ram til; G. Tal; H. Kala til; Kan. Gurellu; Kash. Bazar-Bhang; Mal. Karim jeerakam; Mar. Karale; Tam. Kattelu; Tel. Valasulu.,Guizotia abyssinica,Nuts and Oil Seeds,veg,raw,509,18.34,39.53,31.55,10.96,20.59,0.41,375.0,19.61,8.1,874.0,,,1,,,
F00298,IFCT2017,H017,Pine seed,E. Pine nut; G. Chilgoza; H. Chilgoza; Kash. Chilgoza; Kh. Symbai soh kseh; Mar. Jhurane biya; P. Rhi.,Pinus gerardiana,Nuts and Oil Seeds,veg,raw,594,12.55,48.79,30.56,3.79,26.77,4.67,17.0,4.5,1.3,686.0,,,1,,,
F00299,IFCT2017,H018,Pistachio nuts,A. Pista; B. Pesta; G. Pista; H. Pista; Kan. Pista; Kash. Pista; Kh. Pista; Mal. Pista; Mar. Pista; N. Pista; O. Pista; P. Pista; Tam. Pista; Tel. Pista; U. Pista.,Pistacla vera,Nuts and Oil Seeds,veg,raw,539,23.35,42.49,26.46,10.64,15.82,7.9,135.0,4.5,6.9,1053.0,,,1,,,
F00300,IFCT2017,H019,Safflower seeds,B. Kusum; G. Kusumbo; H. Kardi; Kan. Kusambe; Kh. Symbai tiew sngi; Mal. Karadi; Mar. Karadi; Tam. Sendurkan vidhai; Tel. Kusuma ginzalu.,Carthamus tinctorius,Nuts and Oil Seeds,veg,raw,473,17.66,30.87,43.67,13.49,30.18,2.67,211.0,4.06,3.1,550.0,,,1,,,
F00301,IFCT2017,H020,Sunflower seeds,A. Beli phular guti; B. Suraj mukhi; G. Suraj mukhi na bee; H. Surya mukhi; Kan. Sryakanti bijagalu; Kh. Symbai tiew sngi; Mal. Suryakanthi; M. Numitlei Maru; Mar. Surya mukhi; O. Surjya Mukhi Manji; P. Suraj mukhi; Tam. Suryakanthi vidhai; Tel. Podduthirugidi puvvu ginzalu.,Helianthus annuus,Nuts and Oil Seeds,veg,raw,586,23.53,51.85,17.65,10.8,6.85,2.81,176.0,5.85,1.9,559.0,,,1,,,
F00302,IFCT2017,H021,Walnut,A. Akhrot; B. Akhrot; G. Akhrot; H. Akhrot; Kan. Akrodu; Kash. Dhoon; Kh. Walnut; Mal. Akrottandi; M. Heijukha; Mar. Akhrod; N. Okhar; O. Akhoot; P. Akhrot; Tam. Akhrot; Tel. Akrot kaya; U. Akhrut.,Juglans regia,Nuts and Oil Seeds,veg,raw,671,14.92,64.27,15.53,5.39,10.14,3.22,105.0,3.21,1.3,457.0,15,3 walnut halves,1,,,
F00303,IFCT2017,I001,"Jaggery, cane",A. Gur; B. Gurh; G. God; H. Gud; Kan. Bella; Kash. Gor; Kh. Mithai Gur; Kon. Godd; Mal. Vellam; M. Chini Anganba; Mar. Gul; O. Guda; P. Gud; Tam. Mandavellam; Tel. Bellam; U. Gud.,Saccharum officinarum,Sugars,veg,raw,354,1.85,0.16,84.87,0.0,84.87,84.32,107.0,4.63,25.4,488.0,10,1 tsp (small lump),1,,,
F00304,IFCT2017,I002,"Sugarcane, juice",A. Kunhiyar; B. Akher rosh; G. Sherdino ras; H. Ganne-ka-ras; Kan. Kabbina halu; Kash. Ganne rus; Kh. Soh Pai; Mal. Karumbin neeru; M. Chuhing; Mar. Usacha rasa; O. Aakhu Dorua; P. Ganne-da-ras; Tam. Karumbu charu; Tel. Cheruku rasam; U. Ganne-ke-ras.,Saccharum officinarum,Sugars,veg,raw,58,0.16,0.4,13.67,0.56,13.11,12.85,18.0,1.12,1.2,150.0,,,1,,,
F00305,IFCT2017,J001,"Button mushroom, fresh","A. Mushroom; B. Banger chata; E. Common mushroom, Portobello mushroom; G. Biladi no top; Kan. Aanabay/Aanabe; Kash. Hadder; Kh. Tit budam; Mal. Kun koon; M. Chenghum; Mar. Bhoochhtra; O. Chatu; P. Khoomba; Tam. Kaalaan; Tel. Putta Godugu.",Agaricus sp.,Mushrooms,veg,raw,27,3.68,0.42,5.09,3.11,1.98,0.1,18.4,0.29,7.7,318.0,,,1,,,
F00306,IFCT2017,J002,"Chicken mushroom, fresh",A. Mushroom; B. Banger chata; G. Biladi no top; Kan. Aanabay/Aanabe; Kash. Hadder; Kh. Tit tyndong; Mal. Kun koon; M. Chenghum; Mar. Bhoochhtra; O. Chatu; P. Khoomba; Tam. Kaalaan; Tel. Putta Godugu.,Lactiporus sp.,Mushrooms,veg,raw,21,1.84,0.25,4.75,1.99,2.76,0.1,4.8,0.3,10.2,340.0,,,1,,,
F00307,IFCT2017,J003,"Shiitake mushroom, fresh",A. Mushroom; B. Banger chata; G. Biladi no top; Kan. Aanabay/Aanabe; Kash. Hadder; Mal. Kun koon; M. Uyen; Mar. Bhoochhtra; O. Chatu; P. Khoomba; Tam. Kaalaan; Tel. Putta Godugu.,Lentinula sp.,Mushrooms,veg,raw,58,3.19,0.76,12.0,3.02,8.98,0.2,5.3,1.93,9.3,323.0,,,1,,,
F00308,IFCT2017,J004,"Oyster mushroom, dried",B. Banger chata; G. Biladino top; Kan. Aanabay/Aanabe; Kash. Hadder; Mal. Kun koon; M. Chenghum; Mar. Bhoochhtra; O. Chatu; P. Khoomba; Tam. Kaalaan; Tel. Putta Godugu.,Pleurotus sp.,Mushrooms,veg,raw,244,19.04,2.86,72.19,39.12,33.07,0.68,23.6,3.58,8.7,350.0,,,1,,,
F00309,IFCT2017,K001,Toddy,"A. Tari; B. Tari; E. Palm wine; Kan. Henda; G. Tadi; H. Tarai; Kh. Kiad lieh; Mar., O. Tadi; P. Todhi; Mal., Tam., Tel. Kallu.",,Miscellaneous Foods,veg,raw,24,0.18,0.03,5.72,0.0,5.72,5.73,0.4,0.42,1.6,83.5,,,1,,,
F00310,IFCT2017,K002,Coconut Water,A. Dab narikolor pani; B. Daberjal; G. Nariyad nu pani; H. Nariyal ka pani; Kan. Thenga neeru; Kash. Narji pooen; Kh. Um snepkor; Mal. Thenga vellam; M. Yubi Mahi; Mar. Naral pani; O. Paida pani; P. Gola da pani; Tam. Ilaneer; Tel. Kobbari neeru.,,Miscellaneous Foods,veg,raw,15,0.26,0.16,3.16,0.0,3.16,3.06,27.5,0.06,28.1,215.0,,,1,,,
F00311,IFCT2017,L001,"Milk, whole, Buffalo",A. Mohor gakhir; B. Dudha (Mosher); G. Bhes nu dhudh; H. Bhains ka dhood; Kan. Uemma halu; Kash. Doodh; Kh. Dud muid; Mal. Kerbau paal; M. Eroi Sanghom; Mar. Doodh (Maish); O. Mainsi dudha; P. Maz da doodh; Tam. Erumaipal; Tel. Gedha/Barre palu.,,Milk and Milk Products,veg,raw,107,3.68,6.58,8.39,0.0,8.39,5.34,121.0,0.16,30.1,109.0,250,1 glass (250 ml),1,,,
F00312,IFCT2017,L002,"Milk, whole, Cow",A. Garoor gakhir; B. Doodh (garu); G. Gai nu dhudh; H. Gai ka doodh; Kan. Hasuvina halu; Kash. Doodh; Kh. Dud masi; M. San Sanghom; Mar. Doodh (gay); O. Gai dudha; P. Gaan da doodh; S. Gow kshiram; Tam. Pasumpaal; Tel. Aavu paalu.,,Milk and Milk Products,veg,raw,73,3.26,4.48,4.94,0.0,4.94,4.89,118.0,0.15,25.5,115.0,250,1 glass (250 ml),1,,,
F00313,IFCT2017,L003,Paneer,A. Paneer; B. Chena; E. Cottage Cheese; G. Paneer; H. Chhena; Kan. Tali; Kash. Chaman; Kh. Paneer; Mal. Palkatti; M. Channa; O. Chhena; P. Paneer; Tam. Paladai; Tel. Paalavirugudu.,,Milk and Milk Products,veg,raw,258,18.86,14.78,12.41,0.0,12.41,11.57,476.0,0.9,18.0,63.5,50,1 small piece/cube serving,1,,,
F00314,IFCT2017,L004,Khoa,"A. Khoa; B., H., Kan., Mal., P., Tel. Khoa; G. Mavo; Kash. Khoya; Kh. Malai khowa; O. Khua; P. Khoya; Tam. Thirattupal.",,Milk and Milk Products,veg,raw,316,16.34,20.62,16.53,0.0,16.53,16.14,602.0,2.32,48.1,536.0,,,1,,,
F00315,IFCT2017,M001,"Egg, poultry, whole, raw",,,Egg and Egg Products,egg,raw,135,13.28,9.15,0.0,0.0,0.0,0.0,49.4,1.82,123.0,138.0,50,1 egg,1,,,
F00316,IFCT2017,M002,"Egg, poultry, white, raw",,,Egg and Egg Products,egg,raw,45,10.84,0.06,0.0,0.0,0.0,0.0,5.6,0.07,166.0,152.0,,,1,,,
F00317,IFCT2017,M003,"Egg, poultry, yolk, raw",,,Egg and Egg Products,egg,raw,297,15.74,26.34,0.0,0.0,0.0,0.0,116.0,3.17,46.3,118.0,,,1,,,
F00318,IFCT2017,M004,"Egg, poultry, whole, boiled",,,Egg and Egg Products,egg,cooked,148,13.43,10.54,0.0,0.0,0.0,0.0,55.1,1.87,121.0,127.0,50,"1 egg, boiled",1,,,
F00319,IFCT2017,M005,"Egg, poultry, white, boiled",,,Egg and Egg Products,egg,cooked,53,12.37,0.26,0.0,0.0,0.0,0.0,8.1,0.15,144.0,147.0,,,1,,,
F00320,IFCT2017,M006,"Egg, poultry, yolk, boiled",,,Egg and Egg Products,egg,cooked,308,16.13,27.46,0.0,0.0,0.0,0.0,120.0,4.92,44.8,106.0,,,1,,,
F00321,IFCT2017,M007,"Egg, poultry, omlet",,,Egg and Egg Products,egg,cooked,170,16.53,11.6,0.0,0.0,0.0,0.0,53.3,2.16,169.0,163.0,60,1 omelette (1 egg),1,,,
F00322,IFCT2017,M008,"Egg, country hen, whole, raw",,,Egg and Egg Products,egg,raw,168,13.14,13.0,0.0,0.0,0.0,0.0,50.1,1.64,157.0,117.0,,,1,,,
F00323,IFCT2017,M009,"Egg, country hen, whole, boiled",,,Egg and Egg Products,egg,cooked,183,14.43,14.1,0.0,0.0,0.0,0.0,57.8,1.73,149.0,120.0,,,1,,,
F00324,IFCT2017,M010,"Egg, country hen, omlet",,,Egg and Egg Products,egg,cooked,204,14.8,16.3,0.0,0.0,0.0,0.0,55.9,2.15,157.0,151.0,,,1,,,
F00325,IFCT2017,M011,"Egg, duck, whole, boiled",,,Egg and Egg Products,egg,cooked,176,13.8,13.61,0.0,0.0,0.0,0.0,56.1,2.61,110.0,221.0,,,1,,,
F00326,IFCT2017,M012,"Egg, duck, whole, raw",,,Egg and Egg Products,egg,raw,182,14.6,13.83,0.0,0.0,0.0,0.0,52.5,2.46,113.0,228.0,,,1,,,
F00327,IFCT2017,M013,"Egg, duck, whole, omlet",,,Egg and Egg Products,egg,cooked,192,15.1,14.8,0.0,0.0,0.0,0.0,71.8,3.28,175.0,154.0,,,1,,,
F00328,IFCT2017,M014,"Egg, quial, whole, raw",,,Egg and Egg Products,egg,raw,152,12.39,11.46,0.0,0.0,0.0,0.0,60.7,2.55,132.0,119.0,,,1,,,
F00329,IFCT2017,M015,"Egg, quial, whole, boiled",,,Egg and Egg Products,egg,cooked,155,13.03,11.5,0.0,0.0,0.0,0.0,61.4,2.63,130.0,115.0,,,1,,,
F00330,IFCT2017,N001,"Chicken, poultry, leg, skinless",,,Poultry,non-veg,raw,192,19.44,12.64,0.0,0.0,0.0,0.0,20.5,1.27,65.1,283.0,,,1,,,IFCT energy value inconsistent with its macros; recomputed from macros
F00331,IFCT2017,N002,"Chicken, poultry, thigh, skinless",,,Poultry,non-veg,raw,200,18.18,14.23,0.0,0.0,0.0,0.0,18.4,1.11,64.6,263.0,,,1,,,
F00332,IFCT2017,N003,"Chicken, poultry, breast, skinless",,,Poultry,non-veg,raw,168,21.81,9.0,0.0,0.0,0.0,0.0,12.9,0.83,36.7,295.0,150,1 serving (150 g raw),1,,,
F00333,IFCT2017,N004,"Chicken, poultry, wing, skinless",,,Poultry,non-veg,raw,193,17.42,13.81,0.0,0.0,0.0,0.0,28.1,1.38,72.8,185.0,,,1,,,
F00334,IFCT2017,N005,"Poultry, chicken, liver",,,Poultry,non-veg,raw,124,21.57,4.08,0.0,0.0,0.0,0.0,4.1,9.92,61.6,241.0,,,1,,,
F00335,IFCT2017,N006,"Poultry, chicken, gizzard",,,Poultry,non-veg,raw,92,18.22,2.07,0.0,0.0,0.0,0.0,5.5,3.19,50.6,244.0,,,1,,,
F00336,IFCT2017,N007,"Country hen, leg, with skin",,,Poultry,non-veg,raw,173,17.01,11.73,0.0,0.0,0.0,0.0,22.6,1.66,50.5,357.0,,,1,,,
F00337,IFCT2017,N008,"Country hen, thigh, with skin",,,Poultry,non-veg,raw,188,18.29,12.82,0.0,0.0,0.0,0.0,20.1,1.4,51.1,330.0,,,1,,,
F00338,IFCT2017,N009,"Country hen, breast, with skin",,,Poultry,non-veg,raw,180,22.08,10.2,0.0,0.0,0.0,0.0,12.5,1.09,23.1,365.0,,,1,,,
F00339,IFCT2017,N010,"Country hen, wing, with skin",,,Poultry,non-veg,raw,183,18.65,12.09,0.0,0.0,0.0,0.0,35.5,1.45,54.1,249.0,,,1,,,
F00340,IFCT2017,N011,"Duck, meat, with skin",,,Poultry,non-veg,raw,131,19.07,6.03,0.0,0.0,0.0,0.0,22.8,4.26,82.2,273.0,,,1,,,
F00341,IFCT2017,N012,"Emu, meat, skinless",,,Poultry,non-veg,raw,133,22.65,4.62,0.0,0.0,0.0,0.0,7.4,3.95,48.5,275.0,,,1,,,
F00342,IFCT2017,N013,"Guinea fowl, meat, with skin",,,Poultry,non-veg,raw,112,20.52,3.24,0.0,0.0,0.0,0.0,30.8,2.2,57.6,240.0,,,1,,,
F00343,IFCT2017,N014,"Pigeon, meat, with skin",,,Poultry,non-veg,raw,126,17.94,6.03,0.0,0.0,0.0,0.0,18.1,3.81,56.1,346.0,,,1,,,
F00344,IFCT2017,N015,"Quail, meat, skinless",,,Poultry,non-veg,raw,138,20.92,5.95,0.0,0.0,0.0,0.0,20.6,1.9,56.2,333.0,,,1,,,
F00345,IFCT2017,N016,"Turkey, leg, with skin",,,Poultry,non-veg,raw,155,20.3,8.15,0.0,0.0,0.0,0.0,20.4,2.01,66.5,308.0,,,1,,,
F00346,IFCT2017,N017,"Turkey, thigh, with skin",,,Poultry,non-veg,raw,139,20.46,6.31,0.0,0.0,0.0,0.0,23.5,1.58,50.0,280.0,,,1,,,
F00347,IFCT2017,N018,"Turkey, breast, with skin",,,Poultry,non-veg,raw,160,21.96,8.04,0.0,0.0,0.0,0.0,14.3,1.01,40.5,315.0,,,1,,,
F00348,IFCT2017,N019,"Turkey, wing, with skin",,,Poultry,non-veg,raw,184,21.91,10.77,0.0,0.0,0.0,0.0,33.5,1.0,57.0,262.0,,,1,,,
F00349,IFCT2017,O001,"Goat, shoulder, meat",,,Animal Meat,non-veg,raw,188,20.33,11.94,0.0,0.0,0.0,0.0,6.2,1.48,47.3,332.0,,,1,,,
F00350,IFCT2017,O002,"Goat, chops",,,Animal Meat,non-veg,raw,136,20.39,5.98,0.0,0.0,0.0,0.0,7.4,1.87,45.7,334.0,,,1,,,
F00351,IFCT2017,O003,"Goat, legs",,,Animal Meat,non-veg,raw,160,22.07,7.94,0.0,0.0,0.0,0.0,5.8,1.77,42.8,339.0,150,1 serving (150 g raw),1,,,
F00352,IFCT2017,O004,"Goat, brain",,,Animal Meat,non-veg,raw,127,13.82,8.06,0.0,0.0,0.0,0.0,10.6,1.63,132.0,296.0,,,1,,,
F00353,IFCT2017,O005,"Goat, tongue",,,Animal Meat,non-veg,raw,189,16.63,13.68,0.0,0.0,0.0,0.0,7.1,2.09,118.0,223.0,,,1,,,
F00354,IFCT2017,O006,"Goat, lungs",,,Animal Meat,non-veg,raw,96,16.86,3.09,0.0,0.0,0.0,0.0,10.4,7.1,85.7,180.0,,,1,,,
F00355,IFCT2017,O007,"Goat, heart",,,Animal Meat,non-veg,raw,118,19.38,4.4,0.0,0.0,0.0,0.0,5.7,3.38,73.2,224.0,,,1,,,
F00356,IFCT2017,O008,"Goat, liver",,,Animal Meat,non-veg,raw,126,20.32,4.88,0.0,0.0,0.0,0.0,6.1,6.56,55.4,284.0,,,1,,,
F00357,IFCT2017,O009,"Goat, tripe",,,Animal Meat,non-veg,raw,92,15.36,3.36,0.0,0.0,0.0,0.0,20.9,0.81,22.4,45.0,,,1,,,
F00358,IFCT2017,O010,"Goat, spleen",,,Animal Meat,non-veg,raw,96,18.45,2.37,0.0,0.0,0.0,0.0,8.3,51.41,52.4,368.0,,,1,,,
F00359,IFCT2017,O011,"Goat, kidneys",,,Animal Meat,non-veg,raw,89,15.6,2.93,0.0,0.0,0.0,0.0,12.4,6.73,184.0,195.0,,,1,,,
F00360,IFCT2017,O012,"Goat, tube (small intestine)",,,Animal Meat,non-veg,raw,125,12.92,8.26,0.0,0.0,0.0,0.0,27.5,2.21,7.5,130.0,,,1,,,
F00361,IFCT2017,O013,"Goat, testis",,,Animal Meat,non-veg,raw,71,12.32,2.39,0.0,0.0,0.0,0.0,6.0,1.43,92.6,253.0,,,1,,,
F00362,IFCT2017,O014,"Sheep, shoulder",,,Animal Meat,non-veg,raw,201,18.24,14.31,0.0,0.0,0.0,0.0,5.5,1.63,45.7,336.0,,,1,,,
F00363,IFCT2017,O015,"Sheep, chops",,,Animal Meat,non-veg,raw,119,18.0,5.15,0.0,0.0,0.0,0.0,8.0,2.24,45.3,323.0,,,1,,,
F00364,IFCT2017,O016,"Sheep, leg",,,Animal Meat,non-veg,raw,164,21.42,8.69,0.0,0.0,0.0,0.0,6.9,1.54,49.3,333.0,,,1,,,
F00365,IFCT2017,O017,"Sheep, brain",,,Animal Meat,non-veg,raw,118,13.05,7.29,0.0,0.0,0.0,0.0,10.3,1.93,122.0,312.0,,,1,,,
F00366,IFCT2017,O018,"Sheep, tongue",,,Animal Meat,non-veg,raw,187,16.61,13.53,0.0,0.0,0.0,0.0,8.1,2.46,185.0,220.0,,,1,,,
F00367,IFCT2017,O019,"Sheep, lungs",,,Animal Meat,non-veg,raw,87,16.12,2.41,0.0,0.0,0.0,0.0,7.7,8.58,109.0,204.0,,,1,,,
F00368,IFCT2017,O020,"Sheep, heart",,,Animal Meat,non-veg,raw,106,18.19,3.66,0.0,0.0,0.0,0.0,6.8,3.07,72.6,225.0,,,1,,,
F00369,IFCT2017,O021,"Sheep, liver",,,Animal Meat,non-veg,raw,134,22.26,4.87,0.0,0.0,0.0,0.0,5.9,6.15,55.8,280.0,,,1,,,
F00370,IFCT2017,O022,"Sheep, tripe",,,Animal Meat,non-veg,raw,104,16.76,4.05,0.0,0.0,0.0,0.0,14.8,0.9,18.4,48.8,,,1,,,
F00371,IFCT2017,O023,"Sheep, spleen",,,Animal Meat,non-veg,raw,92,16.02,3.02,0.0,0.0,0.0,0.0,11.5,53.11,50.6,327.0,,,1,,,
F00372,IFCT2017,O024,"Sheep, kidneys",,,Animal Meat,non-veg,raw,92,16.22,2.92,0.0,0.0,0.0,0.0,14.1,6.11,163.0,198.0,,,1,,,
F00373,IFCT2017,O025,"Beef, shoulder",,,Animal Meat,non-veg,raw,212,20.56,14.59,0.0,0.0,0.0,0.0,6.5,2.22,45.6,367.0,,,1,,,
F00374,IFCT2017,O026,"Beef, chops",,,Animal Meat,non-veg,raw,140,19.82,6.71,0.0,0.0,0.0,0.0,4.6,1.95,32.5,383.0,,,1,,,
F00375,IFCT2017,O027,"Beef, round (leg)",,,Animal Meat,non-veg,raw,157,22.64,7.38,0.0,0.0,0.0,0.0,5.9,2.3,39.0,366.0,,,1,,,
F00376,IFCT2017,O028,"Beef, brain",,,Animal Meat,non-veg,raw,125,10.55,9.28,0.0,0.0,0.0,0.0,11.4,2.15,127.0,320.0,,,1,,,
F00377,IFCT2017,O029,"Beef, tongue",,,Animal Meat,non-veg,raw,175,15.63,12.57,0.0,0.0,0.0,0.0,9.5,2.17,89.9,260.0,,,1,,,
F00378,IFCT2017,O030,"Beef, lungs",,,Animal Meat,non-veg,raw,84,15.66,2.28,0.0,0.0,0.0,0.0,9.3,6.85,109.0,216.0,,,1,,,
F00379,IFCT2017,O031,"Beef, heart",,,Animal Meat,non-veg,raw,103,17.68,3.57,0.0,0.0,0.0,0.0,6.2,3.62,70.5,258.0,,,1,,,
F00380,IFCT2017,O032,"Beef, liver",,,Animal Meat,non-veg,raw,119,20.73,3.96,0.0,0.0,0.0,0.0,5.5,14.82,50.1,289.0,,,1,,,
F00381,IFCT2017,O033,"Beef, tripe",,,Animal Meat,non-veg,raw,76,13.1,2.51,0.0,0.0,0.0,0.0,15.3,0.84,41.0,143.0,,,1,,,
F00382,IFCT2017,O034,"Beef, spleen",,,Animal Meat,non-veg,raw,90,17.42,2.22,0.0,0.0,0.0,0.0,9.4,31.68,58.9,348.0,,,1,,,
F00383,IFCT2017,O035,"Beef, kidneys",,,Animal Meat,non-veg,raw,105,17.09,4.01,0.0,0.0,0.0,0.0,15.3,4.71,160.0,184.0,,,1,,,
F00384,IFCT2017,O036,"Calf, shoulder",,,Animal Meat,non-veg,raw,151,20.98,7.47,0.0,0.0,0.0,0.0,8.4,1.31,77.0,369.0,,,1,,,
F00385,IFCT2017,O037,"Calf, chops",,,Animal Meat,non-veg,raw,125,22.47,3.85,0.0,0.0,0.0,0.0,9.3,1.2,64.9,366.0,,,1,,,
F00386,IFCT2017,O038,"Calf, round (leg)",,,Animal Meat,non-veg,raw,147,21.1,6.92,0.0,0.0,0.0,0.0,10.0,2.4,67.0,356.0,,,1,,,
F00387,IFCT2017,O039,"Calf, brain",,,Animal Meat,non-veg,raw,107,9.84,7.6,0.0,0.0,0.0,0.0,10.5,1.44,115.0,306.0,,,1,,,
F00388,IFCT2017,O040,"Calf, tongue",,,Animal Meat,non-veg,raw,176,17.78,11.76,0.0,0.0,0.0,0.0,9.1,2.63,91.6,238.0,,,1,,,
F00389,IFCT2017,O041,"Calf, heart",,,Animal Meat,non-veg,raw,110,18.84,3.75,0.0,0.0,0.0,0.0,6.5,4.66,58.0,224.0,,,1,,,
F00390,IFCT2017,O042,"Calf, liver",,,Animal Meat,non-veg,raw,120,21.02,3.95,0.0,0.0,0.0,0.0,5.2,16.26,55.0,307.0,,,1,,,
F00391,IFCT2017,O043,"Calf, spleen",,,Animal Meat,non-veg,raw,91,17.71,2.12,0.0,0.0,0.0,0.0,10.6,25.42,67.9,372.0,,,1,,,
F00392,IFCT2017,O044,"Calf, kidneys",,,Animal Meat,non-veg,raw,92,15.16,3.5,0.0,0.0,0.0,0.0,12.6,4.92,174.0,206.0,,,1,,,
F00393,IFCT2017,O045,"Mithun, shoulder",,,Animal Meat,non-veg,raw,176,19.05,11.14,0.0,0.0,0.0,0.0,4.3,2.05,32.9,307.0,,,1,,,
F00394,IFCT2017,O046,"Mithun, chops",,,Animal Meat,non-veg,raw,128,18.19,6.12,0.0,0.0,0.0,0.0,4.9,2.25,42.2,222.0,,,1,,,
F00395,IFCT2017,O047,"Mithun, round (leg)",,,Animal Meat,non-veg,raw,116,19.61,4.1,0.0,0.0,0.0,0.0,5.3,2.18,28.4,338.0,,,1,,,
F00396,IFCT2017,O048,"Pork, shoulder",,,Animal Meat,non-veg,raw,237,17.41,18.83,0.0,0.0,0.0,0.0,10.0,0.91,54.5,234.0,,,1,,,
F00397,IFCT2017,O049,"Pork, chops",,,Animal Meat,non-veg,raw,179,19.41,11.3,0.0,0.0,0.0,0.0,8.1,1.0,43.7,243.0,,,1,,,
F00398,IFCT2017,O050,"Pork, ham",,,Animal Meat,non-veg,raw,240,18.83,18.55,0.0,0.0,0.0,0.0,7.4,1.27,40.4,239.0,,,1,,,
F00399,IFCT2017,O051,"Pork, lungs",,,Animal Meat,non-veg,raw,86,15.13,2.74,0.0,0.0,0.0,0.0,10.3,6.76,61.4,200.0,,,1,,,
F00400,IFCT2017,O052,"Pork, heart",,,Animal Meat,non-veg,raw,109,16.31,4.87,0.0,0.0,0.0,0.0,4.7,3.97,70.5,268.0,,,1,,,
F00401,IFCT2017,O053,"Pork, liver",,,Animal Meat,non-veg,raw,116,19.89,3.94,0.0,0.0,0.0,0.0,5.5,20.74,64.9,279.0,,,1,,,
F00402,IFCT2017,O054,"Pork, stomach",,,Animal Meat,non-veg,raw,131,15.36,7.81,0.0,0.0,0.0,0.0,11.8,1.92,109.0,200.0,,,1,,,
F00403,IFCT2017,O055,"Pork, spleen",,,Animal Meat,non-veg,raw,85,15.13,2.71,0.0,0.0,0.0,0.0,7.0,27.21,49.1,325.0,,,1,,,
F00404,IFCT2017,O056,"Pork, kidneys",,,Animal Meat,non-veg,raw,91,14.35,3.65,0.0,0.0,0.0,0.0,6.7,6.26,138.0,198.0,,,1,,,
F00405,IFCT2017,O057,"Pork, tube (small intestine)",,,Animal Meat,non-veg,raw,140,14.96,8.98,0.0,0.0,0.0,0.0,16.0,2.83,60.2,140.0,,,1,,,
F00406,IFCT2017,O058,"Hare, shoulder",,,Animal Meat,non-veg,raw,144,21.13,6.58,0.0,0.0,0.0,0.0,57.5,2.98,55.0,303.0,,,1,,,
F00407,IFCT2017,O059,"Hare, chops",,,Animal Meat,non-veg,raw,106,20.62,2.55,0.0,0.0,0.0,0.0,38.4,2.78,48.6,340.0,,,1,,,
F00408,IFCT2017,O060,"Hare, leg",,,Animal Meat,non-veg,raw,120,20.52,4.16,0.0,0.0,0.0,0.0,53.0,2.46,42.5,370.0,,,1,,,
F00409,IFCT2017,O061,"Rabbit, shoulder",,,Animal Meat,non-veg,raw,152,20.01,7.96,0.0,0.0,0.0,0.0,46.4,1.74,61.4,361.0,,,1,,,
F00410,IFCT2017,O062,"Rabbit, chops",,,Animal Meat,non-veg,raw,135,22.61,4.88,0.0,0.0,0.0,0.0,25.5,2.42,47.8,374.0,,,1,,,
F00411,IFCT2017,O063,"Rabbit, leg",,,Animal Meat,non-veg,raw,140,21.31,5.99,0.0,0.0,0.0,0.0,22.3,1.21,46.0,389.0,,,1,,,
F00412,IFCT2017,P001,Allathi,"E. Tenpounder, Ladyfish, Indo pacific Tarpon; Mal. Valli poomeen, Vallipoomeen; Mar. Shonas, Dandeli, Chirya; O. Naum; Tam. Poomeen, Ullahti, Manna, Mooran Kendai; Tel. Jinnagow, Jallagu; [Place of collection: Chennai]",Elops machnata,Marine Fish,non-veg,raw,97,21.77,0.98,0.0,0.0,0.0,0.0,13.8,0.62,32.7,286.0,,,1,,,
F00413,IFCT2017,P002,Aluva,"E. Black pomfret, Brown Pomfret, Pomfret; G. Halwa, Adadio; Kan. Thondrotte; Kon. Halwa; Mal. Karuvolli, Karauthakoli, Avoli, Vellavoli; Mar. Halwa; Tam. Vellaivaval, Vavval, Karuvaval; Tel. Nallachanduva, Chanduva, Thellachanduva; [Place of collection: Vizag, Goa and Mumbai]",Parastromateus niger,Marine Fish,non-veg,raw,104,21.63,1.8,0.0,0.0,0.0,0.0,11.3,0.42,44.9,470.0,,,1,,,
F00414,IFCT2017,P003,Anchovy,"E. Indian anchovy, Hardenberg`s anchovy; Mal. Conetholi; Mar. Dindus; Tam. Tamil Nethilli; Tel. Nattoo; [Place of collection: Chennai and Kochi]",Stolephorus indicus,Marine Fish,non-veg,raw,88,19.88,0.78,0.0,0.0,0.0,0.0,36.6,0.54,212.0,270.0,,,1,,,
F00415,IFCT2017,P004,Ari fish,E. Green jobfish; [Place of collection: Kochi],Aprion virescens,Marine Fish,non-veg,raw,99,22.01,1.11,0.0,0.0,0.0,0.0,4.4,0.47,37.4,447.0,,,1,,,
F00416,IFCT2017,P005,Betki,"E. Barramundi, Asian sea bass, Cockup, Cock up, Giant Sea Perch, Giant Seaperch; B. Bhekti; G. Bekti, Gariyu; Kan. Keliji, Koliji; Mal. Narimeen, Nuddee meen, Nair meen, Nari meen; Mar. Khajura, Jiteda, Khajuri, Fitadar; O. Durruah, Bekkut; Tam. Painnee meen, Koduva, Keduwa; Tel. Pandu kopah, Dadhara, Pandu menu; [Place of collection: Kolkata]",Lates calcarifer,Marine Fish,non-veg,raw,68,15.28,0.29,0.0,0.0,0.0,0.0,8.8,0.31,63.7,355.0,,,1,,,
F00417,IFCT2017,P006,Black snapper,[Place of collection: Kolkata],Macolor niger,Marine Fish,non-veg,raw,90,19.5,1.24,0.0,0.0,0.0,0.0,9.9,0.56,41.2,341.0,,,1,,,
F00418,IFCT2017,P007,Bombay duck,"E. Bummalo; B. Nehare, Lutia, Bamaloh; G. Bumla, Gulchi; Mar. Bunmalo, Bombil; O. Bombil; Tam. Vangaravasi; Tel. Cucah sawahri, Coco mottah; Common. Lizardfish; [Place of collection: Mumbai and Kolkata]",Harpadon nehereus,Marine Fish,non-veg,raw,69,13.53,1.03,0.0,0.0,0.0,0.0,159.0,0.81,223.0,188.0,,,1,,,
F00419,IFCT2017,P008,Bommuralu,"E. Daggertooth pike conger, Dagger tooth pike conger; Common. Eel; [Place of collection: Chennai, Goa and Vizag]",Muraenesox cinerius,Marine Fish,non-veg,raw,116,22.3,2.87,0.0,0.0,0.0,0.0,47.3,0.43,61.9,349.0,,,1,,,
F00420,IFCT2017,P009,Cat fish,[Place of collection: Chennai],Tachysurus thalassinus,Marine Fish,non-veg,raw,109,22.18,2.13,0.0,0.0,0.0,0.0,5.5,0.72,35.8,429.0,,,1,,,
F00421,IFCT2017,P010,Chakla,"E. Cobia, Black kingfish, Black King Fish, Butterfish, Black salmon, Ling, Lemonfish, Crabeater, Prodigal son, Black bonito; G. Modasa; Mal. Neimeen; Mar. Muddus, Sakala, Sakla, Madusa; Tam. Cuddul verarl, Kadal viral; Tel. Peddah mottah; Common. Perciform marine fish; [Place of collection: Mumbai, Vizag, Goa, Mandapam and Chennai]",Rachycentron canadum,Marine Fish,non-veg,raw,97,20.21,1.68,0.0,0.0,0.0,0.0,6.6,0.41,51.4,343.0,,,1,,,
F00422,IFCT2017,P011,Chappal,E. Unicorn leatherjacket; Common. Filefish; [Place of collection: Goa],Aluterus monoceros,Marine Fish,non-veg,raw,76,17.17,0.67,0.0,0.0,0.0,0.0,10.2,1.29,38.1,306.0,,,1,,,
F00423,IFCT2017,P012,Chelu,"E. Rainbow runner, Rainbow yellowtail, Spanish jack, Hawaiian salmon; Mal. Poomeen, Chameen; Tam. Kulkul; Common. Pelagic marine fish; [Place of collection: Vizag and Chennai]",Elagatis bipinnulata,Marine Fish,non-veg,raw,87,20.02,0.7,0.0,0.0,0.0,0.0,8.2,0.67,37.6,406.0,,,1,,,
F00424,IFCT2017,P013,Chembali,"E. Five lined snapper, Blue striped snapper, Fivelines Seaperch, Gold striped Sea-perch., Five line Snapper, Fivelined Snapper; Common. Snapper; [Place of collection: Kochi]",Lutjanus quinquelineatus,Marine Fish,non-veg,raw,97,20.06,1.77,0.0,0.0,0.0,0.0,23.7,0.31,39.0,323.0,,,1,,,
F00425,IFCT2017,P014,Eri meen,"E. Crimson jobfish, Crimson snapper, Opakapaka, Hawaiian pink snapper; Common. Snapper; [Place of collection: Kochi]",Pristipomoides filamentosus,Marine Fish,non-veg,raw,109,22.3,2.02,0.0,0.0,0.0,0.0,12.4,0.46,41.2,402.0,,,1,,,
F00426,IFCT2017,P015,Gobro,"E. Coral Cod, Six barred Reef Cod, Thornycheek Grouper, Spinycheek Grouper, Grouper, Six barred Reef cod, Seabass, Coral Trout; Kan. Guri; Kon. Gobri; Mal. Kalawa, Varayan Kalawa; Mar. Gobra, Hekaru; Tam. Kalava; Common. Serranid fish; [Place of collection: Mumbai and Goa]",Epinephelus diacanthus,Marine Fish,non-veg,raw,87,19.37,0.88,0.0,0.0,0.0,0.0,24.2,0.36,52.7,316.0,,,1,,,
F00427,IFCT2017,P016,Guitar fish,[Place of collection: Chennai],Rhinobatus prahli,Marine Fish,non-veg,raw,96,22.56,0.44,0.0,0.0,0.0,0.0,17.3,0.44,70.8,342.0,,,1,,,
F00428,IFCT2017,P017,Hilsa,"E. Ilish, Hilsa, River Shad, Indian Shad, Hilsa Shad; A. Elish, Ilish; B. Ilishmach, Ilish, Hilsa, Ilisha, Hilsha; G. Chaski, Palla, Chaksi, Chakshi; H. Hilsa; Kan. Palasa, Paliya, Polasa, Palia, Mullasu; Mal. Paluva, Valava, Paliyah; Mar. Palva, Chaksi, Pala, Palla; O. Ilisha, Ilish, Jodi; Tam. Karuva ullam, Sevva, Dolum, Ullam, Oolum; Tel. Palasah, Polasa, Palasa, Palia; Common. Herring; [Place of collection: Kochi]",Tenualosa ilisha,Marine Fish,non-veg,raw,259,21.8,18.49,0.0,0.0,0.0,0.0,19.8,1.19,80.9,341.0,,,1,,,
F00429,IFCT2017,P018,Jallal,E. Arius; Common. Catfish; [Place of collection: Vizag],Arius sp.,Marine Fish,non-veg,raw,100,21.55,1.46,0.0,0.0,0.0,0.0,14.7,0.46,74.3,368.0,,,1,,,
F00430,IFCT2017,P019,Jathi vela meen,"E. Pig face Bream, Silver Spotted Sea Bream, Bridled Pigface bream; Mal. Pullivelameen, Kadu; Tam. Valamin; Tel. Karua; Common. Emperor fish; [Place of collection: Mumbai and Mandapam]",Lethrinus lentjan,Marine Fish,non-veg,raw,108,22.45,1.92,0.0,0.0,0.0,0.0,6.6,0.28,30.5,467.0,,,1,,,
F00431,IFCT2017,P020,Kadal bral,E. Indian lizardfish; Common. Lizardfish; [Place of collection: Kochi],Synodus indicus,Marine Fish,non-veg,raw,88,18.72,1.34,0.0,0.0,0.0,0.0,73.9,0.31,53.7,366.0,,,1,,,
F00432,IFCT2017,P021,Kadali,E. Redfilament Threadfin bream; [Place of collection: Chennai],Nemipterus mesoprion,Marine Fish,non-veg,raw,127,22.07,4.2,0.0,0.0,0.0,0.0,8.6,0.38,36.1,390.0,,,1,,,
F00433,IFCT2017,P022,Kalamaara,"E. Indian threadfin, Monk Fish, Thread Fin, Row Ball, Bastard Mullets, Bamin, Threadfin, Indian Salmon, Giant Threadfin, Indian Threadfin; G. Dara, Darha, Dadha; Kan. Vahmeenu, Ramas; Mal. Thamuthi, Yeta, Wahmeen, Baameen, Norakudiyan, Bahmin; Mar. Dara, Darha, Chelna; Tam. Thiravalai, Vellaikala, Seenakalai, Tahlunkala, Panigala, Valanakala, Kala, Battihiravalai, Kondiangalai, Kattikalai; Tel. Podikimaga, Budathamaga, Boddumaga, Thellamaga, Sahala, Maga-booshee; Common. Coastal fish; [Place of collection: Goa and Vizag]",Leptomelanosoma indicum,Marine Fish,non-veg,raw,125,20.89,4.54,0.0,0.0,0.0,0.0,7.5,0.5,29.3,420.0,,,1,,,
F00434,IFCT2017,P023,Kalava,"E. Orange spotted grouper, Estuary cod; [Place of collection: Mandapam]",Epinephelus coioides,Marine Fish,non-veg,raw,89,19.38,1.2,0.0,0.0,0.0,0.0,10.7,0.26,40.1,279.0,,,1,,,
F00435,IFCT2017,P024,Kanamayya,"E. Blubberlip snapper, Maori Snapper, Multi coloured Snapper; Mal. Kathupiriyan; Tam. Cuttu pirium; Common. Snapper; [Place of collection: Chennai and Vizag]",Lutjanus rivulatus,Marine Fish,non-veg,raw,88,20.19,0.65,0.0,0.0,0.0,0.0,7.7,0.36,50.5,346.0,,,1,,,
F00436,IFCT2017,P025,Kannadi paarai,"E. Diamond trevally, Indian threadfish, Indian threadfin, Mirror fish, Plumed trevally; Common. Coastal marine fish; [Place of collection: Mumbai, Chennai and Mandapam]",Alectis indicus,Marine Fish,non-veg,raw,101,22.09,1.27,0.0,0.0,0.0,0.0,9.0,0.31,59.6,432.0,,,1,,,
F00437,IFCT2017,P026,Karimeen,"E. Green chromide, Pearlspot cichlid, Banded pearlspot, Striped chromide, Pearl Spot, Banded Etroplus; Kan. Elimeenu; Kash. Pitul; Kon. Kalunder; Mal. Karimeen, Erumeen, Irimeen; O. Cundahle; Tam. Seththa Kendai, Karassar, Sethakendai, Sethakandai, Palincha, Panishettai, Udupatti; Tel. Cashi mara, Cashimara, Duvvenachepa; Common. Cichlid fish; [Place of collection: Kochi]",Etroplus suratensis,Marine Fish,non-veg,raw,92,19.68,1.38,0.0,0.0,0.0,0.0,11.7,0.6,23.7,452.0,,,1,,,
F00438,IFCT2017,P027,Karnagawala,E. Broad striped anchovy; [Place of collection: Vizag],Anchoa hepsetus,Marine Fish,non-veg,raw,87,19.52,0.84,0.0,0.0,0.0,0.0,60.0,0.44,63.3,228.0,,,1,,,
F00439,IFCT2017,P028,Kayrai,"E. Yellowfin tuna, Yellow Fin Tuna; G. Gedar, Gedara; Kon. Bokado; Mal. Poovan choora; Mar. Kuppa, Gedar, Bugudi, Pimp; Tam. Soccer; Common. Tuna; [Place of collection: Chennai]",Thunnus albacores,Marine Fish,non-veg,raw,109,20.15,3.0,0.0,0.0,0.0,0.0,6.0,0.98,25.1,321.0,,,1,,,
F00440,IFCT2017,P029,Kiriyan,"E. Yellowtail scad, Northern yellowtail scad, One finlet scad, Deep trevally, Omaka, Horse Mackerel; Kan. Gondlu; Mal. Para; Tam. Pulli Parai, Para, Warri parah, Vennai Parai, Semaparai, Parai, Thenga Parai, Komaraparai, Kilisai; Tel. Manjal Parai, Pulli Parai, Para; Common. Small inshore marine fish; [Place of collection: Kochi]",Atule mate,Marine Fish,non-veg,raw,133,22.49,4.7,0.0,0.0,0.0,0.0,19.4,1.0,35.9,277.0,,,1,,,
F00441,IFCT2017,P030,Kite fish,E. Shortfin devil ray; Common. Ray; [Place of collection: Kochi],Mobula kuhlii,Marine Fish,non-veg,raw,99,23.07,0.56,0.0,0.0,0.0,0.0,11.0,1.38,59.0,387.0,,,1,,,
F00442,IFCT2017,P031,Korka,"E. Crescent grunter, Target Fish, Crescent Bass, Crescent Perch, Tiger Bass, Jarbua Terapon, Tiger perch, Squeaking Perch; B. Boorgooni, Jeerpye; G. Garangeta, Naida; Kan. Gore; Mal. Kotha, Marakkeri, Keeri, Kallakeedam; Mar. Naveri Hajam, Naveri; O. Gahnu, Galikooru; Tam. Mattakkeechan, Palin keetchan, Kovakeechan, Palinkeechan, Pootankeeli, Keeli, Keechan, Chavathinnikeeli; Tel. Baikeeli, Kilipothu, Ganam, Samudrakili; Common. Grunter; [Place of collection: Kochi]",Terapon jarbua,Marine Fish,non-veg,raw,126,23.72,3.36,0.0,0.0,0.0,0.0,11.1,0.73,43.3,349.0,,,1,,,
F00443,IFCT2017,P032,Kulam paarai,"E. Yellowspotted trevally, Yellowspotted kingfish, Goldspotted trevally, Tarrum; Common. Large inshore marine fish; [Place of collection: Chennai]",Carangoides fulvoguttatus,Marine Fish,non-veg,raw,120,21.62,3.6,0.0,0.0,0.0,0.0,15.2,0.5,49.2,366.0,,,1,,,
F00444,IFCT2017,P033,Maagaa,E. Striped threadfin; Common. Marine fish; [Place of collection: Vizag],Polynemus plebeius,Marine Fish,non-veg,raw,87,20.11,0.67,0.0,0.0,0.0,0.0,8.4,0.23,52.3,375.0,,,1,,,
F00445,IFCT2017,P034,Mackerel,"E. Indian mackerel, Rake Gillat Mackerel; G. Bangada; Kan. Bangda, Bangadei, Bangada; Kon. Bangada; Mal. Ayila, Ayala, Ayla; Mar. Kaulagedar, Bangada, Kaula Gedar; O. Karan kita; Tam. Kanangeluthi, Kumala, Kumla, Augalai; Tel. Kannangadatha, Kanagurta, Kamangadachalu; Common. Mackerel; [Place of collection: Chennai, Mumbai and Goa]",Rastrelliger kanagurta,Marine Fish,non-veg,raw,101,21.51,1.53,0.0,0.0,0.0,0.0,31.3,1.46,83.0,309.0,,,1,,,
F00446,IFCT2017,P035,Manda clathi,E. Reticulated unicornfish; [Place of collection: Mandapam],Naso reticulatus,Marine Fish,non-veg,raw,95,21.27,1.0,0.0,0.0,0.0,0.0,11.5,0.43,58.5,431.0,,,1,,,
F00447,IFCT2017,P036,Matha,"E. Elongate surgeonfish, Blue lined surgeonfish; Mal. Pala; Common. Marine tropical fish; [Place of collection: Chennai and vizag]",Acanthurus mata,Marine Fish,non-veg,raw,93,21.17,0.79,0.0,0.0,0.0,0.0,14.0,0.32,62.6,450.0,,,1,,,
F00448,IFCT2017,P037,Milk fish,"E. Milkfish, Milk fish, White Mullet; Kan. Humeen, Hoomeenu, Hoo meenu; Mal. Poomeen; Tam. Pal kendai, Palmeen, Tulu candul, Thullu, Palai meen; Tel. Pallabontha, Polah bontah; [Place of collection: Mandapam]",Chanos chanos,Marine Fish,non-veg,raw,106,23.66,1.09,0.0,0.0,0.0,0.0,29.2,1.35,43.0,301.0,,,1,,,
F00449,IFCT2017,P038,Moon fish,"E. Moonfish; G. Vaniani; Kan. Hakkimeen; Mal. Ambattan parah; Tam. Ambutan parah, Amattikatti; Common. Perch fish; [Place of collection: Mumbai]",Mene maculata,Marine Fish,non-veg,raw,126,20.74,4.69,0.0,0.0,0.0,0.0,29.2,1.67,65.2,157.0,,,1,,,
F00450,IFCT2017,P039,Mullet,"E. Flathead grey mullet, Flathead Greymullet; B. Ain; G. Bhomat, Boi, Gandhia; Kan. Mala; Mal. Tirutha, Thirutha, Tiruta; Mar. Boi, Mangan, Boita, Pilas, Bol, Pilsa, Sherto; Tam. Madavai, Kasmeen, Manla; Tel. Kathiparega, Kathi parenga; Common. Food fish; [Place of collection: Mumbai, Kochi and Chennai]",Mugil cephalus,Marine Fish,non-veg,raw,94,20.23,1.32,0.0,0.0,0.0,0.0,35.2,1.31,66.1,331.0,,,1,,,
F00451,IFCT2017,P040,Mural,"E. Houndfish, Crocodile needlefish, Giant Longtom; Mal. Oola, Keran; Mar. Tol; Tam. Pahmum kolah; Tel. Wahlah kuddera; Common. Game fish; [Place of collection: Mandapam]",Tylosurus crocodilus crocodilus,Marine Fish,non-veg,raw,82,19.04,0.58,0.0,0.0,0.0,0.0,8.6,0.24,110.0,330.0,,,1,,,
F00452,IFCT2017,P041,Myil meen,"E. Indo Pacific sailfish, Peacock Fish, Sail Fish, Indian Sail Fish, Sailfish; G. Tadmachhi, Kunga; Mal. Ola meen, Olameen; Mar. Tadmasa; Common. Sailfish; [Place of collection: Chennai and Mandapam]",Istiophorus platypterus,Marine Fish,non-veg,raw,98,22.89,0.56,0.0,0.0,0.0,0.0,7.2,1.2,62.0,365.0,,,1,,,
F00453,IFCT2017,P042,Nalla bontha,"E. Giant Rock Cod, Malabar Rockcod, Brown-spotted Grouper, Estuary Rock cod, Malabar Grouper, Morgan`s Cod, Blackspot Cod, Malabar Reef Cod, Speckled Grouper., Blacksaddle Grouper, Malabar Cod, Speckled Grouper, Grouper, Greasy Grouper, Blackspotted Rockcod, Malabar Reefcod, Estuary Cod, Malabar Rock Cod; G. Wekhali, Wekhanu., Wekhru; Kan. Gopra, Muni Meenu; Kon. Gobri; Mal. Kalawa; Mar. Gobra, Hekru, Hekaru; O. Bhala; Tam. Punni calawah, Kalava, Punni calawah; Tel. Bontha, Kodi Punju, Bontoo; Common. Large serranid fish; [Place of collection: Vizag]",Epinephelus sp.,Marine Fish,non-veg,raw,87,19.82,0.72,0.0,0.0,0.0,0.0,9.0,0.31,57.9,403.0,,,1,,,
F00454,IFCT2017,P043,Narba,"E. Bigeye trevally, Bigeye jack, Great trevally, Six banded trevally, Dusky jack, Dusk Jack, Tille Jack; G. Bangada, Kala Bangada; Kan. Gondlu; Mal. Maduthala, Varayan para, Kuluvel; Mar. Kala Bangada; Common. Large marine fish; [Place of collection: Vizag and Mumbai]",Caranx sexfasciatus,Marine Fish,non-veg,raw,103,21.95,1.6,0.0,0.0,0.0,0.0,7.2,1.11,49.5,384.0,,,1,,,
F00455,IFCT2017,P044,Paarai,"E. Blacktip trevally, Blacktip kingfish, Yellowtail kingfish; Common. Large marine fish; [Place of collection: Chennnai]",Caranx heberi,Marine Fish,non-veg,raw,104,21.58,1.84,0.0,0.0,0.0,0.0,13.5,0.69,45.2,384.0,,,1,,,
F00456,IFCT2017,P045,Padayappa,"E. Rough triggerfish, Spotted oceanic triggerfish; Common. Triggerfish; [Place of collection: Kochi]",Canthidermis maculata,Marine Fish,non-veg,raw,86,19.7,0.69,0.0,0.0,0.0,0.0,9.8,0.33,33.9,490.0,,,1,,,
F00457,IFCT2017,P046,Pali kora,E. Panna croaker; [Place of collection: Kochi],Panna microdon,Marine Fish,non-veg,raw,94,19.25,1.81,0.0,0.0,0.0,0.0,17.0,0.42,54.9,364.0,,,1,,,
F00458,IFCT2017,P047,Pambada,"E. Savalai hairtail, Small head hairtail, Small Headed Hairtail, Small Headed Ribbon Fish, Small headed Ribbonfish, Silver Ribbon Fish, Hair Tail, Ribbon Fish; G. Patti; Kan. Pambole; Kon. Bale; Mal. Vellasavala, Thalayan, Vellathalayan, Karupputhalayan, Karuppusavala, Vellithalayan; Mar. Baia, Wagti, Bala; Tam. Chavalai, Karthigaivalai, Savalai, Mattachavalai, Olavalai; Tel. Nadippussavallu, Peddasavallu, Yellasavallu, Savala, Kothisavallu; Common. Snapper; [Place of collection: Chennai and Kochi]",Lepturacanthus savala,Marine Fish,non-veg,raw,128,21.95,4.44,0.0,0.0,0.0,0.0,16.5,0.38,82.7,263.0,,,1,,,
F00459,IFCT2017,P048,Pandukopa,"E. Larimichthys polyactis, Redlip croaker, Small yellow croaker, Little yellow croaker, Yellow corvina; Common. Croaker; [Place of collection: Vizag]",Pseudosciaena manchurica,Marine Fish,non-veg,raw,86,19.73,0.65,0.0,0.0,0.0,0.0,12.2,0.47,49.1,427.0,,,1,,,
F00460,IFCT2017,P049,Parava,"E. False trevally, Big jawed jumper, Big jawed jumber; G. Dhangari, Dangri, Chapla, Katli; Kan. Saundala, Adai minu; Mal. Adavu, Parava; Mar. Saundala, Pervi; Tam. Sudumbu, Suthumbu, Guthippu; Tel. Sudumbu, Sudumbala, Kuthuppu; [Place of collection: Kochi]",Lactarius lactarius,Marine Fish,non-veg,raw,112,21.5,2.74,0.0,0.0,0.0,0.0,29.1,3.58,84.1,363.0,,,1,,,
F00461,IFCT2017,P050,Parcus,"E. Indian halibut, Indian Turbot; G. Hario, Dataro; Kon. Box Lep; Mar. Zhipali, Bhakas; Tam. Erumei nakku; Tel. Noree nalaka; Common. Large primitive flatfish; [Place of collection: Mumbai]",Psettodes erumei,Marine Fish,non-veg,raw,86,19.87,0.62,0.0,0.0,0.0,0.0,21.1,0.28,64.4,446.0,,,1,,,
F00462,IFCT2017,P051,Parrot fish,"E. Blue barred parrotfish, Blue trim parrotfish, Cream parrotfish, Globe headed parrotfish, Green blotched parrotfish, Yellow scale parrotfish, Bluechin parrotfish; Mal. Chandi; Common. Marine fish; [Place of collection: Mandapam]",Scarus ghobban,Marine Fish,non-veg,raw,90,20.82,0.57,0.0,0.0,0.0,0.0,9.2,0.38,51.8,432.0,,,1,,,
F00463,IFCT2017,P052,Perinkilichai,"E. Pinjalo Snapper; Tam. Mette mirrei, Polei oolavai; Common. Snapper; [Place of collection: Chennai]",Pinjalo pinjalo,Marine Fish,non-veg,raw,92,20.89,0.87,0.0,0.0,0.0,0.0,7.2,0.29,34.2,365.0,,,1,,,
F00464,IFCT2017,P053,Phopat,"E. Mahi mahi, Common dolphinfish, Common Dolphin Fish; B. Pomfret; G. Halwa, Adadio, Himra Machhi; Kan. Thondrotte; Mal. Affunose, Avoli, Karuvoli, Vellavoli; Mar. Abanoos, Halwa, Himra Masa; O. Baal; Tam. Karuvaval, Vavval, Vanna, Vellaivaval, Badahlan, Koppurai kula; Tel. Chanduva, Nallachanduva, Thellachanduva; Common. Surface dwelling ray finned fish; [Place of collection: Chennai, Kochi, Vizag and Mumbai]",Coryphaena hippurus,Marine Fish,non-veg,raw,101,22.05,1.33,0.0,0.0,0.0,0.0,9.3,0.47,36.2,439.0,,,1,,,
F00465,IFCT2017,P054,Piranha,[Place of collection: Kochi],Pygopritis sp.,Marine Fish,non-veg,raw,131,20.46,5.43,0.0,0.0,0.0,0.0,14.8,0.5,39.0,323.0,,,1,,,
F00466,IFCT2017,P055,"Pomfret, black","E. Black pomfret, Brown Pomfret; G. Halwa, Adadio; Kan. Thondrotte; Kon. Halwa; Mal. Vellavoli, Karuvolli, Avoli, Karauthakoli; Mar. Halwa; Tam. Vellaivaval, Vavval, Karuvaval; Tel. Nallachanduva, Chanduva, Thellachanduva; Common. Pomfret; [Place of collection: Kochi, Chennai, Mumbai, Mandapam, Vizag and Goa]",Parastromateus niger,Marine Fish,non-veg,raw,123,18.91,4.83,0.0,0.0,0.0,0.0,18.1,0.78,69.1,295.0,,,1,,,
F00467,IFCT2017,P056,"Pomfret, snub nose","E. Snubnose Pampano; Mal. Peeyada; Mar. Ladagoo, Katattitaka; Tam. Kootili; Common. Coastal fish; [Place of collection: Mumbai]",Trachinotus blochii,Marine Fish,non-veg,raw,90,21.05,0.46,0.0,0.0,0.0,0.0,6.6,0.41,36.1,483.0,,,1,,,
F00468,IFCT2017,P057,"Pomfret, white","E. Silver pomfret, White pomfret; B. Chandi, Pomfret; G. Vichuda; Kan. Thondrotte, Thondrette, Manji; Kon. Surangat; Mal. Vellavoli, Karuvolli, Avoli, Velutha-avoli; Mar. Saranga, Chandava, Paplet; O. Chandee, Ghia; Tam. Vella vavval, Karuvaval, Vavval, Vellaivaval; Tel. Thellachanduva, Nallachanduva, Chanduva; Common. Butterfish; [Place of collection: Mumbai and Goa]",Pampus argenteus,Marine Fish,non-veg,raw,123,19.02,5.12,0.0,0.0,0.0,0.0,13.6,0.31,46.1,255.0,,,1,,,
F00469,IFCT2017,P058,Pranel,"E. Whipfin silver biddy, Deepbody mojarra; Kan. Paiya; Mal. Pranjin; Mar. Charbat; Tam. Oodan; Common. Mojarras; [Place of collection: Kochi]",Gerres sp.,Marine Fish,non-veg,raw,97,19.69,1.89,0.0,0.0,0.0,0.0,21.9,0.41,52.4,251.0,,,1,,,
F00470,IFCT2017,P059,Pulli paarai,"E. Golden trevally, Golden kingfish, Banded trevally, King trevally, Golden Toothless Trevally, Horse Mackerel; Kan. Gondlu; Mal. Para; Tam. Pilli parah, Pathi Parah, Para, Thenga Parai, Vennai Parai, Kilisai, Pathi parah, Komaraparai, Pulli Parai, Semaparai, Parai; Tel. Pulli Parai, Para, Poloosoo parah, Manjal Parai; Common. Large marine fish; [Place of collection: Chennai]",Gnathanodon speciosus,Marine Fish,non-veg,raw,95,20.06,1.55,0.0,0.0,0.0,0.0,21.8,0.35,58.6,335.0,,,1,,,
F00471,IFCT2017,P060,Queen fish,"E. Doubledotted Queenfish, Talang Queenfish; G. Sag; Kan. Palaimeenu, Diana; Mal. Palameen; Mar. Dagol; Tam. Toal parah, Katta; Tel. Pasupara; Common. Coastal fish; [Place of collection: Chennai, Kochi and Goa]",Scomberoides commersonianus,Marine Fish,non-veg,raw,96,20.97,1.17,0.0,0.0,0.0,0.0,5.8,0.49,48.9,440.0,,,1,,,
F00472,IFCT2017,P061,Raai fish,"E. Atlantic tripletail, Brown Tripletail, Tripple Tail, Brown Tripletail; G. Katkola; Mal. Parrandee; Mar. Katkola; O. Chota Bekkut; Tam. Musalli; Common. Warm water marine fish; [Place of collection: Chennai and Vizag]",Lobotes surinamensis,Marine Fish,non-veg,raw,103,21.61,1.69,0.0,0.0,0.0,0.0,11.1,0.46,47.6,347.0,,,1,,,
F00473,IFCT2017,P062,Raai vanthu,"E. Brown spotted reef cod, Souman, Brownspotted grouper, Brown spotted grouper, Brownspotted rockcod., Brown spotted reef cod; G. Vekharu, Vekhala; Kan. Guri; Kon. Gobri; Mal. Pulli Kalawa, Kalava; Mar. Hekru, Hekaru; Tam. Kalava; Common. Grouper fish; [Place of collection: Vizag]",Epinephelus chlorostigma,Marine Fish,non-veg,raw,98,19.39,2.17,0.0,0.0,0.0,0.0,8.7,0.36,50.8,311.0,,,1,,,
F00474,IFCT2017,P063,Rani,"Common. Freshwater gamefish; [Place of collection: Goa, Kochi, Chennai, Mumbai, Vizag and Mandapam]",Pink perch,Marine Fish,non-veg,raw,90,18.83,1.49,0.0,0.0,0.0,0.0,37.9,0.87,63.2,335.0,,,1,,,
F00475,IFCT2017,P064,"Ray fish, bow head, spotted","E. Bowmouth guitarfish, Shark ray, Mud skate, Bowmouthed Guitarfish; Mar. Sakshi, Lanj; Tam. Mun ultava; Tel. Pottila sora, Nella dindi; Common. Ray; [Place of collection: Kochi]",Rhina ancylostoma,Marine Fish,non-veg,raw,83,19.03,0.7,0.0,0.0,0.0,0.0,9.6,0.25,105.0,353.0,,,1,,,
F00476,IFCT2017,P065,Red snapper,"E. Mangrove red snapper, Mangrove jack, Creek red bream, Stuart evader, Dog bream, Purple sea perch, Purple seaperch, Red bass, Red bream, Red perch, Red reef bream, River roman, Rock barramundi, Yellow snapper, Silver spotted Grey Snapper, Gray Snapper, Malabar Red Snapper; G. Ratado; Kan. Chembali; Mal. Murumeen, Pahari, Chemballi; Mar. Tambusa; Tam. Paruthikanni, Patani-keeli, Karuvalai, Nethiprion, Paruthivala Meen, Chenganni, Vekkattai, Thokkal, Cheppili, Karva, Adallu, Vekkattai, Antaleyan; Tel. Rangu, Thundava., Rangoo, Thundava, Kaliviyya; Common. Snapper; [Place of collection: Vizag]",Lutjanus argentimaculatus,Marine Fish,non-veg,raw,104,22.79,1.34,0.0,0.0,0.0,0.0,8.4,0.37,59.9,446.0,,,1,,,
F00477,IFCT2017,P066,"Red snapper, small","E. Lunar-tailed bigeye, Goggle eye, Moontail bullseye, Red Bullseye, Lunar-tailed Bullseye, Red Big Eye, Crescent Tail Bigeye, Lunar Tailed Bigeye, Dusky-finned Bullseye, Spot-finned Bull`s Eye., Moontail Bullseye, Bigeye Snapper, Black-spot Big-eye, Lunar-tailed Glasseye, Duskyfin Bulleye, Goggle-eye; B. Alta-punti; G. Dorali, Ratado; Kan. Disco Meenu; Mal. Bullsai; Mar. Tambi; O. Alta-punti; Tam. Kakkasi, Paswa; Tel. Bochelu; Common. Marine fish; [Place of collection: Goa]",Priacanthus hamrur,Marine Fish,non-veg,raw,108,21.5,2.3,0.0,0.0,0.0,0.0,17.4,0.57,39.0,327.0,,,1,,,
F00478,IFCT2017,P067,Sadaya,"E. Orbicular batfish, Circular batfish, Orbiculate batfish, Round batfish, Orbic batfish; Common. Aquarium fish; [Place of collection: Chennai]",Platax orbicularis,Marine Fish,non-veg,raw,110,20.68,2.97,0.0,0.0,0.0,0.0,9.1,0.47,49.4,360.0,,,1,,,
F00479,IFCT2017,P068,Salmon,E. Atlantic salmon; Common. Ray-finned fish; [Place of collection: Goa],Salmo salar,Marine Fish,non-veg,raw,172,20.97,9.86,0.0,0.0,0.0,0.0,24.3,0.98,20.2,345.0,,,1,,,
F00480,IFCT2017,P069,Sangada,E. Japanese threadfin bream; Common. Marine fish; [Place of collection: Chennai],Nemipterus japonicus,Marine Fish,non-veg,raw,106,20.26,2.67,0.0,0.0,0.0,0.0,7.9,0.99,77.8,217.0,,,1,,,
F00481,IFCT2017,P070,Sankata paarai,"E. Giant trevally, Lowly trevally, Barrier trevally, Giant kingfish, Ulua, Yellowfin Jack; Mal. Kuluvel; Tel. Jarradandree-parah; Common. Large marine fish; [Place of collection: Chennai]",Caranx ignobilis,Marine Fish,non-veg,raw,104,21.87,1.68,0.0,0.0,0.0,0.0,6.0,0.99,22.3,379.0,,,1,,,
F00482,IFCT2017,P071,Sardine,"E. Indian oil sardine, Malabar Sardine; G. Tarali; Kan. Baige, Buthai, Boothai, Tarli-multhi; Mal. Nalla Mathi, Nallamathi; Mar. Haird, Kanat, Tarali, Tarli, Haid; Tam. Nonalai, Charlay, Paycharlay, Paichalai; Tel. Noona-kavallu; Common. Ray-finned fish; [Place of collection: Kolkata]",Sardinella longiceps,Marine Fish,non-veg,raw,152,17.91,8.99,0.0,0.0,0.0,0.0,42.3,0.83,38.5,228.0,,,1,,,
F00483,IFCT2017,P072,Shark,"E. Spot-tail shark, Sorrah shark; Kan. Shirat; Mar. Balda, Pisori; Tam. Katta-sorrah; Common. Requiem shark; [Place of collection: Goa and Mandapam]",Carcharhinus sorrah,Marine Fish,non-veg,raw,95,21.6,0.83,0.0,0.0,0.0,0.0,8.4,0.38,63.6,372.0,,,1,,,
F00484,IFCT2017,P073,"Shark, hammer head",E. Great hammerhead; Common. Hammerhead shark; [Place of collection: Kolkata],Sphyrna mokarran,Marine Fish,non-veg,raw,103,23.4,0.8,0.0,0.0,0.0,0.0,7.9,0.86,53.5,304.0,,,1,,,
F00485,IFCT2017,P074,"Shark, spotted","E. Zebra shark; G. Shinawala, Magara, Shinvala, Musia; Mal. Poochasurav, Zebra Sravu; Mal. Shinvala, Mushi, Shinavla; Tam. Komarasi-sorrah, Coruhgun-sorrah, Korangum Sorrah; Tel. Potrava, Komarasi, Orookoolti-sorrah, Pollee-makum, Komrasi, Pollee Makum, Corootoolti-sorrah; Common. Carpet shark; [Place of collection: Kochi]",Stegostoma fasciatum,Marine Fish,non-veg,raw,92,20.95,0.75,0.0,0.0,0.0,0.0,8.1,0.54,131.0,318.0,,,1,,,
F00486,IFCT2017,P075,Shelavu,"E. Pickhandle barracuda, Banded Barracuda, Sea Pike; G. Bhungar; Kan. Kandai; Mal. Cheelahoo; Mar. Ghalse, Badvi, Jaban-tal, Badri; Tel. Jellow; [Place of collection: Chennai, Goa, Vizag and Kochi]",Sphyraena jello,Marine Fish,non-veg,raw,107,22.46,1.74,0.0,0.0,0.0,0.0,11.4,0.52,38.7,453.0,,,1,,,
F00487,IFCT2017,P076,Silan,"E. Silond catfish, Silondia Vacha, Silong Catfish; A. Dhain, Silan, Utti, Koch; B. Silond; Common. Schilbid catfish; [Place of collection: Kolkata]",Silonia silondia,Marine Fish,non-veg,raw,151,22.72,6.68,0.0,0.0,0.0,0.0,28.8,0.56,29.4,223.0,,,1,,,
F00488,IFCT2017,P077,Silk fish,"E. Alfonsino, Alfonsin, Longfinned beryx, Red bream, Imperador; Common. Deep oceanic fish; [Place of collection: Kochi]",Beryx sp.,Marine Fish,non-veg,raw,98,20.65,1.53,0.0,0.0,0.0,0.0,10.5,0.3,41.6,440.0,,,1,,,
F00489,IFCT2017,P078,Silver carp,"E. Silver carp; Kan. Belli-gende; Common. Freshwater cyprinid fish, Asian carp; [Place of collection: Kolkata]",Hypophthalmichthys molitrix,Marine Fish,non-veg,raw,133,21.71,5.17,0.0,0.0,0.0,0.0,85.5,0.58,19.6,249.0,,,1,,,
F00490,IFCT2017,P079,Sole fish,E. Largescale tongue-sole; Mar. Lep; Common. Tonguefish; [Place of collection: Vizag],Cynoglossus arel,Marine Fish,non-veg,raw,88,19.05,1.18,0.0,0.0,0.0,0.0,47.3,0.33,74.6,199.0,,,1,,,
F00491,IFCT2017,P080,Stingray,"E. Common stingray, Blue Stingray; Mal. Thirukay; Common. Stingray; [Place of collection: Kolkata]",Dasyatis pastinaca,Marine Fish,non-veg,raw,98,23.98,0.68,0.0,0.0,0.0,0.0,9.2,0.74,64.1,270.0,,,1,,,
F00492,IFCT2017,P081,Tarlava,"E. Spotted sicklefish, Moon-fish, Spotted Bat-fish, Spotted Drepane; G. Chand; Mar. Chand; Tam. Therattai, Painthi; Tel. Thotha, Thetti; [Place of collection: Chennai and Vizag]",Drepane punctata,Marine Fish,non-veg,raw,99,21.72,1.2,0.0,0.0,0.0,0.0,11.7,0.53,67.4,370.0,,,1,,,
F00493,IFCT2017,P082,Tholam,"E. Minstrel sweetlips, Grey Sweetlip; Mar. Harvil; Common. Gamefish; [Place of collection: Chennai and Mandapam]",Plectorhinchus schotaf,Marine Fish,non-veg,raw,103,20.78,2.13,0.0,0.0,0.0,0.0,11.4,0.6,28.0,382.0,,,1,,,
F00494,IFCT2017,P083,Tilapia,"E. Nile tilapia; A. Elapi, Japani kawoi; Tam. Tilapia; Common. Tilapia, Cichlid fish; [Place of collection: Kolkata]",Oreochromis niloticus,Marine Fish,non-veg,raw,83,18.48,1.08,0.0,0.0,0.0,0.0,99.4,2.84,52.5,255.0,,,1,,,
F00495,IFCT2017,P084,Tuna,"E. Mackerel tuna, Kawakawa, Little Tuna; G. Gedar; Kon. Bokado; Mal. Choora; Mar. Chuki, Bugudi, Ohaman, Gedar, Kuppa; Tam. Choori-min, Suraly; Common. Ray-finned bony fish; [Place of collection: Chennai, Vizag, Goa, Mandapam and Kochi]",Euthynnus affinis,Marine Fish,non-veg,raw,112,24.5,1.44,0.0,0.0,0.0,0.0,9.8,1.6,52.9,357.0,,,1,,,
F00496,IFCT2017,P085,"Tuna, striped","E. Skipjack tuna, Aku, Arctic bonito, Mushmouth, Oceanic bonito, Striped tuna, Victor fish, Oceanic Skipjack; G. Gedar; Kon. Bokado; Mal. Choora; Mar. Kuppa, Bugudi, Gedar; Common. Medium-sized perciform fish; [Place of collection: Kochi]",Katsuwonus pelamis,Marine Fish,non-veg,raw,96,21.28,1.12,0.0,0.0,0.0,0.0,6.5,1.43,22.6,273.0,,,1,,,
F00497,IFCT2017,P086,Valava,"E. Whitefin wolf-herring, Tenpounder; Tam. Kiru-wahlah; Tel. Wahlah; Common. Herring; [Place of collection: Vizag]",Chirocentrus nudus,Marine Fish,non-veg,raw,98,21.8,1.06,0.0,0.0,0.0,0.0,37.1,0.24,91.9,365.0,,,1,,,
F00498,IFCT2017,P087,Vanjaram,"E. Narrow-barred Spanish mackerel, Barred Seer Fish, King Seer; G. Surmai, Chhapri; Kan. Thavar; Mal. Ayakora, Chumbum; Mar. Anjai, Anjari, Surmai, Towar; Tam. Ah-ku-lah, Mah-wu-leachi, Mavulasi, Seela, Mah-wu-laachi, Vanjiram, Velra, Konam; Tel. Vanjiramu, Konema, Varimeen, Yellari, Vellikannan, Ayaokaro; Common. Mackerel; [Place of collection: Chennai and Goa]",Scomberomorus commerson,Marine Fish,non-veg,raw,136,22.28,5.18,0.0,0.0,0.0,0.0,9.8,0.41,34.9,473.0,,,1,,,
F00499,IFCT2017,P088,Vela meen,E. Green jobfish; Common. Snapper; [Place of collection: Mandapam],Aprion virescens,Marine Fish,non-veg,raw,128,22.16,4.34,0.0,0.0,0.0,0.0,14.9,0.64,38.2,387.0,,,1,,,
F00500,IFCT2017,P089,Vora,E. Streaked spinefoot; Mar. Kunar; Tam. Ottah; Tel. Warahwah; Common. Rabbitfish; [Place of collection: Chennai and Mandapam],Siganus javus,Marine Fish,non-veg,raw,101,20.14,2.14,0.0,0.0,0.0,0.0,7.6,0.27,43.7,401.0,,,1,,,
F00501,IFCT2017,P090,Whale shark,"E. Tiger shark; G. Bhoovar, Bhoavar, Pattari; Kan. Pullia, Pilithatte; Mal. Valiasurav, Vorimiyaru, Kalla-sravu, Kalvari, Pulli Sravu, Kellan, Kethalan, Valiyasurav; Mar. Waghbeer; Tam. Wulluven Sorrah; Tel. Kettalam Sorrah, Kethalam-sorrah, Kethulam, Kurangu-sorrah, Vulluvan-sorrah; Common. Requiem shark; [Place of collection: Mandapam]",Galeocerdo cuvier,Marine Fish,non-veg,raw,96,21.83,0.82,0.0,0.0,0.0,0.0,8.3,0.33,116.0,365.0,,,1,,,
F00502,IFCT2017,P091,Xiphinis,"E. Swordfish, Broadbills, Sword Fish; G. Kunga, Tadmachhi; Mal. Kuthirameen; Mar. Tadmasa; Common. Billfish, Gamefish, Predatory fish; [Place of collection: Mandapam]",Xiphias gladius,Marine Fish,non-veg,raw,88,19.82,0.88,0.0,0.0,0.0,0.0,12.1,0.54,66.2,306.0,,,1,,,
F00503,IFCT2017,P092,"Eggs, Cat fish",E. Butter catfish; Common. Sheatfish; [Place of collection: Kolkata],Ompok bimaculatus,Marine Fish,non-veg,raw,143,24.68,5.28,0.0,0.0,0.0,0.0,61.7,6.65,54.8,252.0,,,1,,,
F00504,IFCT2017,Q001,Crab,E. Florida stone crab; [Place of collection: Kolkata],Menippe mercenaria,Marine Shellfish,non-veg,raw,82,10.23,1.41,0.0,0.0,0.0,0.0,128.0,1.1,244.0,171.0,,,1,,,
F00505,IFCT2017,Q002,"Crab, sea","E. Three-spot swimming crab, Blood-spotted swimming crab, Red-spotted swimming crab; Common. Large crab; [Place of collection: Chennai]",Portunus sanguinolentus,Marine Shellfish,non-veg,raw,68,15.36,0.6,0.0,0.0,0.0,0.0,333.0,0.98,313.0,252.0,,,1,,,
F00506,IFCT2017,Q003,"Lobster, brown","E. Flathead lobster, Bay lobster, Moreton Bay bug; Common. Slipper lobster; [Place of collection: Chennai]",Thenus orientalis,Marine Shellfish,non-veg,raw,70,15.96,0.56,0.0,0.0,0.0,0.0,73.1,0.77,140.0,212.0,,,1,,,
F00507,IFCT2017,Q004,"Lobster, king size","E. Flathead lobster, Bay lobster, Moreton Bay bug; Common. Slipper lobster; [Place of collection: Chennai, Vizag, Mumbai, Kochi, Mandapam and Goa]",Thenus orientalis,Marine Shellfish,non-veg,raw,90,18.54,0.78,0.0,0.0,0.0,0.0,66.4,0.35,191.0,315.0,,,1,,,
F00508,IFCT2017,Q005,Mud crab,"E. Mangrove crab, Mud crab; [Place of collection: Goa]",Scylla tranquebarica,Marine Shellfish,non-veg,raw,45,10.0,0.55,0.0,0.0,0.0,0.0,201.0,0.87,305.0,227.0,,,1,,,
F00509,IFCT2017,Q006,Oyster,"E. Indian backwater oyster; Mal. Muringa, Muru; Tam. Kalungu, Ali, Patti; [Place of collection: Goa]",Crassostrea sp.,Marine Shellfish,non-veg,raw,60,9.51,2.44,0.0,0.0,0.0,0.0,126.0,0.9,41.0,122.0,,,1,,,
F00510,IFCT2017,Q007,"Tiger prawns, brown",Common. Marine crustacean; [Place of collection: Chennai],Solenocera crassicornis,Marine Shellfish,non-veg,raw,65,14.85,0.56,0.0,0.0,0.0,0.0,37.8,0.73,188.0,141.0,,,1,,,
F00511,IFCT2017,Q008,"Tiger Prawns, orange","E. Giant tiger prawn, Asian tiger shrimp; Common. Marine crustacean; [Place of collection: Kochi]",Penaeus monodon,Marine Shellfish,non-veg,raw,65,14.25,0.74,0.0,0.0,0.0,0.0,71.9,0.39,61.0,140.0,,,1,,,
F00512,IFCT2017,R001,"Clam, green shell","E. Asian green mussel, Green-lipped mussel; Mal. Kallumalkai, Kadukka; Common. Mussel, Bivalve; [Place of collection: Goa]",Perna viridis,Marine Mollusks,non-veg,raw,58,12.14,0.98,0.0,0.0,0.0,0.0,121.0,1.01,322.0,152.0,,,1,,,
F00513,IFCT2017,R002,"Clam, white shell, ribbed",E. Asiatic Hard Clam; [Place of collection: Goa],Meretrix meretrix,Marine Mollusks,non-veg,raw,60,11.82,1.34,0.0,0.0,0.0,0.0,50.0,0.94,404.0,245.0,,,1,,,
F00514,IFCT2017,R003,Octopus,E. Common octopus; [Place of collection: Mumbai],Octopus vulgaris,Marine Mollusks,non-veg,raw,80,14.71,1.12,0.0,0.0,0.0,0.0,22.1,1.08,230.0,181.0,,,1,,,
F00515,IFCT2017,R004,"Squid, black",[Place of collection: Kolkata],Loligo sp.,Marine Mollusks,non-veg,raw,80,16.1,1.07,0.0,0.0,0.0,0.0,23.0,0.5,179.0,162.0,,,1,,,
F00516,IFCT2017,R005,"Squid, hard shell",E. Pharaoh cuttlefish; Common. Large cuttlefish; [Place of collection: Goa],Sepia pharaonis,Marine Mollusks,non-veg,raw,76,16.82,0.93,0.0,0.0,0.0,0.0,8.7,0.62,99.1,116.0,,,1,,,
F00517,IFCT2017,R006,"Squid, red",[Place of collection: Chennai and Goa],Loligo duvauceli,Marine Mollusks,non-veg,raw,79,16.25,1.44,0.0,0.0,0.0,0.0,14.1,0.26,121.0,134.0,,,1,,,
F00518,IFCT2017,R007,"Squid, white, small","E. Indian Ocean Squid, Indian Squid; [Place of collection: Mumbai]",Uroteuthis duvauceli,Marine Mollusks,non-veg,raw,84,17.41,1.15,0.0,0.0,0.0,0.0,36.5,0.39,154.0,134.0,,,1,,,
F00519,IFCT2017,S001,Cat fish,"E. Eel-tailed catfish, Dewfish, Freshwater catfish, Jewfish, Tandan; Common. Catfish; [Place of collection: Kolkata]",Tandanus tandanus,Fresh Water Fish and Shellfish,non-veg,raw,124,15.86,6.24,0.0,0.0,0.0,0.0,22.0,0.82,28.3,250.0,,,1,,,
F00520,IFCT2017,S002,Catla,"E. Major carp; A. Baudhekra, Bhakua, Baudhekera; B. Katla, Pla Kra Ho; G. Tambra, Thambra, Bawas; H. Catla, Bhakur, Boassa, Katla, Chepti; Kan. Catla; Mal. Karakatla, Catla; Mar. Tambra, Pla Kra Ho, Catla, Katala; O. Bhakur, Bahkur, Barkur; P. Theil, Theila, Thaila; Tam. Meen, Yamaneri Kendai, Theppu Meenu, Japan Kendai, Japankendai, Thoppa, Thoppa-meen, Theppu-meenu, Thoppu Meen, Koora Kendai, Koora-kendai, Kanavi, Thoppameenu; Tel. Botcha, Botchee, Bocha, Bacha, Krishnabotcha; Common. Asian freshwater fish; [Place of collection: Kolkata]",Catla catla,Fresh Water Fish and Shellfish,non-veg,raw,94,17.94,2.15,0.0,0.0,0.0,0.0,43.5,1.14,36.6,301.0,,,1,,,
F00521,IFCT2017,S003,Freshwater Eel,"E. European eel; Common. Eel, Catadromous fish; [Place of collection: Kolkata]",Anguilla anguilla,Fresh Water Fish and Shellfish,non-veg,raw,108,20.41,2.63,0.0,0.0,0.0,0.0,53.0,1.54,88.7,450.0,,,1,,,
F00522,IFCT2017,S004,Gold fish,"E. Goldfish; Common. Freshwater fish, Aquarium fish; [Place of collection: Kolkata and Bangaluru]",Carassius auratus,Fresh Water Fish and Shellfish,non-veg,raw,95,16.91,2.94,0.0,0.0,0.0,0.0,47.9,0.76,27.5,243.0,,,1,,,
F00523,IFCT2017,S005,Pangas,E. Iridescent shark; Common. Shark catfish; [Place of collection: Kolkata],Pangasianodon hypophthalmus,Fresh Water Fish and Shellfish,non-veg,raw,204,17.12,16.77,0.0,0.0,0.0,0.0,11.2,0.69,37.4,282.0,,,1,,,
F00524,IFCT2017,S006,Rohu,"E. Rohu, Rui, Roho labeo; A. Rou, Rohiti, Rohitii, Row, Rau, Rui; B. Rahu, Rui, Ruee; H. Bhobhari, Rohu; Kan. Rohu; Mal. Rohitham, Rohu; M. Row; Mar. Rohu, Tambada Massa, Tambada Masa, Tambada-massa; O. Rohu, Ruhu, Rohi; P. Dumra, Tapra, Rohu, Dhambra; Tam. Kannadi Kendai, Kennadi Kendai; Tel. Bocha-gandumeenu; Common. Carp fish; [Place of collection: Kolkata]",Labeo rohita,Fresh Water Fish and Shellfish,non-veg,raw,102,19.71,2.39,0.0,0.0,0.0,0.0,39.4,1.04,35.6,303.0,150,1 serving (150 g raw),1,,,
F00525,IFCT2017,S007,Crab,Common. Small shore crab; [Place of collection: Kolkata],Pachygrapsus sp.,Fresh Water Fish and Shellfish,non-veg,raw,78,13.23,0.89,0.0,0.0,0.0,0.0,199.0,1.1,280.0,286.0,,,1,,,
F00526,IFCT2017,S008,"Prawns, big","E. Giant freshwater prawn, Giant river prawn; Common. Palaemonid freshwater prawn, Shrimp; [Place of collection: Bengaluru]",Macrobrachium rosenbergii,Fresh Water Fish and Shellfish,non-veg,raw,91,19.24,0.52,0.0,0.0,0.0,0.0,48.6,0.78,849.0,269.0,,,1,,,
F00527,IFCT2017,S009,"Prawns, small",Common. Shrimp; [Place of collection: Mumbai],Macrobrachium sp.,Fresh Water Fish and Shellfish,non-veg,raw,71,13.07,0.78,0.0,0.0,0.0,0.0,68.0,0.87,77.7,224.0,,,1,,,
F00528,IFCT2017,S010,Tiger prawns,Common. Shrimp; [Place of collection: Kolkata],Macrobrachium sp.,Fresh Water Fish and Shellfish,non-veg,raw,68,14.24,0.66,0.0,0.0,0.0,0.0,57.9,0.84,80.8,149.0,,,1,,,
F00529,IFCT2017,T001,Coconut oil,,,Edible Oils and Fats,veg,raw,900,0.0,100.0,0.0,0.0,0.0,0.0,0.0,0.0,0.0,0.0,,,1,,,"Energy not reported in IFCT; calculated from macros (fat x9, protein x4, carbs x4)"
F00530,IFCT2017,T002,Corn oil,,,Edible Oils and Fats,veg,raw,900,0.0,100.01,0.0,0.0,0.0,0.0,0.0,0.0,0.0,0.0,,,1,,,"Energy not reported in IFCT; calculated from macros (fat x9, protein x4, carbs x4)"
F00531,IFCT2017,T003,Cotton seed oil,,,Edible Oils and Fats,veg,raw,900,0.0,99.99,0.0,0.0,0.0,0.0,0.0,0.0,0.0,0.0,,,1,,,"Energy not reported in IFCT; calculated from macros (fat x9, protein x4, carbs x4)"
F00532,IFCT2017,T004,Gingelly oil,,,Edible Oils and Fats,veg,raw,900,0.0,100.0,0.0,0.0,0.0,0.0,0.0,0.0,0.0,0.0,,,1,,,"Energy not reported in IFCT; calculated from macros (fat x9, protein x4, carbs x4)"
F00533,IFCT2017,T005,Groundnut oil,,,Edible Oils and Fats,veg,raw,900,0.0,100.0,0.0,0.0,0.0,0.0,0.0,0.0,0.0,0.0,,,1,,,"Energy not reported in IFCT; calculated from macros (fat x9, protein x4, carbs x4)"
F00534,IFCT2017,T006,Mustard oil,,,Edible Oils and Fats,veg,raw,900,0.0,100.0,0.0,0.0,0.0,0.0,0.0,0.0,0.0,0.0,,,1,,,"Energy not reported in IFCT; calculated from macros (fat x9, protein x4, carbs x4)"
F00535,IFCT2017,T007,Palm oil,,,Edible Oils and Fats,veg,raw,900,0.0,100.0,0.0,0.0,0.0,0.0,0.0,0.0,0.0,0.0,,,1,,,"Energy not reported in IFCT; calculated from macros (fat x9, protein x4, carbs x4)"
F00536,IFCT2017,T008,Rice bran oil,,,Edible Oils and Fats,veg,raw,900,0.0,100.0,0.0,0.0,0.0,0.0,0.0,0.0,0.0,0.0,,,1,,,"Energy not reported in IFCT; calculated from macros (fat x9, protein x4, carbs x4)"
F00537,IFCT2017,T009,Safflower oil,,,Edible Oils and Fats,veg,raw,900,0.0,100.01,0.0,0.0,0.0,0.0,0.0,0.0,0.0,0.0,,,1,,,"Energy not reported in IFCT; calculated from macros (fat x9, protein x4, carbs x4)"
F00538,IFCT2017,T010,Safflower oil (blended),,,Edible Oils and Fats,veg,raw,900,0.0,100.0,0.0,0.0,0.0,0.0,0.0,0.0,0.0,0.0,,,1,,,"Energy not reported in IFCT; calculated from macros (fat x9, protein x4, carbs x4)"
F00539,IFCT2017,T011,Soyabean oil,,,Edible Oils and Fats,veg,raw,900,0.0,100.0,0.0,0.0,0.0,0.0,0.0,0.0,0.0,0.0,,,1,,,"Energy not reported in IFCT; calculated from macros (fat x9, protein x4, carbs x4)"
F00540,IFCT2017,T012,Sunflower oil,,,Edible Oils and Fats,veg,raw,900,0.0,100.0,0.0,0.0,0.0,0.0,0.0,0.0,0.0,0.0,5,1 tsp,1,,,"Energy not reported in IFCT; calculated from macros (fat x9, protein x4, carbs x4)"
F00541,IFCT2017,T013,Ghee,,,Edible Oils and Fats,veg,raw,900,0.0,100.0,0.0,0.0,0.0,0.0,0.0,0.0,0.0,0.0,5,1 tsp,1,,,"Energy not reported in IFCT; calculated from macros (fat x9, protein x4, carbs x4)"
F00542,IFCT2017,T014,Vanaspati,,,Edible Oils and Fats,veg,raw,900,0.0,100.0,0.0,0.0,0.0,0.0,0.0,0.0,0.0,0.0,,,1,,,"Energy not reported in IFCT; calculated from macros (fat x9, protein x4, carbs x4)"
F00543,STANDARD_REF,,"Curd / yogurt, plain, whole milk",dahi; curd; yoghurt,,Milk and Milk Products,veg,raw,61,3.47,3.25,4.66,0,4.66,,,,,,100,1 katori (100 g),1,,,USDA SR Legacy typical value
F00544,STANDARD_REF,,"Yogurt, plain, low fat",low fat dahi; low fat curd,,Milk and Milk Products,veg,raw,63,5.25,1.55,7.04,0,7.04,,,,,,100,1 katori (100 g),1,,,USDA SR Legacy typical value
F00545,STANDARD_REF,,"Butter, salted",makhan; butter,,Milk and Milk Products,veg,raw,717,0.85,81.11,0.06,0,0.06,,,,,,10,1 tsp (5 g) to 1 tbsp (14 g),1,,,USDA SR Legacy typical value
F00546,STANDARD_REF,,"Cheese, cheddar",cheese,,Milk and Milk Products,veg,raw,403,24.9,33.1,1.28,0,1.28,,,,,,20,1 slice,1,,,USDA SR Legacy typical value
F00547,STANDARD_REF,,"Oats, rolled, dry",oatmeal; jai,,Cereals and Millets,veg,raw,379,13.15,6.52,67.7,10.1,57.6,,,,,,40,1/2 cup dry,1,,,USDA SR Legacy typical value
F00548,STANDARD_REF,,"Bread, white",white bread; slice,,Cereals and Millets,veg,raw,266,8.85,3.33,49.2,2.7,46.5,,,,,,30,1 slice,1,,,USDA SR Legacy typical value
F00549,STANDARD_REF,,"Bread, whole wheat",brown bread; wheat bread,,Cereals and Millets,veg,raw,252,12.45,3.5,42.71,6.0,36.71,,,,,,30,1 slice,1,,,USDA SR Legacy typical value
F00550,STANDARD_REF,,"Pasta, dry",macaroni; spaghetti; penne,,Cereals and Millets,veg,raw,371,13.04,1.51,74.67,3.2,71.47,,,,,,80,1 serving dry,1,,,USDA SR Legacy typical value
F00551,STANDARD_REF,,Gram flour (besan),besan; chickpea flour,,Grain Legumes,veg,raw,387,22.39,6.69,57.82,10.8,47.02,,,,,,30,1/4 cup,1,,,USDA SR Legacy typical value
F00552,STANDARD_REF,,"Soya chunks, dry",nutrela; soy chunks; meal maker,,Grain Legumes,veg,raw,345,52,0.5,33,13,20,,,,,,30,1 serving dry (about 1 cup cooked),1,,,"Typical pack-label values; brands vary, scan the barcode for your brand"
F00553,STANDARD_REF,,"Tofu, firm",soya paneer; bean curd,,Grain Legumes,veg,raw,144,17.3,8.72,2.78,2.3,0.48,,,,,,100,100 g,1,,,USDA SR Legacy typical value
F00554,STANDARD_REF,,"Sugar, white",cheeni; shakkar,,Sugars,veg,raw,387,0,0,99.98,0,99.98,,,,,,5,1 tsp,1,,,USDA SR Legacy typical value
F00555,STANDARD_REF,,Honey,shahad; madhu,,Sugars,veg,raw,304,0.3,0,82.4,0.2,82.2,,,,,,7,1 tsp,1,,,USDA SR Legacy typical value
F00556,STANDARD_REF,,Olive oil,olive oil,,Edible Oils and Fats,veg,raw,900,0,100,0,0,0,,,,,,5,1 tsp,1,,,Pure fat; energy at 9 kcal/g to match Indian label convention
F00557,STANDARD_REF,,"Coconut milk, canned",nariyal doodh,,Nuts and Oil Seeds,veg,raw,197,2.02,21.33,2.81,0,2.81,,,,,,60,1/4 cup,1,,,USDA SR Legacy typical value
F00558,STANDARD_REF,,"Chicken breast, raw, skinless (lean)",chicken breast,,Poultry,non-veg,raw,120,22.5,2.62,0,0,0,,,,,,150,1 serving (150 g raw),1,,,USDA SR Legacy typical value; leaner than the IFCT chicken entries
F00559,STANDARD_REF,,"Chicken breast, roasted, skinless",grilled chicken breast,,Poultry,non-veg,cooked,165,31.02,3.57,0,0,0,,,,,,100,100 g cooked,1,,,USDA SR Legacy typical value (cooked weight)
F00560,STANDARD_REF,,Whey protein powder (typical),whey; protein powder,,Miscellaneous Foods,veg,raw,400,80,6,8,0,8,,,,,,30,1 scoop (30 g),1,,,"Typical values; brands vary a lot, scan the barcode for your brand"
F00561,STANDARD_REF,,"Salt, table",namak,,Condiments and Spices,veg,raw,0,0,0,0,0,0,,,,38758,,1,1 pinch (1 g),1,,,"Sodium 38,758 mg per 100 g"
F00562,STANDARD_REF,,Water,paani,,Miscellaneous Foods,veg,raw,0,0,0,0,0,0,,,,,,250,1 glass,1,,,Used in recipes for yield
F00563,DERIVED,,"Rice, white, cooked (boiled)",cooked rice; chawal; annam,,Cereals and Millets,veg,cooked,132,2.94,0.19,30.02,1.04,28.98,,,,,,150,1 katori (150 g),1,2.7,A015,Estimated: IFCT A015 (raw) divided by a cooked/raw weight ratio of 2.7. Real values change with how much water you cook with
F00564,DERIVED,,"Rice, parboiled, cooked",cooked parboiled rice; sela rice,,Cereals and Millets,veg,cooked,130,2.89,0.2,29.96,1.39,28.58,,,,,,150,1 katori (150 g),1,2.7,A014,Estimated: IFCT A014 (raw) divided by a cooked/raw weight ratio of 2.7. Real values change with how much water you cook with
F00565,DERIVED,,"Rice, brown, cooked",cooked brown rice,,Cereals and Millets,veg,cooked,131,3.39,0.46,29.34,1.64,27.7,,,,,,150,1 katori (150 g),1,2.7,A013,Estimated: IFCT A013 (raw) divided by a cooked/raw weight ratio of 2.7. Real values change with how much water you cook with
F00566,DERIVED,,"Quinoa, cooked",cooked quinoa,,Cereals and Millets,veg,cooked,109,4.37,1.83,22.77,4.89,17.88,,,,,,150,1 katori,1,3.0,A009,Estimated: IFCT A009 (raw) divided by a cooked/raw weight ratio of 3.0. Real values change with how much water you cook with
F00567,DERIVED,,"Roti / chapati, plain (no ghee)",chapati; phulka; rotli; roti,,Cereals and Millets,veg,cooked,221,7.29,1.06,52.09,7.83,44.26,,,,,,40,1 medium roti (40 g),1,1.45,A019,Estimated: IFCT A019 (raw) divided by a cooked/raw weight ratio of 1.45. Real values change with how much water you cook with
F00568,DERIVED,,"Toor dal, cooked (thick, no tadka)",arhar dal; pappu; tuvar dal,,Grain Legumes,veg,cooked,110,7.23,0.52,21.43,3.02,18.41,,,,,,150,1 katori (150 g),1,3.0,B021,Estimated: IFCT B021 (raw) divided by a cooked/raw weight ratio of 3.0. Real values change with how much water you cook with
F00569,DERIVED,,"Moong dal, cooked (thick, no tadka)",yellow moong dal; pesara pappu,,Grain Legumes,veg,cooked,109,7.96,0.45,20.65,3.12,17.53,,,,,,150,1 katori (150 g),1,3.0,B010,Estimated: IFCT B010 (raw) divided by a cooked/raw weight ratio of 3.0. Real values change with how much water you cook with
F00570,DERIVED,,"Masoor dal, cooked (thick, no tadka)",red lentils,,Grain Legumes,veg,cooked,107,8.12,0.25,20.99,3.48,17.51,,,,,,150,1 katori (150 g),1,3.0,B013,Estimated: IFCT B013 (raw) divided by a cooked/raw weight ratio of 3.0. Real values change with how much water you cook with
F00571,DERIVED,,"Urad dal, cooked (thick, no tadka)",black gram dal,,Grain Legumes,veg,cooked,108,7.69,0.56,20.98,3.98,17.0,,,,,,150,1 katori (150 g),1,3.0,B003,Estimated: IFCT B003 (raw) divided by a cooked/raw weight ratio of 3.0. Real values change with how much water you cook with
F00572,DERIVED,,"Chana dal, cooked (thick, no tadka)",bengal gram dal,,Grain Legumes,veg,cooked,110,7.18,1.77,20.62,5.05,15.57,,,,,,150,1 katori (150 g),1,3.0,B001,Estimated: IFCT B001 (raw) divided by a cooked/raw weight ratio of 3.0. Real values change with how much water you cook with
F00573,DERIVED,,"Rajma, boiled",kidney beans boiled,,Grain Legumes,veg,cooked,124,8.12,0.7,27.41,7.06,20.35,,,,,,150,1 katori (150 g),1,2.4,B019,Estimated: IFCT B019 (raw) divided by a cooked/raw weight ratio of 2.4. Real values change with how much water you cook with
F00574,DERIVED,,"Kala chana, boiled",black chickpeas boiled; chole (plain),,Grain Legumes,veg,cooked,125,8.16,2.22,28.17,10.97,17.2,,,,,,100,1/2 katori (100 g),1,2.3,B002,Estimated: IFCT B002 (raw) divided by a cooked/raw weight ratio of 2.3. Real values change with how much water you cook with
F00575,DERIVED,,"Moong (whole), boiled",green gram boiled; sprouts boiled,,Grain Legumes,veg,cooked,118,9.01,0.46,25.27,6.82,18.45,,,,,,100,1/2 katori (100 g),1,2.5,B011,Estimated: IFCT B011 (raw) divided by a cooked/raw weight ratio of 2.5. Real values change with how much water you cook with